worker_count,trial,run_id,job_id,claim_transaction_latency_ms
1,1,5477ee2c-8dc7-4ec2-9c1d-cf8e9bf186fa,0036359f-f844-4922-9033-26971b30aeec,2.492
1,1,5477ee2c-8dc7-4ec2-9c1d-cf8e9bf186fa,008cec54-983f-4cd0-842c-ab0bd6766575,2.474
1,1,5477ee2c-8dc7-4ec2-9c1d-cf8e9bf186fa,00a5e6b3-bc7e-466a-9086-83ab0cbb254b,2.7
1,1,5477ee2c-8dc7-4ec2-9c1d-cf8e9bf186fa,0124ab1a-9ed5-414f-9a42-5de2a3f487d9,2.681
1,1,5477ee2c-8dc7-4ec2-9c1d-cf8e9bf186fa,013a3382-52e6-4cd3-a2c4-1ed2ba7704bb,3.701
1,1,5477ee2c-8dc7-4ec2-9c1d-cf8e9bf186fa,02281b11-df3a-46a4-9adf-c7f4eaec4081,3.89
1,1,5477ee2c-8dc7-4ec2-9c1d-cf8e9bf186fa,024aae74-cb8e-477f-adf0-ffe46e7c02d7,3.868
1,1,5477ee2c-8dc7-4ec2-9c1d-cf8e9bf186fa,0315c4e4-1c81-432b-a6f3-a7c33b898675,4.201
1,1,5477ee2c-8dc7-4ec2-9c1d-cf8e9bf186fa,04552438-daf0-43cd-a6f8-f8927ab0999e,2.814
1,1,5477ee2c-8dc7-4ec2-9c1d-cf8e9bf186fa,04a7f654-d839-4b07-84de-47e886fe00a0,1.9
1,1,5477ee2c-8dc7-4ec2-9c1d-cf8e9bf186fa,04c17959-ce78-45b3-a708-e2f97ce59392,1.859
1,1,5477ee2c-8dc7-4ec2-9c1d-cf8e9bf186fa,04d3c13b-6ea9-417c-ae32-ea7e47388788,1.577
1,1,5477ee2c-8dc7-4ec2-9c1d-cf8e9bf186fa,04d56fc2-1a0b-4032-af53-975024b9ff24,1.866
1,1,5477ee2c-8dc7-4ec2-9c1d-cf8e9bf186fa,05ccc0fe-ed7b-47f7-8307-91b475e89def,2.155
1,1,5477ee2c-8dc7-4ec2-9c1d-cf8e9bf186fa,05d5b318-f99b-4316-85c5-ed07d165e023,2.255
1,1,5477ee2c-8dc7-4ec2-9c1d-cf8e9bf186fa,0615969c-7476-493b-836b-1c6781e4cb8d,2.23
1,1,5477ee2c-8dc7-4ec2-9c1d-cf8e9bf186fa,064a6f3b-8e8e-4cb3-bf7e-a048da446074,3.509
1,1,5477ee2c-8dc7-4ec2-9c1d-cf8e9bf186fa,06509824-5943-4e25-b9fe-b36fd69c9006,4.753
1,1,5477ee2c-8dc7-4ec2-9c1d-cf8e9bf186fa,068aa1dd-80e5-4cd9-bff6-2193f7530245,3.341
1,1,5477ee2c-8dc7-4ec2-9c1d-cf8e9bf186fa,06c9d9c0-8e68-4cae-9984-5e33e47fac82,3.362
1,1,5477ee2c-8dc7-4ec2-9c1d-cf8e9bf186fa,0794f125-1fff-4f12-8ff7-6e9fae57beb8,2.861
1,1,5477ee2c-8dc7-4ec2-9c1d-cf8e9bf186fa,080de9b8-9ab4-48c9-9cbd-01cfe3a6da4f,3.417
1,1,5477ee2c-8dc7-4ec2-9c1d-cf8e9bf186fa,0887a62c-8eb6-4da5-939c-357ddd8eca0f,2.054
1,1,5477ee2c-8dc7-4ec2-9c1d-cf8e9bf186fa,08d5bc63-3ad5-45f4-8a0a-6b58d20dd2d0,1.619
1,1,5477ee2c-8dc7-4ec2-9c1d-cf8e9bf186fa,090963d9-3ec2-474f-ab6e-082f8660eb84,1.539
1,1,5477ee2c-8dc7-4ec2-9c1d-cf8e9bf186fa,095b564d-7822-4a8c-8f79-a03799125a01,1.746
1,1,5477ee2c-8dc7-4ec2-9c1d-cf8e9bf186fa,096a2c93-35d1-43ac-a368-8f35969c1d68,2.936
1,1,5477ee2c-8dc7-4ec2-9c1d-cf8e9bf186fa,09c75871-065a-402c-83a3-ebbd2fab621b,2.845
1,1,5477ee2c-8dc7-4ec2-9c1d-cf8e9bf186fa,09daacb9-ca8c-4cf1-b457-de25f053af39,4.03
1,1,5477ee2c-8dc7-4ec2-9c1d-cf8e9bf186fa,09e34ebb-78cb-4c7f-99dc-16fd9facca7c,3.906
1,1,5477ee2c-8dc7-4ec2-9c1d-cf8e9bf186fa,0ae00d0f-3317-4aa4-b64b-956669eabed1,3.61
1,1,5477ee2c-8dc7-4ec2-9c1d-cf8e9bf186fa,0af1766d-7eb8-4a59-bce1-850488c6b190,3.39
1,1,5477ee2c-8dc7-4ec2-9c1d-cf8e9bf186fa,0b2d7684-2dd0-4e92-bd81-482a9d39b939,2.591
1,1,5477ee2c-8dc7-4ec2-9c1d-cf8e9bf186fa,0b590258-0b80-451b-be97-8eec21cfc286,3.42
1,1,5477ee2c-8dc7-4ec2-9c1d-cf8e9bf186fa,0b5c826a-62f5-4bec-b61b-a036fd1f525a,2.098
1,1,5477ee2c-8dc7-4ec2-9c1d-cf8e9bf186fa,0b767dfa-d135-4c36-979b-690030f9e28d,1.667
1,1,5477ee2c-8dc7-4ec2-9c1d-cf8e9bf186fa,0b7c6c98-2e6f-4b91-80cf-92de13ee44f5,1.639
1,1,5477ee2c-8dc7-4ec2-9c1d-cf8e9bf186fa,0c16231b-6f88-41c9-b1d5-4d16fa052367,1.843
1,1,5477ee2c-8dc7-4ec2-9c1d-cf8e9bf186fa,0c220cd3-704d-4184-b9c9-857b9520f08f,1.507
1,1,5477ee2c-8dc7-4ec2-9c1d-cf8e9bf186fa,0c9d8531-5adf-4a82-8b0e-82dba8fd2854,1.3
1,1,5477ee2c-8dc7-4ec2-9c1d-cf8e9bf186fa,0cbe5b9f-69df-4e26-b760-17f043079abe,1.202
1,1,5477ee2c-8dc7-4ec2-9c1d-cf8e9bf186fa,0ccc529e-cc8a-4ed8-b8d4-6b5787bc0835,1.243
1,1,5477ee2c-8dc7-4ec2-9c1d-cf8e9bf186fa,0d1e165d-6a55-4069-8a56-ac58e015b7d5,1.298
1,1,5477ee2c-8dc7-4ec2-9c1d-cf8e9bf186fa,0d4a3180-18d0-4d9d-81a9-7b3e30535b5a,1.042
1,1,5477ee2c-8dc7-4ec2-9c1d-cf8e9bf186fa,0e28ad97-d06e-4346-ba3e-ed97fe9c4c53,1.198
1,1,5477ee2c-8dc7-4ec2-9c1d-cf8e9bf186fa,0e3ef2d0-6807-4fda-865a-cf431e0110f8,1.29
1,1,5477ee2c-8dc7-4ec2-9c1d-cf8e9bf186fa,0e7a54b6-cfc4-4013-8f25-5223ef08ae4e,1.683
1,1,5477ee2c-8dc7-4ec2-9c1d-cf8e9bf186fa,0f6e7fc7-a3e8-480c-a354-3a80280e3225,1.76
1,1,5477ee2c-8dc7-4ec2-9c1d-cf8e9bf186fa,0f8dc908-a89d-4f92-bf06-d5d319d2d3f7,1.201
1,1,5477ee2c-8dc7-4ec2-9c1d-cf8e9bf186fa,0fae5b8a-ce90-4a2c-bd86-768def55bb7e,1.33
1,1,5477ee2c-8dc7-4ec2-9c1d-cf8e9bf186fa,0fba24bb-74eb-4142-817c-6931e5067236,1.546
1,1,5477ee2c-8dc7-4ec2-9c1d-cf8e9bf186fa,0fbf48e7-ed37-47d7-af3e-1dc24a7d5d35,1.643
1,1,5477ee2c-8dc7-4ec2-9c1d-cf8e9bf186fa,118f4430-5c9d-42ba-a9d2-e735391c851d,2.242
1,1,5477ee2c-8dc7-4ec2-9c1d-cf8e9bf186fa,12fdd98b-60bd-4376-b91c-0b0f6419742a,3.089
1,1,5477ee2c-8dc7-4ec2-9c1d-cf8e9bf186fa,136f625a-fe25-44a7-a6db-1cf0241fd0f6,1.998
1,1,5477ee2c-8dc7-4ec2-9c1d-cf8e9bf186fa,1378af79-ff9f-4cf3-9457-ffd5d300fb3d,1.839
1,1,5477ee2c-8dc7-4ec2-9c1d-cf8e9bf186fa,13cc6492-4479-4dc7-9c06-231f4912b8de,1.971
1,1,5477ee2c-8dc7-4ec2-9c1d-cf8e9bf186fa,14c0b1c9-01b5-4a0e-a5aa-751ba91a06f7,2.257
1,1,5477ee2c-8dc7-4ec2-9c1d-cf8e9bf186fa,152f6c74-69e7-4705-94b7-bd09a3a1c38e,1.664
1,1,5477ee2c-8dc7-4ec2-9c1d-cf8e9bf186fa,158b8ec7-f1d7-4f53-9d63-6da8efe1dc9d,2.094
1,1,5477ee2c-8dc7-4ec2-9c1d-cf8e9bf186fa,15de63ff-639b-494a-b273-37ffaa669251,1.837
1,1,5477ee2c-8dc7-4ec2-9c1d-cf8e9bf186fa,15e73e1a-197b-4b3b-bd06-76cc185dabcf,1.795
1,1,5477ee2c-8dc7-4ec2-9c1d-cf8e9bf186fa,162ee6b5-2930-4c16-9fa3-6e096cdf128a,1.679
1,1,5477ee2c-8dc7-4ec2-9c1d-cf8e9bf186fa,16537bbb-e4ef-40f9-8a5c-ef28517ae5ea,2.019
1,1,5477ee2c-8dc7-4ec2-9c1d-cf8e9bf186fa,165580c3-74d2-4fca-b333-136456a5754b,2.191
1,1,5477ee2c-8dc7-4ec2-9c1d-cf8e9bf186fa,1760f471-1eb0-4735-a96b-70ee801fb90b,3.429
1,1,5477ee2c-8dc7-4ec2-9c1d-cf8e9bf186fa,18278fd5-f296-4e23-903b-f062e5d93acb,3.936
1,1,5477ee2c-8dc7-4ec2-9c1d-cf8e9bf186fa,1855f3ad-0b94-4c33-9dfb-5f3e24bbd7ab,3.027
1,1,5477ee2c-8dc7-4ec2-9c1d-cf8e9bf186fa,190bfad2-de6e-44d2-b954-fc069518a049,4.512
1,1,5477ee2c-8dc7-4ec2-9c1d-cf8e9bf186fa,190fabed-be59-4b4e-a66e-ea510704da17,2.919
1,1,5477ee2c-8dc7-4ec2-9c1d-cf8e9bf186fa,1a25ab01-6a7d-42ee-a18f-7512607ac48b,3.754
1,1,5477ee2c-8dc7-4ec2-9c1d-cf8e9bf186fa,1a49e8e4-a32e-4741-8f1d-65bb06c8bbad,1.728
1,1,5477ee2c-8dc7-4ec2-9c1d-cf8e9bf186fa,1a8263bd-3bc5-4f38-b2ad-4c4169bd120b,2.18
1,1,5477ee2c-8dc7-4ec2-9c1d-cf8e9bf186fa,1ad4272b-8dad-425f-a925-ebf6d2d70c2e,1.583
1,1,5477ee2c-8dc7-4ec2-9c1d-cf8e9bf186fa,1adb7e9d-8691-4f1c-baed-481bd5a48959,1.668
1,1,5477ee2c-8dc7-4ec2-9c1d-cf8e9bf186fa,1bd16cbe-fbe5-4009-8d36-b3edf5bb1809,1.99
1,1,5477ee2c-8dc7-4ec2-9c1d-cf8e9bf186fa,1d22e3df-37b8-4fae-ab07-db134abf26d0,3.577
1,1,5477ee2c-8dc7-4ec2-9c1d-cf8e9bf186fa,1e6b93a8-76b3-4ca6-935f-9d9ca0f3115f,3.353
1,1,5477ee2c-8dc7-4ec2-9c1d-cf8e9bf186fa,1ed19f23-fab2-4d29-aee9-6fbb63323f87,3.072
1,1,5477ee2c-8dc7-4ec2-9c1d-cf8e9bf186fa,1f45e4d3-dfb6-4688-8b33-fdadf65fb4e4,3.024
1,1,5477ee2c-8dc7-4ec2-9c1d-cf8e9bf186fa,1f65803a-1838-45ff-b4c3-c4c0efb079f0,3.507
1,1,5477ee2c-8dc7-4ec2-9c1d-cf8e9bf186fa,1fd2268b-acd9-4a5c-b80c-69a89a09f431,4.069
1,1,5477ee2c-8dc7-4ec2-9c1d-cf8e9bf186fa,20a6d382-0baf-4a5b-b0ba-bd47031d35ce,3.581
1,1,5477ee2c-8dc7-4ec2-9c1d-cf8e9bf186fa,20fc2397-6cae-4d36-a42b-0bcec712003f,1.855
1,1,5477ee2c-8dc7-4ec2-9c1d-cf8e9bf186fa,21598d45-a5be-4d9f-8c9c-6781834b2c9d,1.541
1,1,5477ee2c-8dc7-4ec2-9c1d-cf8e9bf186fa,2285de3d-840b-43ab-9aa3-9e27f20236b7,1.683
1,1,5477ee2c-8dc7-4ec2-9c1d-cf8e9bf186fa,228f235f-6901-4fe2-90e2-3af395b2ad42,1.825
1,1,5477ee2c-8dc7-4ec2-9c1d-cf8e9bf186fa,22f8bc8c-4f83-4b10-90d4-22016b07be71,1.861
1,1,5477ee2c-8dc7-4ec2-9c1d-cf8e9bf186fa,22fda31f-c6d8-435a-aef4-8ba0b9a7bc98,2.317
1,1,5477ee2c-8dc7-4ec2-9c1d-cf8e9bf186fa,23357269-019a-4d01-9180-74164a0a1fb9,3.039
1,1,5477ee2c-8dc7-4ec2-9c1d-cf8e9bf186fa,236715b9-2743-4302-aee6-57535bcf1fc4,3.63
1,1,5477ee2c-8dc7-4ec2-9c1d-cf8e9bf186fa,23add85a-e9c5-4e51-abd4-7f83dd1bde48,3.566
1,1,5477ee2c-8dc7-4ec2-9c1d-cf8e9bf186fa,23d79b2e-a8bc-4e05-803e-dd0f8b3a5c40,3.778
1,1,5477ee2c-8dc7-4ec2-9c1d-cf8e9bf186fa,240969ab-9c60-40e9-b1cb-37daacbaa0b8,3.516
1,1,5477ee2c-8dc7-4ec2-9c1d-cf8e9bf186fa,243aec2d-8e06-48c1-814c-e7e3fd7cc9a5,2.935
1,1,5477ee2c-8dc7-4ec2-9c1d-cf8e9bf186fa,25019c93-84b0-4ead-9dab-55e19153d916,1.783
1,1,5477ee2c-8dc7-4ec2-9c1d-cf8e9bf186fa,256c117b-0f00-4df0-bf65-d5af98d94d0e,1.521
1,1,5477ee2c-8dc7-4ec2-9c1d-cf8e9bf186fa,262691ba-5533-44a6-8d3d-014f0bd37cc0,1.387
1,1,5477ee2c-8dc7-4ec2-9c1d-cf8e9bf186fa,2701d69c-f820-4487-87b0-3abb89dee170,1.523
1,1,5477ee2c-8dc7-4ec2-9c1d-cf8e9bf186fa,27214240-9e69-4aff-bcd8-9ccc8508dff5,1.917
1,1,5477ee2c-8dc7-4ec2-9c1d-cf8e9bf186fa,27a2fe23-299a-48ae-9cf6-7a2f433e1c26,2.363
1,1,5477ee2c-8dc7-4ec2-9c1d-cf8e9bf186fa,287706af-7da1-4fd9-ad57-8cf68282ad15,3.604
1,1,5477ee2c-8dc7-4ec2-9c1d-cf8e9bf186fa,288e2ad2-b1a8-450f-8156-5afdd5d6c2f7,4.013
1,1,5477ee2c-8dc7-4ec2-9c1d-cf8e9bf186fa,290b21e1-0b7d-42c7-b21c-562c0429943c,3.04
1,1,5477ee2c-8dc7-4ec2-9c1d-cf8e9bf186fa,29737711-fa54-4bd7-b157-cf045e9ac518,3.691
1,1,5477ee2c-8dc7-4ec2-9c1d-cf8e9bf186fa,2a5e2c19-be8a-4984-94d5-1fe361876e0a,3.197
1,1,5477ee2c-8dc7-4ec2-9c1d-cf8e9bf186fa,2a8bf6cc-02a0-4397-aa4d-d46ae7b3e975,3.142
1,1,5477ee2c-8dc7-4ec2-9c1d-cf8e9bf186fa,2a8e2ed9-f1d7-4689-b6fa-6c8d7332edbb,1.954
1,1,5477ee2c-8dc7-4ec2-9c1d-cf8e9bf186fa,2ab64c33-11bc-451b-82fe-e97fd8e77661,1.231
1,1,5477ee2c-8dc7-4ec2-9c1d-cf8e9bf186fa,2be8b443-bdd4-43a7-8b10-207a7d928322,1.285
1,1,5477ee2c-8dc7-4ec2-9c1d-cf8e9bf186fa,2bf299d9-e852-4ee1-b761-4c6c17d9d829,1.252
1,1,5477ee2c-8dc7-4ec2-9c1d-cf8e9bf186fa,2cadfb53-9450-4cdb-8e96-d194c30eaac1,1.093
1,1,5477ee2c-8dc7-4ec2-9c1d-cf8e9bf186fa,2d28b342-1656-400d-a854-083e9af8a586,1.037
1,1,5477ee2c-8dc7-4ec2-9c1d-cf8e9bf186fa,2d6a301e-31d9-485e-b2b7-6adff589550c,1.047
1,1,5477ee2c-8dc7-4ec2-9c1d-cf8e9bf186fa,2d9be798-0a8a-4699-8732-b79cac3a6c64,1.277
1,1,5477ee2c-8dc7-4ec2-9c1d-cf8e9bf186fa,2e115582-87c6-43c0-a5b5-9455a137369a,1.451
1,1,5477ee2c-8dc7-4ec2-9c1d-cf8e9bf186fa,2e1bed4e-97c1-4c8f-a9f2-447466569e03,1.642
1,1,5477ee2c-8dc7-4ec2-9c1d-cf8e9bf186fa,2f1b3fe1-1f66-4bff-b636-738176aa0e79,1.671
1,1,5477ee2c-8dc7-4ec2-9c1d-cf8e9bf186fa,2f3b11cd-daac-4e21-b2d2-3f9393866f49,1.534
1,1,5477ee2c-8dc7-4ec2-9c1d-cf8e9bf186fa,2fbff53f-7176-497a-acca-9c5ab0b67a41,2.02
1,1,5477ee2c-8dc7-4ec2-9c1d-cf8e9bf186fa,302e4155-6a86-4e8e-a436-dcce8cb3daac,1.505
1,1,5477ee2c-8dc7-4ec2-9c1d-cf8e9bf186fa,3040ace5-6e4a-4f7d-af0e-2c24b6ed8c33,1.646
1,1,5477ee2c-8dc7-4ec2-9c1d-cf8e9bf186fa,305e6d3c-46c1-4fcc-b5ef-9fee3fcc47a2,1.49
1,1,5477ee2c-8dc7-4ec2-9c1d-cf8e9bf186fa,3076513a-0150-419b-9013-6aacbb5c90cf,1.728
1,1,5477ee2c-8dc7-4ec2-9c1d-cf8e9bf186fa,30b28284-1834-4aa8-80b0-71c859dacab5,2.044
1,1,5477ee2c-8dc7-4ec2-9c1d-cf8e9bf186fa,30ef050b-4aa6-4514-a252-d196e170113b,2.49
1,1,5477ee2c-8dc7-4ec2-9c1d-cf8e9bf186fa,312d139b-dc81-4f34-8809-41e10762e785,3.676
1,1,5477ee2c-8dc7-4ec2-9c1d-cf8e9bf186fa,319d5468-5808-4bdd-8e91-30ce70acdcf6,3.161
1,1,5477ee2c-8dc7-4ec2-9c1d-cf8e9bf186fa,32e3f7df-1a7a-4418-a431-eafdcaa6477f,4.185
1,1,5477ee2c-8dc7-4ec2-9c1d-cf8e9bf186fa,3374f033-b4e3-471e-ad3d-6980b326c9a4,3.281
1,1,5477ee2c-8dc7-4ec2-9c1d-cf8e9bf186fa,33824c63-f65f-4818-8793-0c731efe019b,2.772
1,1,5477ee2c-8dc7-4ec2-9c1d-cf8e9bf186fa,34120ed6-5b5d-455d-a17a-e47ce6235e49,2.369
1,1,5477ee2c-8dc7-4ec2-9c1d-cf8e9bf186fa,3416371c-5fe3-4f57-8adf-26de6149e041,2.802
1,1,5477ee2c-8dc7-4ec2-9c1d-cf8e9bf186fa,34478f14-e31f-416a-877c-e98ba155ee76,1.821
1,1,5477ee2c-8dc7-4ec2-9c1d-cf8e9bf186fa,35825140-90a1-4aab-83ed-8f67c0240799,1.668
1,1,5477ee2c-8dc7-4ec2-9c1d-cf8e9bf186fa,35cfe8c3-7224-4764-a738-f6ac292b671f,1.663
1,1,5477ee2c-8dc7-4ec2-9c1d-cf8e9bf186fa,35f21642-d6d6-4fd2-af64-e2ef5a9f2dca,1.931
1,1,5477ee2c-8dc7-4ec2-9c1d-cf8e9bf186fa,36326fcb-5706-4eb2-846c-4f6e858a1b89,1.895
1,1,5477ee2c-8dc7-4ec2-9c1d-cf8e9bf186fa,36575894-9f17-49b0-9dc8-78e24455d9cb,2.686
1,1,5477ee2c-8dc7-4ec2-9c1d-cf8e9bf186fa,36a4b808-a4a4-46cb-bfb6-8af907fb1ac1,3.53
1,1,5477ee2c-8dc7-4ec2-9c1d-cf8e9bf186fa,373077c8-16e3-4fe2-9c44-f79dcd7228da,3.163
1,1,5477ee2c-8dc7-4ec2-9c1d-cf8e9bf186fa,375fd57d-069d-4a6a-8f99-c87cfe3e4bea,3.635
1,1,5477ee2c-8dc7-4ec2-9c1d-cf8e9bf186fa,379a3ab3-0ccf-4d20-969a-d9e588a37d57,3.606
1,1,5477ee2c-8dc7-4ec2-9c1d-cf8e9bf186fa,38261edf-22bb-404d-9ee1-4f8da87d2b0d,2.336
1,1,5477ee2c-8dc7-4ec2-9c1d-cf8e9bf186fa,38dd35c5-6125-4c0f-98fd-8fa250f0b4d9,2.025
1,1,5477ee2c-8dc7-4ec2-9c1d-cf8e9bf186fa,394318b5-ac3c-4d12-8a29-400080949f78,1.697
1,1,5477ee2c-8dc7-4ec2-9c1d-cf8e9bf186fa,39ac9484-13e9-4f58-90e1-35a292c77e5e,2.033
1,1,5477ee2c-8dc7-4ec2-9c1d-cf8e9bf186fa,3a20ca7c-e8d6-4d97-b1bc-d8bd1ff370a9,1.819
1,1,5477ee2c-8dc7-4ec2-9c1d-cf8e9bf186fa,3a2d9442-d28d-4dcd-a234-5cc9c0047830,1.471
1,1,5477ee2c-8dc7-4ec2-9c1d-cf8e9bf186fa,3aaed105-4bc7-4a02-a834-62f2982b0c69,1.835
1,1,5477ee2c-8dc7-4ec2-9c1d-cf8e9bf186fa,3aca5691-7e85-4659-858d-641e11049f6a,2.157
1,1,5477ee2c-8dc7-4ec2-9c1d-cf8e9bf186fa,3b68bc55-bad5-4fe0-903f-405fa4e62f38,3.726
1,1,5477ee2c-8dc7-4ec2-9c1d-cf8e9bf186fa,3b81979e-4907-42a8-946e-3c76c4dd01ba,3.325
1,1,5477ee2c-8dc7-4ec2-9c1d-cf8e9bf186fa,3c41adc3-cbcb-4827-9957-6ae3b644e0b5,3.523
1,1,5477ee2c-8dc7-4ec2-9c1d-cf8e9bf186fa,3c46affb-df8e-449e-9d8b-5db17afd41df,2.954
1,1,5477ee2c-8dc7-4ec2-9c1d-cf8e9bf186fa,3c938ac9-fdd8-4213-943e-0fa17287893f,2.599
1,1,5477ee2c-8dc7-4ec2-9c1d-cf8e9bf186fa,3cda8859-56a9-4837-9644-8306329a6821,2.919
1,1,5477ee2c-8dc7-4ec2-9c1d-cf8e9bf186fa,3cfc900e-fe4a-42d3-a58b-9ae0602a438f,1.737
1,1,5477ee2c-8dc7-4ec2-9c1d-cf8e9bf186fa,3d353e54-de09-4420-9ff4-6a10fa868b13,1.5
1,1,5477ee2c-8dc7-4ec2-9c1d-cf8e9bf186fa,3d7c0045-b808-4881-9cb0-62b8138aade4,1.626
1,1,5477ee2c-8dc7-4ec2-9c1d-cf8e9bf186fa,3e0ba65e-3e1f-4d45-98c2-235ffd73e1e2,1.645
1,1,5477ee2c-8dc7-4ec2-9c1d-cf8e9bf186fa,411843cb-d7c5-4a9a-88be-64b04d5e3b49,1.935
1,1,5477ee2c-8dc7-4ec2-9c1d-cf8e9bf186fa,4158cd09-ca99-4874-b630-231f44ef1fd8,2.342
1,1,5477ee2c-8dc7-4ec2-9c1d-cf8e9bf186fa,41c95fbe-ff33-4be2-b247-cd8b9cf5e6f7,3.538
1,1,5477ee2c-8dc7-4ec2-9c1d-cf8e9bf186fa,421ee700-1854-46ef-984a-b5d435d15deb,3.468
1,1,5477ee2c-8dc7-4ec2-9c1d-cf8e9bf186fa,42abf43a-5df1-4be0-af80-f1144b12b488,3.398
1,1,5477ee2c-8dc7-4ec2-9c1d-cf8e9bf186fa,42bd6989-8ba2-4517-ba8f-f35955a0de9a,3.26
1,1,5477ee2c-8dc7-4ec2-9c1d-cf8e9bf186fa,42f22ac5-257b-49e7-b0ae-d9593201590c,2.977
1,1,5477ee2c-8dc7-4ec2-9c1d-cf8e9bf186fa,43e289c3-8dfd-4f25-96bd-0d6c97d4d413,3.414
1,1,5477ee2c-8dc7-4ec2-9c1d-cf8e9bf186fa,447e67ce-279b-4bb4-aed0-ef3fbc23225e,1.762
1,1,5477ee2c-8dc7-4ec2-9c1d-cf8e9bf186fa,44fd86a9-35a5-4394-be65-720322645e14,1.803
1,1,5477ee2c-8dc7-4ec2-9c1d-cf8e9bf186fa,45fa590d-9453-4b30-8540-c557683193a9,1.462
1,1,5477ee2c-8dc7-4ec2-9c1d-cf8e9bf186fa,47861f1e-3823-4b64-b0e0-4c0b6cc454c4,1.602
1,1,5477ee2c-8dc7-4ec2-9c1d-cf8e9bf186fa,47a2f730-0d9b-4d50-9715-20c0e85dd452,2.006
1,1,5477ee2c-8dc7-4ec2-9c1d-cf8e9bf186fa,49b38581-d6ff-450b-923c-404d3694b7a0,2.283
1,1,5477ee2c-8dc7-4ec2-9c1d-cf8e9bf186fa,4a0ccc8d-d40e-447a-afbd-850a99a407c8,3.346
1,1,5477ee2c-8dc7-4ec2-9c1d-cf8e9bf186fa,4a6147a7-4967-42e9-b71a-85b54f174cd7,2.158
1,1,5477ee2c-8dc7-4ec2-9c1d-cf8e9bf186fa,4a88fd4b-34f2-4a8c-9548-cd27e5131996,1.593
1,1,5477ee2c-8dc7-4ec2-9c1d-cf8e9bf186fa,4bc4f3f7-3618-446c-b453-07d1b5edab7a,1.273
1,1,5477ee2c-8dc7-4ec2-9c1d-cf8e9bf186fa,4d6a27af-475f-4db3-a579-4bed9459273f,0.985
1,1,5477ee2c-8dc7-4ec2-9c1d-cf8e9bf186fa,4dc85f97-ef95-4ccc-b192-578758068b60,1.183
1,1,5477ee2c-8dc7-4ec2-9c1d-cf8e9bf186fa,4e289667-1bd4-4ed7-a418-defd43d30a29,1.023
1,1,5477ee2c-8dc7-4ec2-9c1d-cf8e9bf186fa,4e9c2208-a02f-43bb-9ee7-c16de430fea9,1.017
1,1,5477ee2c-8dc7-4ec2-9c1d-cf8e9bf186fa,4eaf28ea-7394-43bb-91d6-7ee763c7bf48,1.061
1,1,5477ee2c-8dc7-4ec2-9c1d-cf8e9bf186fa,4fb89079-e689-4920-a251-f858df6ec2c9,1.286
1,1,5477ee2c-8dc7-4ec2-9c1d-cf8e9bf186fa,50c42704-8f2b-4cc7-88fe-1ce59ce2661f,1.253
1,1,5477ee2c-8dc7-4ec2-9c1d-cf8e9bf186fa,518599a6-f64b-4962-98c5-6246dad33ce1,1.155
1,1,5477ee2c-8dc7-4ec2-9c1d-cf8e9bf186fa,5225d5fa-cfb2-4d92-80aa-b8bb57b5a63e,1.206
1,1,5477ee2c-8dc7-4ec2-9c1d-cf8e9bf186fa,5293ba1c-d444-4c71-9dea-3edb59b9fa3d,1.326
1,1,5477ee2c-8dc7-4ec2-9c1d-cf8e9bf186fa,52eb315e-bb2a-4eaf-a909-3b4d8694b84c,1.933
1,1,5477ee2c-8dc7-4ec2-9c1d-cf8e9bf186fa,531d9358-6150-4cba-8ada-0bae186bbc20,1.907
1,1,5477ee2c-8dc7-4ec2-9c1d-cf8e9bf186fa,532ca581-59e2-48cb-b93a-e5e7ca9b00fc,3.379
1,1,5477ee2c-8dc7-4ec2-9c1d-cf8e9bf186fa,53ccdc68-0ecd-4d0b-9f19-dbe1a0a908df,2.602
1,1,5477ee2c-8dc7-4ec2-9c1d-cf8e9bf186fa,544da79b-4286-41eb-88a8-606f775915ad,1.733
1,1,5477ee2c-8dc7-4ec2-9c1d-cf8e9bf186fa,5478b47b-ba6e-449b-a6d1-e260d4bbf68e,1.657
1,1,5477ee2c-8dc7-4ec2-9c1d-cf8e9bf186fa,547b5b06-789d-4424-aa00-1cc2f27c797a,1.53
1,1,5477ee2c-8dc7-4ec2-9c1d-cf8e9bf186fa,54a0e6c7-79aa-4f09-992e-747809d0b015,1.574
1,1,5477ee2c-8dc7-4ec2-9c1d-cf8e9bf186fa,55941eca-fe2a-4c20-b230-c23e9f94b525,1.688
1,1,5477ee2c-8dc7-4ec2-9c1d-cf8e9bf186fa,561e595f-8e84-4a20-92f2-11c07d4ae422,1.854
1,1,5477ee2c-8dc7-4ec2-9c1d-cf8e9bf186fa,57de2b94-4465-4811-98f4-f02e2768bd68,2.389
1,1,5477ee2c-8dc7-4ec2-9c1d-cf8e9bf186fa,580a6846-0298-46af-9505-55e4cedd897c,2.801
1,1,5477ee2c-8dc7-4ec2-9c1d-cf8e9bf186fa,586f0637-3b75-46bf-bd90-2119b8a4b166,3.941
1,1,5477ee2c-8dc7-4ec2-9c1d-cf8e9bf186fa,5978bcb6-1178-4438-9e5b-e3c9a61384d1,3.097
1,1,5477ee2c-8dc7-4ec2-9c1d-cf8e9bf186fa,59c3152d-8f4f-4429-8024-df2988b8c0c8,3.562
1,1,5477ee2c-8dc7-4ec2-9c1d-cf8e9bf186fa,59d0f32a-bad2-4220-96c2-dc4df8ceca45,2.8
1,1,5477ee2c-8dc7-4ec2-9c1d-cf8e9bf186fa,5a9048ce-d622-4de2-9f63-bc9ce22e9bb2,1.607
1,1,5477ee2c-8dc7-4ec2-9c1d-cf8e9bf186fa,5af2081b-a649-44cb-b06a-0884546433d6,1.814
1,1,5477ee2c-8dc7-4ec2-9c1d-cf8e9bf186fa,5b3211e9-2466-4fea-bbb4-6fcdc7d9b671,1.455
1,1,5477ee2c-8dc7-4ec2-9c1d-cf8e9bf186fa,5bf4424d-aa43-4b4f-a424-af6ce86d0991,1.599
1,1,5477ee2c-8dc7-4ec2-9c1d-cf8e9bf186fa,5c27f254-42f6-445e-98b6-e6ee8abbdf94,1.983
1,1,5477ee2c-8dc7-4ec2-9c1d-cf8e9bf186fa,5c4d99b7-8b68-4846-ac89-aae95d4cfc35,2.023
1,1,5477ee2c-8dc7-4ec2-9c1d-cf8e9bf186fa,5d48bec3-52f5-4595-960b-3e038f73c18d,2.229
1,1,5477ee2c-8dc7-4ec2-9c1d-cf8e9bf186fa,5da39c7e-d0a8-48d3-80e4-2602f6427d6c,3.1
1,1,5477ee2c-8dc7-4ec2-9c1d-cf8e9bf186fa,5da7a3a8-a89f-499b-98b8-62f55b47de3b,3.034
1,1,5477ee2c-8dc7-4ec2-9c1d-cf8e9bf186fa,5dc051d8-00f8-4788-b4eb-ddfca9604547,3.064
1,1,5477ee2c-8dc7-4ec2-9c1d-cf8e9bf186fa,5e33fd39-97e2-479c-8639-2da15d3f8f2a,3.426
1,1,5477ee2c-8dc7-4ec2-9c1d-cf8e9bf186fa,5f009364-4242-4c64-be95-a454a8533882,3.633
1,1,5477ee2c-8dc7-4ec2-9c1d-cf8e9bf186fa,5f081187-5bf1-4622-8061-844925ca00c8,2.296
1,1,5477ee2c-8dc7-4ec2-9c1d-cf8e9bf186fa,5f0c6701-38a4-4257-9e6f-c05132f86440,1.648
1,1,5477ee2c-8dc7-4ec2-9c1d-cf8e9bf186fa,5f3ca180-6cdc-4b23-b980-40a083aadce6,1.525
1,1,5477ee2c-8dc7-4ec2-9c1d-cf8e9bf186fa,5fcbe6c8-d6a2-4ba0-a76d-0611daeef707,1.5
1,1,5477ee2c-8dc7-4ec2-9c1d-cf8e9bf186fa,6090e8bb-ea26-4ba6-bad8-1b94ae758907,1.918
1,1,5477ee2c-8dc7-4ec2-9c1d-cf8e9bf186fa,627886b4-33de-45a8-89e8-68a1dcf0729a,1.92
1,1,5477ee2c-8dc7-4ec2-9c1d-cf8e9bf186fa,634a26f7-9ea9-4c11-8dd6-86a1329a321a,2.313
1,1,5477ee2c-8dc7-4ec2-9c1d-cf8e9bf186fa,6382e8c3-ddf5-46e3-986e-a2fcafdaa547,2.959
1,1,5477ee2c-8dc7-4ec2-9c1d-cf8e9bf186fa,63b85509-e778-4b6c-abbc-ae9bf5d62a25,4.151
1,1,5477ee2c-8dc7-4ec2-9c1d-cf8e9bf186fa,63eb37ae-ea23-4a7d-a4ce-fab112407baf,2.888
1,1,5477ee2c-8dc7-4ec2-9c1d-cf8e9bf186fa,63f1e2a3-043b-45b9-8382-298764eb40cd,3.536
1,1,5477ee2c-8dc7-4ec2-9c1d-cf8e9bf186fa,63f85d3f-433c-421b-b235-522a2e44c70a,2.958
1,1,5477ee2c-8dc7-4ec2-9c1d-cf8e9bf186fa,64cc7183-430a-460a-b58c-382a863794f9,2.352
1,1,5477ee2c-8dc7-4ec2-9c1d-cf8e9bf186fa,64de9de9-c635-476c-88df-1c2554320fb2,1.602
1,1,5477ee2c-8dc7-4ec2-9c1d-cf8e9bf186fa,651577b5-61f8-498e-a2dd-425ab231e1fa,1.569
1,1,5477ee2c-8dc7-4ec2-9c1d-cf8e9bf186fa,6574b9d0-820f-4632-bd11-6d5765e79acd,1.444
1,1,5477ee2c-8dc7-4ec2-9c1d-cf8e9bf186fa,6578b6d5-9ccc-4a8f-8b70-e5f63127650d,1.507
1,1,5477ee2c-8dc7-4ec2-9c1d-cf8e9bf186fa,65ce29ec-a5e0-48ba-8d9e-b9eb26cafbaa,2.136
1,1,5477ee2c-8dc7-4ec2-9c1d-cf8e9bf186fa,65d2bb38-0649-4a2b-8370-274288e2b43a,3.393
1,1,5477ee2c-8dc7-4ec2-9c1d-cf8e9bf186fa,65e2c149-b17c-42bb-85a5-a533ff20a383,3.254
1,1,5477ee2c-8dc7-4ec2-9c1d-cf8e9bf186fa,663e8c8b-f52a-4c5e-843c-bb0f2c8cfc22,3.125
1,1,5477ee2c-8dc7-4ec2-9c1d-cf8e9bf186fa,6673a105-3890-4c3f-84d4-81fe33802285,3.097
1,1,5477ee2c-8dc7-4ec2-9c1d-cf8e9bf186fa,66d4e461-f618-4228-a5a7-1d8f51993e38,3.042
1,1,5477ee2c-8dc7-4ec2-9c1d-cf8e9bf186fa,66eade3b-1b79-469d-b926-3b98bb8ac3eb,4.079
1,1,5477ee2c-8dc7-4ec2-9c1d-cf8e9bf186fa,67bf1637-a054-4c06-b1c5-ff247dae581e,1.689
1,1,5477ee2c-8dc7-4ec2-9c1d-cf8e9bf186fa,6827911a-7cfd-47ed-b4fc-c7b55f8e8473,1.895
1,1,5477ee2c-8dc7-4ec2-9c1d-cf8e9bf186fa,6868c9d6-a46c-4248-b041-6a1746494848,1.26
1,1,5477ee2c-8dc7-4ec2-9c1d-cf8e9bf186fa,689b11ca-f20c-4ba0-afe2-c5be3d9b2312,1.421
1,1,5477ee2c-8dc7-4ec2-9c1d-cf8e9bf186fa,691367f4-eef1-46cb-bbbe-d7183ac4b22a,1.465
1,1,5477ee2c-8dc7-4ec2-9c1d-cf8e9bf186fa,691b059e-b9ef-4e35-b66d-b214b3390964,1.803
1,1,5477ee2c-8dc7-4ec2-9c1d-cf8e9bf186fa,693c50df-f7b8-4cd5-ab72-99c98fd96e85,1.763
1,1,5477ee2c-8dc7-4ec2-9c1d-cf8e9bf186fa,696822b2-89bc-4c7c-af16-14c57a11190c,2.314
1,1,5477ee2c-8dc7-4ec2-9c1d-cf8e9bf186fa,6b097645-2401-4e52-8f1c-e606be8960aa,1.101
1,1,5477ee2c-8dc7-4ec2-9c1d-cf8e9bf186fa,6b862c88-bba9-488d-8bdb-6212cd162e54,1.114
1,1,5477ee2c-8dc7-4ec2-9c1d-cf8e9bf186fa,6c0eca4a-f8bc-44b8-847f-add45e991596,0.911
1,1,5477ee2c-8dc7-4ec2-9c1d-cf8e9bf186fa,6c51464a-1375-4e54-a4fe-e5e0d5dd9e17,1.107
1,1,5477ee2c-8dc7-4ec2-9c1d-cf8e9bf186fa,6ce734b9-84de-4ea5-863c-f88bb4022a8e,1.06
1,1,5477ee2c-8dc7-4ec2-9c1d-cf8e9bf186fa,6d478397-b850-4e07-99c9-2875a59db519,1.344
1,1,5477ee2c-8dc7-4ec2-9c1d-cf8e9bf186fa,6de9c8f3-6351-4d6c-a9bf-05040a7ed0a4,1.343
1,1,5477ee2c-8dc7-4ec2-9c1d-cf8e9bf186fa,6dedba79-fd02-402b-b372-ae433e1579b0,1.11
1,1,5477ee2c-8dc7-4ec2-9c1d-cf8e9bf186fa,6ee13b1c-2fe5-429e-89a5-a7767532bd64,1.463
1,1,5477ee2c-8dc7-4ec2-9c1d-cf8e9bf186fa,6f466e87-ee40-410a-b1da-0b1b66698aa3,1.339
1,1,5477ee2c-8dc7-4ec2-9c1d-cf8e9bf186fa,6f5f810c-230d-444c-b9c4-d131c03f4db6,1.617
1,1,5477ee2c-8dc7-4ec2-9c1d-cf8e9bf186fa,70d5d073-e92f-4574-bf0e-d7efc22c909d,2.391
1,1,5477ee2c-8dc7-4ec2-9c1d-cf8e9bf186fa,7117a27e-8049-4542-bb9b-e764ead42d1c,3.471
1,1,5477ee2c-8dc7-4ec2-9c1d-cf8e9bf186fa,71e8d363-c1e3-49a9-96d8-b2301c93358c,3.147
1,1,5477ee2c-8dc7-4ec2-9c1d-cf8e9bf186fa,7202b9b0-6b7c-49f5-9641-fe91521b6836,2.724
1,1,5477ee2c-8dc7-4ec2-9c1d-cf8e9bf186fa,72a7b939-1ff6-47b8-89d4-29b2750e5eb5,3.249
1,1,5477ee2c-8dc7-4ec2-9c1d-cf8e9bf186fa,72d9ee37-28fe-4b8d-98e5-1fa707a2e2a5,1.788
1,1,5477ee2c-8dc7-4ec2-9c1d-cf8e9bf186fa,7373d612-3e58-403a-ae0a-b595fc51c9ca,1.67
1,1,5477ee2c-8dc7-4ec2-9c1d-cf8e9bf186fa,73c32b5d-27c0-47b9-aded-8e54105fd25a,1.485
1,1,5477ee2c-8dc7-4ec2-9c1d-cf8e9bf186fa,73c5fd30-1749-402f-b8a1-aaf90d07d8b1,1.405
1,1,5477ee2c-8dc7-4ec2-9c1d-cf8e9bf186fa,73c7cd0d-3ecf-4216-9f4b-7571fdb5e1aa,1.834
1,1,5477ee2c-8dc7-4ec2-9c1d-cf8e9bf186fa,73e95769-527a-4b12-88a2-bbfa00815f1f,1.924
1,1,5477ee2c-8dc7-4ec2-9c1d-cf8e9bf186fa,741054a4-d60f-4f4a-8fb8-e7be7ffc452d,2.751
1,1,5477ee2c-8dc7-4ec2-9c1d-cf8e9bf186fa,74823ff7-ad5b-4611-b286-5e42b56a88dc,2.648
1,1,5477ee2c-8dc7-4ec2-9c1d-cf8e9bf186fa,749a324a-479e-4ecd-ab8c-4771616c2c76,3.102
1,1,5477ee2c-8dc7-4ec2-9c1d-cf8e9bf186fa,74c0eb4a-c768-4699-9374-e8a1f47ed967,2.79
1,1,5477ee2c-8dc7-4ec2-9c1d-cf8e9bf186fa,75760920-8c71-47b3-a7f0-776cfc84448d,3.727
1,1,5477ee2c-8dc7-4ec2-9c1d-cf8e9bf186fa,7606fd47-18d4-4b1b-8ba8-e9937b2dfe9c,2.397
1,1,5477ee2c-8dc7-4ec2-9c1d-cf8e9bf186fa,7682154c-6a78-43ff-ab17-ae5966b269f1,1.999
1,1,5477ee2c-8dc7-4ec2-9c1d-cf8e9bf186fa,76fb22bb-2435-4c7e-a35f-c7ebeb56d8b8,1.8
1,1,5477ee2c-8dc7-4ec2-9c1d-cf8e9bf186fa,78ced595-0cd8-4b64-aef7-fe26087ab0e1,1.566
1,1,5477ee2c-8dc7-4ec2-9c1d-cf8e9bf186fa,793d3323-c24d-445f-84b3-2766c3579a53,1.332
1,1,5477ee2c-8dc7-4ec2-9c1d-cf8e9bf186fa,797bae6a-1421-4d6d-a78d-f3cb25a2c09c,1.48
1,1,5477ee2c-8dc7-4ec2-9c1d-cf8e9bf186fa,7a47ebb7-258a-4efb-b49b-675dca68f081,1.744
1,1,5477ee2c-8dc7-4ec2-9c1d-cf8e9bf186fa,7a57ebfa-54ff-4796-9bcb-1d419ade3bf0,1.849
1,1,5477ee2c-8dc7-4ec2-9c1d-cf8e9bf186fa,7ba44bab-a2ca-41de-a348-ba293d84572c,3.16
1,1,5477ee2c-8dc7-4ec2-9c1d-cf8e9bf186fa,7cdfbfb1-b927-4113-bf1c-0c4ebbff5931,2.09
1,1,5477ee2c-8dc7-4ec2-9c1d-cf8e9bf186fa,7d2e53d0-1632-4bfc-a113-5caa5d7ed619,3.302
1,1,5477ee2c-8dc7-4ec2-9c1d-cf8e9bf186fa,7d454dbe-db3e-4e3e-b08e-21e23aec9676,3.076
1,1,5477ee2c-8dc7-4ec2-9c1d-cf8e9bf186fa,7d54ac97-2b3d-4c23-8fbf-ff939e3dbd66,2.441
1,1,5477ee2c-8dc7-4ec2-9c1d-cf8e9bf186fa,7efa5622-c75c-4972-bdf5-b1908c4f8d05,3.064
1,1,5477ee2c-8dc7-4ec2-9c1d-cf8e9bf186fa,7f1cf1f4-ae40-4aa9-91be-b82ca6fc67bc,1.903
1,1,5477ee2c-8dc7-4ec2-9c1d-cf8e9bf186fa,7f6fb84b-3a3f-4534-99dc-789db5b12541,1.747
1,1,5477ee2c-8dc7-4ec2-9c1d-cf8e9bf186fa,8081e000-0807-4ecc-a945-c29cdf02dd3d,1.499
1,1,5477ee2c-8dc7-4ec2-9c1d-cf8e9bf186fa,80a30167-7112-481e-bcaf-c34057ccb3d9,1.35
1,1,5477ee2c-8dc7-4ec2-9c1d-cf8e9bf186fa,81696ec9-998c-4e42-88fe-9305a4f372ff,1.598
1,1,5477ee2c-8dc7-4ec2-9c1d-cf8e9bf186fa,818db32d-b550-4033-a554-3bcef8573e25,1.801
1,1,5477ee2c-8dc7-4ec2-9c1d-cf8e9bf186fa,81af6669-bdfd-4950-8b42-bdb5047fcb88,2.321
1,1,5477ee2c-8dc7-4ec2-9c1d-cf8e9bf186fa,81e672e2-de9d-402a-a98d-94bacd651775,2.586
1,1,5477ee2c-8dc7-4ec2-9c1d-cf8e9bf186fa,8253ab3d-4fd9-4110-b4d7-a268e68b9d9c,2.732
1,1,5477ee2c-8dc7-4ec2-9c1d-cf8e9bf186fa,827cb54d-9a98-43cf-9108-c07f8d0826c4,3.136
1,1,5477ee2c-8dc7-4ec2-9c1d-cf8e9bf186fa,82bd8c25-aa4a-46e8-b663-410c0aa0c222,3.185
1,1,5477ee2c-8dc7-4ec2-9c1d-cf8e9bf186fa,8468e435-b219-460c-b1d2-1b5190ac7a08,2.736
1,1,5477ee2c-8dc7-4ec2-9c1d-cf8e9bf186fa,84bfc408-b23a-4f5a-a0c8-920cc1013a3c,5.438
1,1,5477ee2c-8dc7-4ec2-9c1d-cf8e9bf186fa,84c3ff25-b235-4ffe-8b40-653d021048c0,1.871
1,1,5477ee2c-8dc7-4ec2-9c1d-cf8e9bf186fa,850cb306-672d-420f-8832-129c5663b387,1.487
1,1,5477ee2c-8dc7-4ec2-9c1d-cf8e9bf186fa,860e3730-4e97-4cd0-834e-76cbe0edba6f,1.723
1,1,5477ee2c-8dc7-4ec2-9c1d-cf8e9bf186fa,861c8a19-0d46-4761-9180-3ab673f57b62,1.5
1,1,5477ee2c-8dc7-4ec2-9c1d-cf8e9bf186fa,862cec9a-eda0-4c67-be9c-ea7d0733bfe5,1.67
1,1,5477ee2c-8dc7-4ec2-9c1d-cf8e9bf186fa,876c0373-3227-4798-bbb9-658328bb16a0,1.828
1,1,5477ee2c-8dc7-4ec2-9c1d-cf8e9bf186fa,878f8673-e28f-4a87-b764-1d3c505d1fb4,2.116
1,1,5477ee2c-8dc7-4ec2-9c1d-cf8e9bf186fa,87d0c014-6973-48d7-ade8-56fca5aecd37,1.778
1,1,5477ee2c-8dc7-4ec2-9c1d-cf8e9bf186fa,883e4850-4fd2-40e4-a33b-c5cd587e040f,1.466
1,1,5477ee2c-8dc7-4ec2-9c1d-cf8e9bf186fa,8943016f-d03f-4505-a562-bf70e6a431d0,2.028
1,1,5477ee2c-8dc7-4ec2-9c1d-cf8e9bf186fa,895338d2-d373-4687-a506-5f1e7e55d289,2.131
1,1,5477ee2c-8dc7-4ec2-9c1d-cf8e9bf186fa,8a276409-d661-4f5c-abaa-c3b684834dcb,2.005
1,1,5477ee2c-8dc7-4ec2-9c1d-cf8e9bf186fa,8ac7da71-df2e-4773-8667-01c6cc364f5c,1.947
1,1,5477ee2c-8dc7-4ec2-9c1d-cf8e9bf186fa,8b33234e-2d05-4e9f-80a0-9cd9602dce4a,1.603
1,1,5477ee2c-8dc7-4ec2-9c1d-cf8e9bf186fa,8b3de52a-77f6-4254-83c6-9451dae7fba9,1.398
1,1,5477ee2c-8dc7-4ec2-9c1d-cf8e9bf186fa,8b4fe122-3e81-4f78-aafd-1328084acf17,1.383
1,1,5477ee2c-8dc7-4ec2-9c1d-cf8e9bf186fa,8c76f75e-976a-4ff8-89fd-a542f2f14bf7,1.627
1,1,5477ee2c-8dc7-4ec2-9c1d-cf8e9bf186fa,8cbf45e3-c9ff-41d8-b435-784767ec4129,1.383
1,1,5477ee2c-8dc7-4ec2-9c1d-cf8e9bf186fa,8cc61420-fd62-40ff-8a93-56702e72401f,0.993
1,1,5477ee2c-8dc7-4ec2-9c1d-cf8e9bf186fa,8e129e10-d80f-4b45-bc62-954245f6a32a,0.823
1,1,5477ee2c-8dc7-4ec2-9c1d-cf8e9bf186fa,8e1a0675-ddd8-4f3c-ab4b-80a1e2a41511,0.879
1,1,5477ee2c-8dc7-4ec2-9c1d-cf8e9bf186fa,8e25ec4a-9c93-45e6-86ed-3d2e5e6362d2,0.9
1,1,5477ee2c-8dc7-4ec2-9c1d-cf8e9bf186fa,8e2b2667-9f32-4671-b971-ab35eb486a66,0.805
1,1,5477ee2c-8dc7-4ec2-9c1d-cf8e9bf186fa,8e96a186-ca06-443b-b06e-0fb4ff508990,1.03
1,1,5477ee2c-8dc7-4ec2-9c1d-cf8e9bf186fa,8ec4b97c-9545-4c4c-a6e6-94ba0616ecdf,1.345
1,1,5477ee2c-8dc7-4ec2-9c1d-cf8e9bf186fa,8f23cb7d-f0c7-4b1b-9d26-b4b3bb6c7575,1.244
1,1,5477ee2c-8dc7-4ec2-9c1d-cf8e9bf186fa,8f34c721-d1ff-4f7f-b247-74402d0789d6,1.149
1,1,5477ee2c-8dc7-4ec2-9c1d-cf8e9bf186fa,90503a5c-5a21-4663-8cf9-c911d18f43a3,1.433
1,1,5477ee2c-8dc7-4ec2-9c1d-cf8e9bf186fa,906aa8bc-c325-476c-bd30-0d7230204c5f,1.275
1,1,5477ee2c-8dc7-4ec2-9c1d-cf8e9bf186fa,90a2656c-448c-4366-b968-743c6caa0d86,1.349
1,1,5477ee2c-8dc7-4ec2-9c1d-cf8e9bf186fa,90af6be7-3d6d-46dd-b16b-b56665b81e90,1.486
1,1,5477ee2c-8dc7-4ec2-9c1d-cf8e9bf186fa,912723c7-2ac6-4878-9582-c299f9376afa,1.451
1,1,5477ee2c-8dc7-4ec2-9c1d-cf8e9bf186fa,91440d12-96cb-4203-9d1e-4462e4dde574,1.753
1,1,5477ee2c-8dc7-4ec2-9c1d-cf8e9bf186fa,918cb65a-745d-4b2f-a767-f83150c71aa3,3.185
1,1,5477ee2c-8dc7-4ec2-9c1d-cf8e9bf186fa,91aefd3f-14ae-446c-a0cd-597677d83f7c,3.041
1,1,5477ee2c-8dc7-4ec2-9c1d-cf8e9bf186fa,9233cef8-02eb-417b-958c-c9f4894e0715,2.738
1,1,5477ee2c-8dc7-4ec2-9c1d-cf8e9bf186fa,925a6fb3-c305-49f8-be99-7821f0b1d55a,2.503
1,1,5477ee2c-8dc7-4ec2-9c1d-cf8e9bf186fa,92a3ba1f-60fa-48f7-ac9a-77050782c2e2,2.167
1,1,5477ee2c-8dc7-4ec2-9c1d-cf8e9bf186fa,937e5d7f-5cba-409c-b48f-96838412a1d4,1.764
1,1,5477ee2c-8dc7-4ec2-9c1d-cf8e9bf186fa,94084e74-bd58-4fbc-a16c-42007a589b34,1.489
1,1,5477ee2c-8dc7-4ec2-9c1d-cf8e9bf186fa,943f14b4-f2f7-48c0-97d6-9d1a387e99a7,1.405
1,1,5477ee2c-8dc7-4ec2-9c1d-cf8e9bf186fa,94f4f0f1-2c11-444a-98d1-b18756ea435e,1.861
1,1,5477ee2c-8dc7-4ec2-9c1d-cf8e9bf186fa,954be6ea-9fc4-4f6e-94d8-f9841aa2c733,1.691
1,1,5477ee2c-8dc7-4ec2-9c1d-cf8e9bf186fa,9615005a-72a6-4494-9984-18a2fa4eb4ef,1.754
1,1,5477ee2c-8dc7-4ec2-9c1d-cf8e9bf186fa,96a87cf4-a6fc-4cd8-bcfc-165fc1011820,2.676
1,1,5477ee2c-8dc7-4ec2-9c1d-cf8e9bf186fa,96fd88c4-7979-4530-9189-cdbb3fad8904,2.808
1,1,5477ee2c-8dc7-4ec2-9c1d-cf8e9bf186fa,981952cc-50b5-4243-a3ae-aeffbeec6cb7,2.623
1,1,5477ee2c-8dc7-4ec2-9c1d-cf8e9bf186fa,987dd978-f2b0-4d88-8a83-1c2e8a3dc50c,4.584
1,1,5477ee2c-8dc7-4ec2-9c1d-cf8e9bf186fa,990d5696-9111-401f-a7ef-1189329d67ce,5.686
1,1,5477ee2c-8dc7-4ec2-9c1d-cf8e9bf186fa,99e2fa23-877d-43ee-a78a-6a8444d5f8a5,3.295
1,1,5477ee2c-8dc7-4ec2-9c1d-cf8e9bf186fa,9a0d86ed-b4e8-4f77-b50a-fc14ca85c20d,2.965
1,1,5477ee2c-8dc7-4ec2-9c1d-cf8e9bf186fa,9a9fe8a2-c35d-41c3-bc1b-ce4567834a52,1.753
1,1,5477ee2c-8dc7-4ec2-9c1d-cf8e9bf186fa,9aa15c79-8713-4de9-89ec-b4e01e605888,1.747
1,1,5477ee2c-8dc7-4ec2-9c1d-cf8e9bf186fa,9acb4c8f-8738-45f4-afa6-3596b1915918,1.417
1,1,5477ee2c-8dc7-4ec2-9c1d-cf8e9bf186fa,9b6ea689-e7e4-47f4-ae5c-07502f821407,1.38
1,1,5477ee2c-8dc7-4ec2-9c1d-cf8e9bf186fa,9bb688b5-9e7b-4e1a-be32-030ed48abee6,1.542
1,1,5477ee2c-8dc7-4ec2-9c1d-cf8e9bf186fa,9c28a786-86c5-450a-8b52-c9157af32f6e,2.151
1,1,5477ee2c-8dc7-4ec2-9c1d-cf8e9bf186fa,9d0413eb-6b1a-4c6e-a91b-8200a6d39b25,2.942
1,1,5477ee2c-8dc7-4ec2-9c1d-cf8e9bf186fa,9e3f8bd1-0882-443c-8e2f-b6d030174248,2.065
1,1,5477ee2c-8dc7-4ec2-9c1d-cf8e9bf186fa,9efd1808-a290-42ce-876a-bc7569ffa28b,2.943
1,1,5477ee2c-8dc7-4ec2-9c1d-cf8e9bf186fa,9f56080b-2ae2-4cba-b72f-c86f1e2c2b0b,2.594
1,1,5477ee2c-8dc7-4ec2-9c1d-cf8e9bf186fa,9f76c962-5961-4166-aff0-10101391722f,2.638
1,1,5477ee2c-8dc7-4ec2-9c1d-cf8e9bf186fa,9fc24e81-e450-47c5-9d10-2004d7c26cc7,2.712
1,1,5477ee2c-8dc7-4ec2-9c1d-cf8e9bf186fa,9fdc857d-d814-4d48-96a9-a71d5b5bd6c1,1.514
1,1,5477ee2c-8dc7-4ec2-9c1d-cf8e9bf186fa,a03403fd-f7ad-400d-9f1b-2ef2f0861e6e,1.674
1,1,5477ee2c-8dc7-4ec2-9c1d-cf8e9bf186fa,a0f0a3e3-49ea-4a49-ae2f-2b61be4a6eaa,1.451
1,1,5477ee2c-8dc7-4ec2-9c1d-cf8e9bf186fa,a28ef336-b95d-4504-a46f-c10ed716667b,1.507
1,1,5477ee2c-8dc7-4ec2-9c1d-cf8e9bf186fa,a2bc6044-d7f3-495c-9c9d-1cf648a65d6e,1.437
1,1,5477ee2c-8dc7-4ec2-9c1d-cf8e9bf186fa,a2c48584-227d-456c-ab5f-17af0066114d,1.701
1,1,5477ee2c-8dc7-4ec2-9c1d-cf8e9bf186fa,a30a330c-387a-4020-aaec-1044aac48416,3.712
1,1,5477ee2c-8dc7-4ec2-9c1d-cf8e9bf186fa,a398a301-946a-4a64-92cf-da5415a21a32,2.304
1,1,5477ee2c-8dc7-4ec2-9c1d-cf8e9bf186fa,a45b5cec-b336-4d3d-ab22-2144d71ed52e,2.451
1,1,5477ee2c-8dc7-4ec2-9c1d-cf8e9bf186fa,a549019c-0410-466b-b29f-f53b36e65ce8,2.701
1,1,5477ee2c-8dc7-4ec2-9c1d-cf8e9bf186fa,a55aa899-d67f-4f34-9ce8-a0ed42ec3364,2.01
1,1,5477ee2c-8dc7-4ec2-9c1d-cf8e9bf186fa,a5d2674c-f523-4318-956f-5e5c0e173e7b,2.278
1,1,5477ee2c-8dc7-4ec2-9c1d-cf8e9bf186fa,a6a6c8da-69de-427f-9a63-b92168d7a44e,3.113
1,1,5477ee2c-8dc7-4ec2-9c1d-cf8e9bf186fa,a74ea030-924e-4393-8585-891e4f3d4ead,1.252
1,1,5477ee2c-8dc7-4ec2-9c1d-cf8e9bf186fa,a7b36495-1d04-416e-8e41-aadb1b6650ba,1.174
1,1,5477ee2c-8dc7-4ec2-9c1d-cf8e9bf186fa,a7bf7e64-cc0a-4f29-b63f-6791e0ad7a44,1.202
1,1,5477ee2c-8dc7-4ec2-9c1d-cf8e9bf186fa,a7e4f9c8-a1b8-49ff-ac63-dfa3c713d716,1.106
1,1,5477ee2c-8dc7-4ec2-9c1d-cf8e9bf186fa,a7f00b3e-943f-446a-81ee-d1e97e3e9f89,1.544
1,1,5477ee2c-8dc7-4ec2-9c1d-cf8e9bf186fa,a81107b5-6373-42ef-978a-9fec8e40f7a6,1.523
1,1,5477ee2c-8dc7-4ec2-9c1d-cf8e9bf186fa,a8779561-d3e0-4fa7-b331-7678a33fa62f,2.878
1,1,5477ee2c-8dc7-4ec2-9c1d-cf8e9bf186fa,a8ae48f2-d0db-4667-96c6-92b8dac52152,3.39
1,1,5477ee2c-8dc7-4ec2-9c1d-cf8e9bf186fa,a8b9c38b-4e1c-46b4-b0f5-6cddc099c5e1,2.63
1,1,5477ee2c-8dc7-4ec2-9c1d-cf8e9bf186fa,a8c23c38-b3ff-459c-b18a-85de5d834cc7,3.092
1,1,5477ee2c-8dc7-4ec2-9c1d-cf8e9bf186fa,a9287597-eeba-47e8-90d7-33c5da094653,3.002
1,1,5477ee2c-8dc7-4ec2-9c1d-cf8e9bf186fa,aa689f3a-7dde-4d3b-9e73-f838c00109c4,2.546
1,1,5477ee2c-8dc7-4ec2-9c1d-cf8e9bf186fa,aa916d1a-2b46-4227-94b8-3448a1b06352,1.91
1,1,5477ee2c-8dc7-4ec2-9c1d-cf8e9bf186fa,aaf99cc2-8883-4525-ab3a-25b0a7f7eb73,1.509
1,1,5477ee2c-8dc7-4ec2-9c1d-cf8e9bf186fa,ab065dbf-43cf-448c-a69d-c26c553d153e,1.173
1,1,5477ee2c-8dc7-4ec2-9c1d-cf8e9bf186fa,ac20f6e5-be6c-4019-a1ed-4795f8ca8bfa,0.826
1,1,5477ee2c-8dc7-4ec2-9c1d-cf8e9bf186fa,ac643d2c-f94c-4a23-a31e-a6d71da555e1,0.87
1,1,5477ee2c-8dc7-4ec2-9c1d-cf8e9bf186fa,af1bcacc-2084-40e5-a6e6-f2ca1ce6faa7,1.15
1,1,5477ee2c-8dc7-4ec2-9c1d-cf8e9bf186fa,af1bd5ac-3cca-4e39-a3d3-62ae76777cd4,0.942
1,1,5477ee2c-8dc7-4ec2-9c1d-cf8e9bf186fa,af7f63db-f693-4d4f-a57a-95c4d17116df,0.994
1,1,5477ee2c-8dc7-4ec2-9c1d-cf8e9bf186fa,af8874ea-c373-4c82-93e8-495df96b9553,1.172
1,1,5477ee2c-8dc7-4ec2-9c1d-cf8e9bf186fa,b0122a50-2ad0-48fa-8da1-e75191365e2e,1.038
1,1,5477ee2c-8dc7-4ec2-9c1d-cf8e9bf186fa,b01fcd37-c021-4a4a-b61b-2b45f24fde79,1.444
1,1,5477ee2c-8dc7-4ec2-9c1d-cf8e9bf186fa,b03f54fb-810a-4400-80a1-a876c70a64e0,1.599
1,1,5477ee2c-8dc7-4ec2-9c1d-cf8e9bf186fa,b0d30586-a75a-48e4-a98d-a47c3d55ef05,1.189
1,1,5477ee2c-8dc7-4ec2-9c1d-cf8e9bf186fa,b0d990f5-6e24-4045-aea3-444ee724ddee,1.494
1,1,5477ee2c-8dc7-4ec2-9c1d-cf8e9bf186fa,b2effdaf-ea56-4d57-a459-d87ee004ac10,1.393
1,1,5477ee2c-8dc7-4ec2-9c1d-cf8e9bf186fa,b3266101-382f-4a93-b913-ca8bc047976e,1.156
1,1,5477ee2c-8dc7-4ec2-9c1d-cf8e9bf186fa,b32d10f1-cf29-4f64-852f-fbf85b3eedc6,1.284
1,1,5477ee2c-8dc7-4ec2-9c1d-cf8e9bf186fa,b4100f23-1755-409f-9ef3-a7debac739e2,1.644
1,1,5477ee2c-8dc7-4ec2-9c1d-cf8e9bf186fa,b46cef69-e1f4-4824-baf0-9541287df4c8,1.575
1,1,5477ee2c-8dc7-4ec2-9c1d-cf8e9bf186fa,b4d35819-595c-4793-8928-c6b571bf6552,1.914
1,1,5477ee2c-8dc7-4ec2-9c1d-cf8e9bf186fa,b4f988fd-bdf7-47c8-a9c1-e08158879117,2.997
1,1,5477ee2c-8dc7-4ec2-9c1d-cf8e9bf186fa,b4fe6068-5ff0-488e-8621-3d8968bc029b,3.661
1,1,5477ee2c-8dc7-4ec2-9c1d-cf8e9bf186fa,b5ea59c7-1b38-4353-9de7-1254906fec97,2.99
1,1,5477ee2c-8dc7-4ec2-9c1d-cf8e9bf186fa,b5f0287b-dccc-4ba7-801a-a0c5ed68160e,3.135
1,1,5477ee2c-8dc7-4ec2-9c1d-cf8e9bf186fa,b6262c55-fef1-40d2-88b6-488874405e4c,2.755
1,1,5477ee2c-8dc7-4ec2-9c1d-cf8e9bf186fa,b63e4eee-6f4f-49b3-9a48-aeeb3583faea,3.891
1,1,5477ee2c-8dc7-4ec2-9c1d-cf8e9bf186fa,b66495ae-4f0a-4743-889d-d9ca415a61d7,1.563
1,1,5477ee2c-8dc7-4ec2-9c1d-cf8e9bf186fa,b6f61aca-4808-4b11-bf35-233f3d5e41c6,1.52
1,1,5477ee2c-8dc7-4ec2-9c1d-cf8e9bf186fa,b6f6b9fa-bf86-4f61-8f3f-f60d3700ae87,1.238
1,1,5477ee2c-8dc7-4ec2-9c1d-cf8e9bf186fa,b7006f4d-51f7-4568-850b-c2becbdf804b,1.378
1,1,5477ee2c-8dc7-4ec2-9c1d-cf8e9bf186fa,b764c926-54cc-4aa3-a2ce-a8bf350de3ab,1.446
1,1,5477ee2c-8dc7-4ec2-9c1d-cf8e9bf186fa,b7cd8f3d-bc0f-4ad7-983c-0ec49d804280,1.464
1,1,5477ee2c-8dc7-4ec2-9c1d-cf8e9bf186fa,b7fce51e-cb20-4f6f-b914-9ae7878cc384,2.527
1,1,5477ee2c-8dc7-4ec2-9c1d-cf8e9bf186fa,b8e0c990-770d-4b9a-ab22-5209de33459d,2.677
1,1,5477ee2c-8dc7-4ec2-9c1d-cf8e9bf186fa,b9b1631d-1ec0-4a09-8464-e0d1e8de1a5f,2.918
1,1,5477ee2c-8dc7-4ec2-9c1d-cf8e9bf186fa,b9ba171b-22e3-4b3b-a930-7c7539cbbae6,2.51
1,1,5477ee2c-8dc7-4ec2-9c1d-cf8e9bf186fa,b9c91204-a155-4fc7-98db-a75324f6bcc2,1.862
1,1,5477ee2c-8dc7-4ec2-9c1d-cf8e9bf186fa,ba298ea2-4688-484c-ad3e-456fa4c368f6,2.373
1,1,5477ee2c-8dc7-4ec2-9c1d-cf8e9bf186fa,ba99f5ab-67bd-4df5-84c9-b22cf0086e50,2.212
1,1,5477ee2c-8dc7-4ec2-9c1d-cf8e9bf186fa,bb466e4d-5bba-413f-a150-8a7181cc7f2c,1.727
1,1,5477ee2c-8dc7-4ec2-9c1d-cf8e9bf186fa,bc4fa5ff-f606-48b6-9e1d-0f710c9e0e4e,1.115
1,1,5477ee2c-8dc7-4ec2-9c1d-cf8e9bf186fa,bc60be13-4038-4e48-8cd5-8b9d034deefc,1.396
1,1,5477ee2c-8dc7-4ec2-9c1d-cf8e9bf186fa,bc632cde-846e-48b7-9a8f-028c6f1bd07c,1.4
1,1,5477ee2c-8dc7-4ec2-9c1d-cf8e9bf186fa,bca0a308-1208-48b2-a8fb-a35acb833778,1.527
1,1,5477ee2c-8dc7-4ec2-9c1d-cf8e9bf186fa,bceff72c-794b-4704-9661-cb4d0e8f17d4,1.536
1,1,5477ee2c-8dc7-4ec2-9c1d-cf8e9bf186fa,bd21e0a7-1f91-42b4-bb7a-164f37000d73,2.389
1,1,5477ee2c-8dc7-4ec2-9c1d-cf8e9bf186fa,bd308bd9-25e2-40b5-aa51-ecc275a55079,2.925
1,1,5477ee2c-8dc7-4ec2-9c1d-cf8e9bf186fa,bd663f7d-c882-4366-97b8-abf704b38256,2.434
1,1,5477ee2c-8dc7-4ec2-9c1d-cf8e9bf186fa,bdbfdbf5-94f1-470b-b084-b22f85a967c7,2.405
1,1,5477ee2c-8dc7-4ec2-9c1d-cf8e9bf186fa,bdd02da1-ed81-4e7c-b341-a4cba58d984a,2.658
1,1,5477ee2c-8dc7-4ec2-9c1d-cf8e9bf186fa,be1b9a10-533c-45c5-a9e8-2d0f463cda39,2.152
1,1,5477ee2c-8dc7-4ec2-9c1d-cf8e9bf186fa,bf036d88-29cb-4c50-8dfb-37c847e7da97,1.478
1,1,5477ee2c-8dc7-4ec2-9c1d-cf8e9bf186fa,bf58caea-2156-4d52-b1a4-6161a92fa704,1.298
1,1,5477ee2c-8dc7-4ec2-9c1d-cf8e9bf186fa,bf670c86-b461-455d-b41e-9d0c68678e15,1.274
1,1,5477ee2c-8dc7-4ec2-9c1d-cf8e9bf186fa,bfd3b128-a51d-423f-8603-eb7de06689af,1.378
1,1,5477ee2c-8dc7-4ec2-9c1d-cf8e9bf186fa,bfec6f1d-6bde-4aee-8476-61dc2524d52c,1.628
1,1,5477ee2c-8dc7-4ec2-9c1d-cf8e9bf186fa,bff06834-01b1-486c-bffa-857f92b9abeb,1.523
1,1,5477ee2c-8dc7-4ec2-9c1d-cf8e9bf186fa,c0401226-6c49-4e15-9a1f-3e7ad903d09a,1.208
1,1,5477ee2c-8dc7-4ec2-9c1d-cf8e9bf186fa,c04b24c4-24d7-4eb7-b006-b2e184513e20,1.311
1,1,5477ee2c-8dc7-4ec2-9c1d-cf8e9bf186fa,c0b78198-8208-4650-8ed7-c671600539db,1.305
1,1,5477ee2c-8dc7-4ec2-9c1d-cf8e9bf186fa,c10cee15-e7c1-4169-8f34-15ce35066356,1.216
1,1,5477ee2c-8dc7-4ec2-9c1d-cf8e9bf186fa,c1d50d41-9dea-4117-afee-17e184569ec8,3.425
1,1,5477ee2c-8dc7-4ec2-9c1d-cf8e9bf186fa,c202d7d0-b215-42c9-8544-002130376cdf,2.119
1,1,5477ee2c-8dc7-4ec2-9c1d-cf8e9bf186fa,c256da1d-0c3f-46f6-8b07-4298fca14c9a,2.739
1,1,5477ee2c-8dc7-4ec2-9c1d-cf8e9bf186fa,c2b0b537-1778-4faf-817e-a205897044c3,1.563
1,1,5477ee2c-8dc7-4ec2-9c1d-cf8e9bf186fa,c368da69-79c8-44e1-a9a6-44306c190ef5,1.364
1,1,5477ee2c-8dc7-4ec2-9c1d-cf8e9bf186fa,c3ad40aa-bd24-4da7-8556-9edabb9bcd61,1.113
1,1,5477ee2c-8dc7-4ec2-9c1d-cf8e9bf186fa,c42ca4b6-9b4d-41e1-9e2d-e5376e179a1f,1.014
1,1,5477ee2c-8dc7-4ec2-9c1d-cf8e9bf186fa,c4891715-23b1-4265-82b1-ddbc3176edd6,1.352
1,1,5477ee2c-8dc7-4ec2-9c1d-cf8e9bf186fa,c4906a23-aef5-4836-bd4e-c58afecea42e,1.115
1,1,5477ee2c-8dc7-4ec2-9c1d-cf8e9bf186fa,c4b343b8-0921-4cbe-86da-1e3246ffc4e2,2.77
1,1,5477ee2c-8dc7-4ec2-9c1d-cf8e9bf186fa,c4e34f0c-a6ed-4a6b-b61f-e91a7bd15f92,3.659
1,1,5477ee2c-8dc7-4ec2-9c1d-cf8e9bf186fa,c4ef9982-7427-4729-bf19-22adc228791a,2.22
1,1,5477ee2c-8dc7-4ec2-9c1d-cf8e9bf186fa,c5112cdf-279d-4216-9d10-f519be92af14,1.91
1,1,5477ee2c-8dc7-4ec2-9c1d-cf8e9bf186fa,c5512919-5ded-43ec-af84-b44fdd52d231,1.494
1,1,5477ee2c-8dc7-4ec2-9c1d-cf8e9bf186fa,c58b7adf-5c82-406e-a992-f33e2603ebe4,1.228
1,1,5477ee2c-8dc7-4ec2-9c1d-cf8e9bf186fa,c5a76cec-19b3-43a6-bbb6-2a780249c1dc,0.878
1,1,5477ee2c-8dc7-4ec2-9c1d-cf8e9bf186fa,c5bf4cd4-8db9-439d-9467-54d33d316409,0.883
1,1,5477ee2c-8dc7-4ec2-9c1d-cf8e9bf186fa,c609f4e9-d205-48cf-a776-5966c903b815,0.92
1,1,5477ee2c-8dc7-4ec2-9c1d-cf8e9bf186fa,c8231027-d4c4-4225-a14f-41eb62cbd259,0.909
1,1,5477ee2c-8dc7-4ec2-9c1d-cf8e9bf186fa,c866e658-7dde-4238-8db3-47c15b3e7bc2,1.23
1,1,5477ee2c-8dc7-4ec2-9c1d-cf8e9bf186fa,c8ac2536-d3ce-43d6-bb8d-baef4998576d,1.242
1,1,5477ee2c-8dc7-4ec2-9c1d-cf8e9bf186fa,c9602537-fcce-4a7f-9951-43490165867a,1.213
1,1,5477ee2c-8dc7-4ec2-9c1d-cf8e9bf186fa,c99feb0c-9417-4290-bce7-77e107feee34,1.321
1,1,5477ee2c-8dc7-4ec2-9c1d-cf8e9bf186fa,c9e65f82-8ab1-4828-bc04-612b75271d09,1.435
1,1,5477ee2c-8dc7-4ec2-9c1d-cf8e9bf186fa,ca6195d2-1a42-4720-9536-79741624c03e,2.104
1,1,5477ee2c-8dc7-4ec2-9c1d-cf8e9bf186fa,ca67ccdb-5a0a-454b-bfca-b377e9dee904,3.696
1,1,5477ee2c-8dc7-4ec2-9c1d-cf8e9bf186fa,cb0fc8d4-9547-481a-a1ca-eb9871b467eb,2.75
1,1,5477ee2c-8dc7-4ec2-9c1d-cf8e9bf186fa,cc5657df-94d2-4119-a543-935916728c31,1.627
1,1,5477ee2c-8dc7-4ec2-9c1d-cf8e9bf186fa,ccb0279c-1220-4585-a39f-be720d2f9432,1.43
1,1,5477ee2c-8dc7-4ec2-9c1d-cf8e9bf186fa,cce50600-42e4-4b0a-962f-a888c4550cca,1.518
1,1,5477ee2c-8dc7-4ec2-9c1d-cf8e9bf186fa,cd0c93eb-a8fc-4ae6-9d0c-10463d5c164f,1.331
1,1,5477ee2c-8dc7-4ec2-9c1d-cf8e9bf186fa,cd0e7100-7e31-447d-83e8-9b5319f28309,1.502
1,1,5477ee2c-8dc7-4ec2-9c1d-cf8e9bf186fa,cdc8506c-1756-40d1-a552-275c312882fe,1.562
1,1,5477ee2c-8dc7-4ec2-9c1d-cf8e9bf186fa,cdfc5d29-1aa9-44b4-bece-f5b3606388bb,2.155
1,1,5477ee2c-8dc7-4ec2-9c1d-cf8e9bf186fa,cebbda1e-55ef-4ef8-b5f7-cd809b39d1ad,3.113
1,1,5477ee2c-8dc7-4ec2-9c1d-cf8e9bf186fa,cec146ab-3c93-416e-a04c-7fe4d7970d81,2.382
1,1,5477ee2c-8dc7-4ec2-9c1d-cf8e9bf186fa,cee04f7f-2087-46f5-ac1e-761128ff0c2e,2.696
1,1,5477ee2c-8dc7-4ec2-9c1d-cf8e9bf186fa,cf011aa1-c234-42e4-a5b8-2b0b9eb7de73,3.313
1,1,5477ee2c-8dc7-4ec2-9c1d-cf8e9bf186fa,cf0f4491-1772-4961-80ac-4694359cbc50,2.767
1,1,5477ee2c-8dc7-4ec2-9c1d-cf8e9bf186fa,cf7a6525-c677-4286-bd53-b270362af69c,2.146
1,1,5477ee2c-8dc7-4ec2-9c1d-cf8e9bf186fa,cfa1b4f5-4d6c-4791-b762-bb86285a2cfb,1.484
1,1,5477ee2c-8dc7-4ec2-9c1d-cf8e9bf186fa,cfa218f7-b1e1-4b44-bcdb-1c7334d30f4b,1.105
1,1,5477ee2c-8dc7-4ec2-9c1d-cf8e9bf186fa,d002ceca-3ec8-470a-9c5b-000f842a97c8,1.217
1,1,5477ee2c-8dc7-4ec2-9c1d-cf8e9bf186fa,d0c8f1a3-7999-4070-9356-b09278386873,1.413
1,1,5477ee2c-8dc7-4ec2-9c1d-cf8e9bf186fa,d1041a28-9420-4bb9-bc54-e869e70ab461,1.573
1,1,5477ee2c-8dc7-4ec2-9c1d-cf8e9bf186fa,d129a076-5a65-478d-88f0-419ec0e4c154,1.787
1,1,5477ee2c-8dc7-4ec2-9c1d-cf8e9bf186fa,d12d5da6-79c3-4d93-98a5-4dbd3f5fbe89,2.641
1,1,5477ee2c-8dc7-4ec2-9c1d-cf8e9bf186fa,d17adc13-8410-4d3a-a2ac-80889776175b,2.469
1,1,5477ee2c-8dc7-4ec2-9c1d-cf8e9bf186fa,d186f2c2-900b-485f-a265-841e2b81de11,2.277
1,1,5477ee2c-8dc7-4ec2-9c1d-cf8e9bf186fa,d197d837-4a80-4b43-a2a6-da44adf40592,2.435
1,1,5477ee2c-8dc7-4ec2-9c1d-cf8e9bf186fa,d2366047-afc2-419a-8d31-d8c84686cd56,2.607
1,1,5477ee2c-8dc7-4ec2-9c1d-cf8e9bf186fa,d26e5eb4-d34a-4362-ab6f-879f410d187e,2.26
1,1,5477ee2c-8dc7-4ec2-9c1d-cf8e9bf186fa,d285255f-abb8-49b7-9278-bfa75d081b62,1.767
1,1,5477ee2c-8dc7-4ec2-9c1d-cf8e9bf186fa,d2d7cc84-8471-413e-8d5c-81036a592d32,1.382
1,1,5477ee2c-8dc7-4ec2-9c1d-cf8e9bf186fa,d3cdf9e4-1350-4d79-b525-6ddf4fd6593c,1.1
1,1,5477ee2c-8dc7-4ec2-9c1d-cf8e9bf186fa,d415b14b-d5e2-433f-8a96-cef4b6007b4e,1.131
1,1,5477ee2c-8dc7-4ec2-9c1d-cf8e9bf186fa,d5010fcb-243f-4cbd-8a29-5712af86d428,1.217
1,1,5477ee2c-8dc7-4ec2-9c1d-cf8e9bf186fa,d58ed16a-d758-47c1-9b86-3b3a40607c7f,1.525
1,1,5477ee2c-8dc7-4ec2-9c1d-cf8e9bf186fa,d5d61038-3f90-4559-adf6-f7cc6d5627b2,1.636
1,1,5477ee2c-8dc7-4ec2-9c1d-cf8e9bf186fa,d5dc3ba1-24d1-4421-87ac-973ccb1269f1,2.738
1,1,5477ee2c-8dc7-4ec2-9c1d-cf8e9bf186fa,d5ebb690-be92-4b4f-9940-22e834e5eb1a,2.764
1,1,5477ee2c-8dc7-4ec2-9c1d-cf8e9bf186fa,d6443d3d-ef86-4cc8-9210-27ea0a698939,2.727
1,1,5477ee2c-8dc7-4ec2-9c1d-cf8e9bf186fa,d6ba5b63-a12b-4b13-ae22-3a995dd92ebb,3.163
1,1,5477ee2c-8dc7-4ec2-9c1d-cf8e9bf186fa,d8144897-db1d-4764-bd70-597733ed1a2a,1.49
1,1,5477ee2c-8dc7-4ec2-9c1d-cf8e9bf186fa,d9e5aaa6-82f7-45be-b2a0-41ab19e60bff,1.019
1,1,5477ee2c-8dc7-4ec2-9c1d-cf8e9bf186fa,db0abb13-89ae-48e6-9fbe-e21fbbfd7ded,1.219
1,1,5477ee2c-8dc7-4ec2-9c1d-cf8e9bf186fa,db2b9fbc-be26-4f5b-bbd3-19b5df63e007,0.794
1,1,5477ee2c-8dc7-4ec2-9c1d-cf8e9bf186fa,dc0678c4-d555-49f0-b042-24ab7453e984,0.928
1,1,5477ee2c-8dc7-4ec2-9c1d-cf8e9bf186fa,dc5a0bf5-a92d-4e2f-8066-2a4ecb8f29e5,1.06
1,1,5477ee2c-8dc7-4ec2-9c1d-cf8e9bf186fa,dccb785e-7144-4255-ba1c-d6b42344a5a1,1.2
1,1,5477ee2c-8dc7-4ec2-9c1d-cf8e9bf186fa,dce6ee5f-1361-4462-a81b-c490ba2ab5aa,1.272
1,1,5477ee2c-8dc7-4ec2-9c1d-cf8e9bf186fa,ddc64c47-1495-4639-8c12-6ce4ce2df04e,1.349
1,1,5477ee2c-8dc7-4ec2-9c1d-cf8e9bf186fa,df41a38e-68a5-423b-a098-50e433e31e37,2.155
1,1,5477ee2c-8dc7-4ec2-9c1d-cf8e9bf186fa,dfa3a4c7-27e4-4be4-9b53-e3cb51d7a2db,2.311
1,1,5477ee2c-8dc7-4ec2-9c1d-cf8e9bf186fa,e0abcebd-9e8f-4b19-8cfd-c4b44532cc66,2.363
1,1,5477ee2c-8dc7-4ec2-9c1d-cf8e9bf186fa,e0b9bdfe-50cd-429f-aba8-a6facb134975,1.77
1,1,5477ee2c-8dc7-4ec2-9c1d-cf8e9bf186fa,e1ec74eb-8cbd-439d-9013-8b51ae9d1176,2.801
1,1,5477ee2c-8dc7-4ec2-9c1d-cf8e9bf186fa,e24d0db8-5c84-4186-a288-ffa63d749e92,2.574
1,1,5477ee2c-8dc7-4ec2-9c1d-cf8e9bf186fa,e2be60d3-eade-4735-9204-a608b0925775,1.441
1,1,5477ee2c-8dc7-4ec2-9c1d-cf8e9bf186fa,e333af49-48d2-48d0-98b9-7b1f5f8e215b,1.267
1,1,5477ee2c-8dc7-4ec2-9c1d-cf8e9bf186fa,e3b5bb9f-66ff-4edf-8ddc-3c9e63a069e8,1.193
1,1,5477ee2c-8dc7-4ec2-9c1d-cf8e9bf186fa,e43756b2-60af-4903-86ad-ad25a61518fc,1.359
1,1,5477ee2c-8dc7-4ec2-9c1d-cf8e9bf186fa,e52ee73f-125f-4cc9-b6e3-b06ba34e7cdb,1.55
1,1,5477ee2c-8dc7-4ec2-9c1d-cf8e9bf186fa,e5596f7a-f896-478d-a877-775ad534e3f5,1.857
1,1,5477ee2c-8dc7-4ec2-9c1d-cf8e9bf186fa,e6757391-cbc8-403f-9afa-c5464eb16743,2.688
1,1,5477ee2c-8dc7-4ec2-9c1d-cf8e9bf186fa,e690527d-8e93-4c67-92f5-d4d47976b4b5,1.794
1,1,5477ee2c-8dc7-4ec2-9c1d-cf8e9bf186fa,e6dc3f2c-5740-4df5-83f3-3c75a92c3fab,1.165
1,1,5477ee2c-8dc7-4ec2-9c1d-cf8e9bf186fa,e6f62fe3-8f21-460d-8254-e00a95c22963,0.973
1,1,5477ee2c-8dc7-4ec2-9c1d-cf8e9bf186fa,e714cd0a-d922-41e8-9e75-c15295ed26c7,0.848
1,1,5477ee2c-8dc7-4ec2-9c1d-cf8e9bf186fa,e7cf572b-5917-4223-8dfd-efc707a67f7f,1.128
1,1,5477ee2c-8dc7-4ec2-9c1d-cf8e9bf186fa,e7fd61b0-b6d8-4fbd-b6a4-e4524efcad39,0.894
1,1,5477ee2c-8dc7-4ec2-9c1d-cf8e9bf186fa,e8f5ccdf-99ee-4ca3-9968-4967a492621e,0.917
1,1,5477ee2c-8dc7-4ec2-9c1d-cf8e9bf186fa,e8fd14e9-13d6-4abe-b1b5-32a29bb1827c,0.726
1,1,5477ee2c-8dc7-4ec2-9c1d-cf8e9bf186fa,e95430f3-5899-49df-92b1-ac3d008b85d6,0.948
1,1,5477ee2c-8dc7-4ec2-9c1d-cf8e9bf186fa,ea087df7-be40-43d8-9d2a-c3928a76f39c,0.875
1,1,5477ee2c-8dc7-4ec2-9c1d-cf8e9bf186fa,ea3e87a4-7410-4adc-9547-0fe54885e6a7,0.955
1,1,5477ee2c-8dc7-4ec2-9c1d-cf8e9bf186fa,ea9e8007-c782-4d16-9b35-e8d104bc15a2,1.578
1,1,5477ee2c-8dc7-4ec2-9c1d-cf8e9bf186fa,eaf65557-00ac-4da9-af30-87cfd294d571,1.661
1,1,5477ee2c-8dc7-4ec2-9c1d-cf8e9bf186fa,ebb3caa0-80ee-4f6c-b51a-38abedb53c31,2.117
1,1,5477ee2c-8dc7-4ec2-9c1d-cf8e9bf186fa,ebf7cf5a-168e-420b-a366-2fb1e360c71d,3.76
1,1,5477ee2c-8dc7-4ec2-9c1d-cf8e9bf186fa,ec232a15-988b-4b2e-a4e1-47d9ed95e3f7,2.15
1,1,5477ee2c-8dc7-4ec2-9c1d-cf8e9bf186fa,ec6a8115-b720-45e7-9a33-27ab3e2f3bd3,3.466
1,1,5477ee2c-8dc7-4ec2-9c1d-cf8e9bf186fa,ed6d018f-d834-4b15-adfd-e9b99b967386,1.237
1,1,5477ee2c-8dc7-4ec2-9c1d-cf8e9bf186fa,edc9dd7e-45fd-44b8-b91f-835733ba9f5c,1.182
1,1,5477ee2c-8dc7-4ec2-9c1d-cf8e9bf186fa,ef4c90ec-2090-4835-b2ef-646154dcd20c,1.252
1,1,5477ee2c-8dc7-4ec2-9c1d-cf8e9bf186fa,ef6c6a46-f9de-4327-a8ac-a3bf96c7b907,1.181
1,1,5477ee2c-8dc7-4ec2-9c1d-cf8e9bf186fa,ef94de22-7eaf-4db8-8d91-2337a9905d72,1.386
1,1,5477ee2c-8dc7-4ec2-9c1d-cf8e9bf186fa,f0eec510-8610-4d1f-8ec7-74aaee126988,1.323
1,1,5477ee2c-8dc7-4ec2-9c1d-cf8e9bf186fa,f172c6eb-3cf2-4da8-8965-9a7cdc019b1d,2.111
1,1,5477ee2c-8dc7-4ec2-9c1d-cf8e9bf186fa,f19310fd-c650-4134-9b9e-6ae4771321fb,3.31
1,1,5477ee2c-8dc7-4ec2-9c1d-cf8e9bf186fa,f19a3531-0e4e-4998-aa84-6059d072eb76,2.693
1,1,5477ee2c-8dc7-4ec2-9c1d-cf8e9bf186fa,f1ca352d-b32f-43ef-8504-f59144457e2d,2.026
1,1,5477ee2c-8dc7-4ec2-9c1d-cf8e9bf186fa,f266f300-7fc7-4611-8350-ebb69a0154a0,2.877
1,1,5477ee2c-8dc7-4ec2-9c1d-cf8e9bf186fa,f2cd5dfa-dbbf-46b6-a351-56314488b6e0,5.408
1,1,5477ee2c-8dc7-4ec2-9c1d-cf8e9bf186fa,f36395ef-c169-4979-94a6-4819df1bbf60,1.388
1,1,5477ee2c-8dc7-4ec2-9c1d-cf8e9bf186fa,f3659103-58bb-4038-a118-ae3d62779808,1.112
1,1,5477ee2c-8dc7-4ec2-9c1d-cf8e9bf186fa,f3c02d3b-841a-4c33-bf90-846d1be6ab3d,1.234
1,1,5477ee2c-8dc7-4ec2-9c1d-cf8e9bf186fa,f3f99e11-4a8d-42a3-b67f-abaffd55bbfd,1.135
1,1,5477ee2c-8dc7-4ec2-9c1d-cf8e9bf186fa,f404d4dc-dc72-4c76-930e-6a5c82673588,1.488
1,1,5477ee2c-8dc7-4ec2-9c1d-cf8e9bf186fa,f41c33a4-de8c-4cec-804e-d4bf804e1ecc,1.426
1,1,5477ee2c-8dc7-4ec2-9c1d-cf8e9bf186fa,f4484804-42f7-446a-9f4d-2a2e828ddb78,2.326
1,1,5477ee2c-8dc7-4ec2-9c1d-cf8e9bf186fa,f54a29ae-1a68-4647-ab80-9252706737fa,2.717
1,1,5477ee2c-8dc7-4ec2-9c1d-cf8e9bf186fa,f553b2bc-b74d-4d0c-a7d0-db27fcc67439,2.595
1,1,5477ee2c-8dc7-4ec2-9c1d-cf8e9bf186fa,f5556b4e-9c4b-4665-b619-84d8b0aff1e6,2.373
1,1,5477ee2c-8dc7-4ec2-9c1d-cf8e9bf186fa,f6604f7d-3781-425c-8281-a97bf5978f8e,2.598
1,1,5477ee2c-8dc7-4ec2-9c1d-cf8e9bf186fa,f684c0be-c35d-42f5-9f43-0a5afcd24cc6,2.134
1,1,5477ee2c-8dc7-4ec2-9c1d-cf8e9bf186fa,f69df858-fa71-485e-a7be-40b811e06271,1.866
1,1,5477ee2c-8dc7-4ec2-9c1d-cf8e9bf186fa,f6d48f5d-5cd2-4afd-8265-c5a1f6cf270b,1.363
1,1,5477ee2c-8dc7-4ec2-9c1d-cf8e9bf186fa,f70a4c1b-a950-4652-b50e-c2e76988b4a4,1.23
1,1,5477ee2c-8dc7-4ec2-9c1d-cf8e9bf186fa,f71d689a-5c27-45a9-8ddf-f5fdb0de9485,1.169
1,1,5477ee2c-8dc7-4ec2-9c1d-cf8e9bf186fa,f7921304-945f-4e13-94c2-6ba99c897d5a,1.224
1,1,5477ee2c-8dc7-4ec2-9c1d-cf8e9bf186fa,f8a54225-5537-489b-9efb-a2f3a3cb1729,0.918
1,1,5477ee2c-8dc7-4ec2-9c1d-cf8e9bf186fa,f8efb221-68ac-403b-9fb7-deb0002f2105,1.393
1,1,5477ee2c-8dc7-4ec2-9c1d-cf8e9bf186fa,f92b7144-73f7-4dc7-b3ae-431a154ae48f,1.197
1,1,5477ee2c-8dc7-4ec2-9c1d-cf8e9bf186fa,fa2280c2-3f2e-4deb-bd08-b5ef5fdc32a1,1.382
1,1,5477ee2c-8dc7-4ec2-9c1d-cf8e9bf186fa,fa4f671a-7aed-4b76-8383-aafe2aec0501,1.77
1,1,5477ee2c-8dc7-4ec2-9c1d-cf8e9bf186fa,fb183f40-716c-416f-ab5d-8702f44e8852,2.154
1,1,5477ee2c-8dc7-4ec2-9c1d-cf8e9bf186fa,fb2e33e6-d847-4232-9ea3-bf181aef7cf4,2.38
1,1,5477ee2c-8dc7-4ec2-9c1d-cf8e9bf186fa,fba8d136-7945-469d-b8b1-46c47933c946,3.726
1,1,5477ee2c-8dc7-4ec2-9c1d-cf8e9bf186fa,fc1e9b0d-5ad4-48f0-85be-ee4a0b87d0f1,1.435
1,1,5477ee2c-8dc7-4ec2-9c1d-cf8e9bf186fa,fc32bb48-72a3-427f-a8ec-52fead34a136,1.179
1,1,5477ee2c-8dc7-4ec2-9c1d-cf8e9bf186fa,fccc90f0-d81e-44b2-864a-0edbdb3f6bb7,1.187
1,1,5477ee2c-8dc7-4ec2-9c1d-cf8e9bf186fa,fe5f24bc-ee7e-429e-8dc4-c28429b0a644,1.17
1,1,5477ee2c-8dc7-4ec2-9c1d-cf8e9bf186fa,fe64a981-92a0-41c6-97f1-397263c8f825,1.237
1,1,5477ee2c-8dc7-4ec2-9c1d-cf8e9bf186fa,ff1e0ae6-83ec-49db-b432-4bf30969eeea,1.41
1,1,5477ee2c-8dc7-4ec2-9c1d-cf8e9bf186fa,ff66b2fb-88ac-4f73-9f26-ac2652418dc8,2.208
1,1,5477ee2c-8dc7-4ec2-9c1d-cf8e9bf186fa,ff81e8ce-2298-40c4-8430-d8182fd7bb47,2.992
1,1,5477ee2c-8dc7-4ec2-9c1d-cf8e9bf186fa,ffcdb5fd-33d6-47f7-8d09-56b8bd9d9884,2.365
1,2,340cea23-4c55-4e39-9880-8ab100c3240d,001f619f-6776-4793-94c3-5e94cf1f06c5,2.34
1,2,340cea23-4c55-4e39-9880-8ab100c3240d,012955d0-c676-4c6f-aeeb-33491fa672e9,2.136
1,2,340cea23-4c55-4e39-9880-8ab100c3240d,01abf847-aae8-459d-902b-d745ec4aabed,2.181
1,2,340cea23-4c55-4e39-9880-8ab100c3240d,022c2c32-1d2f-49cc-a632-76807cc0f2c2,2.228
1,2,340cea23-4c55-4e39-9880-8ab100c3240d,02433d67-97ce-42d3-907a-7f2882bf2885,3.755
1,2,340cea23-4c55-4e39-9880-8ab100c3240d,0271d8ab-bdca-43bc-a2cb-865fdbfab09b,3.727
1,2,340cea23-4c55-4e39-9880-8ab100c3240d,031cf500-6a9e-4bc8-8084-c74692165fc2,3.3
1,2,340cea23-4c55-4e39-9880-8ab100c3240d,0369971f-c9f3-4ba0-a47d-c0367fb5e1a4,2.608
1,2,340cea23-4c55-4e39-9880-8ab100c3240d,03c42abf-b316-4e93-8de9-3a42443a3ab9,1.817
1,2,340cea23-4c55-4e39-9880-8ab100c3240d,044a7c15-db98-423b-8d30-878f40e98779,1.601
1,2,340cea23-4c55-4e39-9880-8ab100c3240d,04f2c3e5-14bb-4b2e-8192-6e57306f8d07,1.884
1,2,340cea23-4c55-4e39-9880-8ab100c3240d,056061e3-0dbb-4154-9853-d74142c8750c,1.806
1,2,340cea23-4c55-4e39-9880-8ab100c3240d,05e3a157-5c07-47f9-b4d2-325ca3746a21,2.205
1,2,340cea23-4c55-4e39-9880-8ab100c3240d,07549172-6755-49c0-b936-c749e1f281e1,2.486
1,2,340cea23-4c55-4e39-9880-8ab100c3240d,0755ec85-bb45-4a6b-a7d3-67c4de4a7231,4.689
1,2,340cea23-4c55-4e39-9880-8ab100c3240d,07c3d94d-7b40-464c-a934-583a797c5813,3.66
1,2,340cea23-4c55-4e39-9880-8ab100c3240d,0847eaf9-eebd-4b28-8270-26a10760f5b6,4.157
1,2,340cea23-4c55-4e39-9880-8ab100c3240d,08bcc94a-06aa-4f1f-8d7e-3b21832b2438,2.998
1,2,340cea23-4c55-4e39-9880-8ab100c3240d,08db8d53-4a15-4523-968a-452285727794,4.027
1,2,340cea23-4c55-4e39-9880-8ab100c3240d,08e02c23-f6b0-4b53-a314-03d6e17c09c2,2.683
1,2,340cea23-4c55-4e39-9880-8ab100c3240d,092ddfa2-2245-450c-9f2d-6be8fdef62f9,1.857
1,2,340cea23-4c55-4e39-9880-8ab100c3240d,09bcf9f3-248a-44a1-8347-d25649b6cd84,1.531
1,2,340cea23-4c55-4e39-9880-8ab100c3240d,09cf6f55-3e55-4794-8c63-15c19c86857a,1.991
1,2,340cea23-4c55-4e39-9880-8ab100c3240d,0a46c39e-2334-4937-891e-5b14c34ca93d,1.716
1,2,340cea23-4c55-4e39-9880-8ab100c3240d,0a49bc89-2451-445a-848d-7dede226523c,2.296
1,2,340cea23-4c55-4e39-9880-8ab100c3240d,0a51a7bd-8be1-449d-bdfc-132dbf2966ae,3.479
1,2,340cea23-4c55-4e39-9880-8ab100c3240d,0a98f996-4e62-493a-a0b2-b42dd05f43a7,3.504
1,2,340cea23-4c55-4e39-9880-8ab100c3240d,0b53f814-2947-4c9e-9bdd-8c95e498d626,2.365
1,2,340cea23-4c55-4e39-9880-8ab100c3240d,0c1358b1-1c02-44f0-a52c-a9005c5e4215,1.659
1,2,340cea23-4c55-4e39-9880-8ab100c3240d,0c1605d0-e97f-4a38-a0c6-d54760f56ad5,1.517
1,2,340cea23-4c55-4e39-9880-8ab100c3240d,0c8d03e2-a812-4e1c-aa05-a6772aac93dc,1.149
1,2,340cea23-4c55-4e39-9880-8ab100c3240d,0d535821-9da7-40f1-9763-3337baaa5b18,1.35
1,2,340cea23-4c55-4e39-9880-8ab100c3240d,0d96c93d-05fa-4952-90f2-d7c79a4c3e3a,1.106
1,2,340cea23-4c55-4e39-9880-8ab100c3240d,0d9727a8-0f41-4783-9009-b25776a91e60,1.361
1,2,340cea23-4c55-4e39-9880-8ab100c3240d,0e1cf95c-262c-4946-9cc3-c62e0f522943,1.086
1,2,340cea23-4c55-4e39-9880-8ab100c3240d,0fb7f53c-7055-42d5-be5d-22d60f7ee875,1.241
1,2,340cea23-4c55-4e39-9880-8ab100c3240d,0fd9cebe-a687-4945-9c80-81807f016ec5,1.425
1,2,340cea23-4c55-4e39-9880-8ab100c3240d,11025985-9e48-40db-a650-b4e5d9c90611,1.634
1,2,340cea23-4c55-4e39-9880-8ab100c3240d,11a50c6b-3320-4bd9-b354-0a9d91c59c37,1.831
1,2,340cea23-4c55-4e39-9880-8ab100c3240d,11c0ebe0-b4f9-4e9e-bfd9-3dca35ba00cd,2.125
1,2,340cea23-4c55-4e39-9880-8ab100c3240d,11e783cd-ac26-47c6-a348-0f4b5091d10d,2.324
1,2,340cea23-4c55-4e39-9880-8ab100c3240d,124519f5-528b-488d-a840-508dfb3e0190,3.807
1,2,340cea23-4c55-4e39-9880-8ab100c3240d,1300fb3b-64ef-41d7-bdbd-87d86d8fcc9b,2.852
1,2,340cea23-4c55-4e39-9880-8ab100c3240d,13798764-8016-4925-992a-8526fbd1e03b,3.228
1,2,340cea23-4c55-4e39-9880-8ab100c3240d,13ba1d52-1a19-42bf-ba94-dbb2045d5b27,1.717
1,2,340cea23-4c55-4e39-9880-8ab100c3240d,13fe31cd-6a69-4c7b-84b9-90bfd8662163,1.774
1,2,340cea23-4c55-4e39-9880-8ab100c3240d,1433c2da-2cff-4da3-a1fa-cd2517227f82,1.758
1,2,340cea23-4c55-4e39-9880-8ab100c3240d,157c65ad-c746-403e-b951-39938403f97c,1.735
1,2,340cea23-4c55-4e39-9880-8ab100c3240d,1713e297-f3c8-4f66-aa0c-5db2930dadf4,1.759
1,2,340cea23-4c55-4e39-9880-8ab100c3240d,17af7239-9222-4f56-b6b6-0bd0edd00b0e,1.998
1,2,340cea23-4c55-4e39-9880-8ab100c3240d,17b194c9-0950-4978-a25f-14792b8b3ca3,2.417
1,2,340cea23-4c55-4e39-9880-8ab100c3240d,182980fd-ddc3-45af-aeb3-aac24d634bc1,3.934
1,2,340cea23-4c55-4e39-9880-8ab100c3240d,1831a750-6885-49a3-8ffa-6967198951fd,3.632
1,2,340cea23-4c55-4e39-9880-8ab100c3240d,18926c66-864b-4357-995f-146288d077e1,4.393
1,2,340cea23-4c55-4e39-9880-8ab100c3240d,18cfc867-51a6-4041-a9ee-30f8fc569399,3.168
1,2,340cea23-4c55-4e39-9880-8ab100c3240d,19380ad9-5759-4d7b-9383-a5c377a9eddb,3.038
1,2,340cea23-4c55-4e39-9880-8ab100c3240d,19575271-a6bd-443b-85e2-087b8d749f6f,2.221
1,2,340cea23-4c55-4e39-9880-8ab100c3240d,1a2724fb-7617-4a80-85e4-94224fa18e93,1.771
1,2,340cea23-4c55-4e39-9880-8ab100c3240d,1b8363e1-8bc2-42ff-aa54-ce237c4a5f17,1.553
1,2,340cea23-4c55-4e39-9880-8ab100c3240d,1b9e2a76-4021-4666-b657-ee708e916505,1.748
1,2,340cea23-4c55-4e39-9880-8ab100c3240d,1b9f64b8-9abf-48c5-83a9-ae96ea5bf945,1.809
1,2,340cea23-4c55-4e39-9880-8ab100c3240d,1ba1ba55-e140-442c-9605-39c6e7f011b8,2.281
1,2,340cea23-4c55-4e39-9880-8ab100c3240d,1bd4bbe8-b6e9-4020-b95a-da1f21525bd1,3.495
1,2,340cea23-4c55-4e39-9880-8ab100c3240d,1d2dfaab-501b-4daa-b116-13917b5d70c3,3.241
1,2,340cea23-4c55-4e39-9880-8ab100c3240d,1ec0289a-5f14-4538-b61b-00e4cbfaf1dd,3.984
1,2,340cea23-4c55-4e39-9880-8ab100c3240d,1f445ac9-87d2-4923-aa1e-733829d52895,2.488
1,2,340cea23-4c55-4e39-9880-8ab100c3240d,1f4e3d9a-5e78-426f-bae4-c90327fefb73,1.97
1,2,340cea23-4c55-4e39-9880-8ab100c3240d,1f54bb14-01ef-4916-a4fc-96e5c8b10981,1.749
1,2,340cea23-4c55-4e39-9880-8ab100c3240d,1fac8146-cb52-414a-9149-6be94704cb07,1.637
1,2,340cea23-4c55-4e39-9880-8ab100c3240d,1ff81411-f2a2-4a48-9425-73fc02442c98,1.765
1,2,340cea23-4c55-4e39-9880-8ab100c3240d,1ff838e7-f0cf-4ccd-87c0-a90b07017cae,1.572
1,2,340cea23-4c55-4e39-9880-8ab100c3240d,204511ad-0ea8-4e13-8afa-74bbc3e51757,1.741
1,2,340cea23-4c55-4e39-9880-8ab100c3240d,20d7cc40-f6f2-40c9-a361-02de05fe16c8,2.013
1,2,340cea23-4c55-4e39-9880-8ab100c3240d,21edc8d6-2ebb-40ad-9fa9-ea047897ba26,2.339
1,2,340cea23-4c55-4e39-9880-8ab100c3240d,232dcd39-a98b-4e68-be9d-5b30c7f8a300,3.58
1,2,340cea23-4c55-4e39-9880-8ab100c3240d,2373693c-1a6d-4f2f-a82f-80a6c6387a22,3.612
1,2,340cea23-4c55-4e39-9880-8ab100c3240d,239ddbfe-5f8b-4853-b67d-20ac60f7a427,3.367
1,2,340cea23-4c55-4e39-9880-8ab100c3240d,23e69f6f-9002-44a4-9a01-953da9641760,4.688
1,2,340cea23-4c55-4e39-9880-8ab100c3240d,24757b35-d32d-4e65-a46c-81d9e6aad755,4.162
1,2,340cea23-4c55-4e39-9880-8ab100c3240d,247d2321-3fb0-44a6-b09f-6f254d4cd302,2.229
1,2,340cea23-4c55-4e39-9880-8ab100c3240d,25e63e54-0a59-4415-9ef2-8b25c717138a,1.814
1,2,340cea23-4c55-4e39-9880-8ab100c3240d,25ef82ad-8a7c-46ea-9e90-c76597b0c111,1.967
1,2,340cea23-4c55-4e39-9880-8ab100c3240d,268fd8b8-5b91-4ab8-9afb-e8d290407717,1.606
1,2,340cea23-4c55-4e39-9880-8ab100c3240d,26aecc54-e111-40cd-bc6b-6eee79774b29,1.992
1,2,340cea23-4c55-4e39-9880-8ab100c3240d,26b5df21-41a7-4ce7-b620-35d80bef71d1,2.218
1,2,340cea23-4c55-4e39-9880-8ab100c3240d,27b58024-c7ec-4a7a-8ab1-6a979761ae40,3.628
1,2,340cea23-4c55-4e39-9880-8ab100c3240d,2924901e-5c18-4b7e-993e-9cee0f257567,4.02
1,2,340cea23-4c55-4e39-9880-8ab100c3240d,295dfbd9-f0aa-41ac-869f-76529749f9fa,3.45
1,2,340cea23-4c55-4e39-9880-8ab100c3240d,2aa461bc-8a18-4fc0-bf9c-52cd6f2c1fa7,4.413
1,2,340cea23-4c55-4e39-9880-8ab100c3240d,2ac6fb12-90ce-43cc-95f9-50513a1964ec,3.65
1,2,340cea23-4c55-4e39-9880-8ab100c3240d,2b1cc476-9370-4e87-bd5b-0c7179330e6c,3.629
1,2,340cea23-4c55-4e39-9880-8ab100c3240d,2b459cda-8138-43d9-8db4-62c8e4b3c86e,2.683
1,2,340cea23-4c55-4e39-9880-8ab100c3240d,2c7893aa-3ac7-49ac-896b-21267133356f,1.919
1,2,340cea23-4c55-4e39-9880-8ab100c3240d,2cae49f7-e240-4082-98ed-12d7e98d2ff0,1.39
1,2,340cea23-4c55-4e39-9880-8ab100c3240d,2cd55c8a-dadf-4f9f-91ff-f9d5219b06e3,1.802
1,2,340cea23-4c55-4e39-9880-8ab100c3240d,2cf18878-0b08-4a3a-a88a-2d117cd99e11,1.764
1,2,340cea23-4c55-4e39-9880-8ab100c3240d,2d13ec71-2679-43f7-ad25-86f743877a92,1.935
1,2,340cea23-4c55-4e39-9880-8ab100c3240d,2d1afb75-a010-463a-a8fd-1f8268a5f1b3,2.056
1,2,340cea23-4c55-4e39-9880-8ab100c3240d,2d260332-d7b7-4cc7-8883-a5c9a2d5f95f,1.278
1,2,340cea23-4c55-4e39-9880-8ab100c3240d,2d71b9db-79c0-4e24-b5a1-85e9bbcb3306,1.072
1,2,340cea23-4c55-4e39-9880-8ab100c3240d,2da3d212-0b61-4904-bf5a-990cf1a3e895,1.03
1,2,340cea23-4c55-4e39-9880-8ab100c3240d,2de12f39-52d6-4356-abc9-cf1daa0ab761,1.045
1,2,340cea23-4c55-4e39-9880-8ab100c3240d,2e181cc8-fe0f-41c1-91dd-8ae25cb25c2d,1.2
1,2,340cea23-4c55-4e39-9880-8ab100c3240d,2e530a24-9a30-40ec-b8ce-31ce8a7dc279,1.625
1,2,340cea23-4c55-4e39-9880-8ab100c3240d,3194eb3d-b037-4d56-8c36-64c4ce9d6dd7,1.079
1,2,340cea23-4c55-4e39-9880-8ab100c3240d,319e4a80-6505-4a85-a7bc-6e19a48579d5,1.356
1,2,340cea23-4c55-4e39-9880-8ab100c3240d,321c71de-0f5f-4d01-8047-9d5b9e687358,1.268
1,2,340cea23-4c55-4e39-9880-8ab100c3240d,328c3b63-89fe-4f73-84df-057af843e2c1,1.53
1,2,340cea23-4c55-4e39-9880-8ab100c3240d,32906638-465f-4530-b9db-0af708dec0e1,1.517
1,2,340cea23-4c55-4e39-9880-8ab100c3240d,32ba14f0-b3ff-4fa4-8e49-d435259f8357,2.014
1,2,340cea23-4c55-4e39-9880-8ab100c3240d,3387be6d-001d-4acf-a37c-169c99d14efe,1.93
1,2,340cea23-4c55-4e39-9880-8ab100c3240d,33924bc6-add8-4a30-9b0a-3657e5447144,3.595
1,2,340cea23-4c55-4e39-9880-8ab100c3240d,343c6159-fc5b-46fc-a634-306ce910902d,2.949
1,2,340cea23-4c55-4e39-9880-8ab100c3240d,344789ab-4f52-4e94-9b89-a33780f33d63,3.703
1,2,340cea23-4c55-4e39-9880-8ab100c3240d,349b5230-c466-482d-9eee-4d19258aa994,2.637
1,2,340cea23-4c55-4e39-9880-8ab100c3240d,34f6cf95-0a40-4103-bc62-313185de8837,1.914
1,2,340cea23-4c55-4e39-9880-8ab100c3240d,361307d6-40ee-422e-8e4d-05e4ae512570,1.816
1,2,340cea23-4c55-4e39-9880-8ab100c3240d,36bcea3e-5139-4428-a446-231e157c056a,1.765
1,2,340cea23-4c55-4e39-9880-8ab100c3240d,38565d7e-080b-4030-9e6c-bf4c9442c556,1.825
1,2,340cea23-4c55-4e39-9880-8ab100c3240d,3901c040-2d52-405f-beb0-77ae1ceda5e5,1.738
1,2,340cea23-4c55-4e39-9880-8ab100c3240d,3a296000-e737-4317-b43d-4e1da3cf0ed8,1.969
1,2,340cea23-4c55-4e39-9880-8ab100c3240d,3a3813d7-b260-47cb-bdc1-1d2e3f94665a,3.005
1,2,340cea23-4c55-4e39-9880-8ab100c3240d,3ab34336-4e7c-4c93-8244-85ec9ef4e84e,2.4
1,2,340cea23-4c55-4e39-9880-8ab100c3240d,3ab580b5-4c99-462c-8b6d-831598059c11,2.421
1,2,340cea23-4c55-4e39-9880-8ab100c3240d,3ac95d5b-3079-4581-a711-f7ac39d08e70,2.629
1,2,340cea23-4c55-4e39-9880-8ab100c3240d,3c605e8f-d86d-4550-8ceb-4bf7f9ff7766,2.194
1,2,340cea23-4c55-4e39-9880-8ab100c3240d,3cc1e391-236d-406b-8bae-a127f045776c,4.488
1,2,340cea23-4c55-4e39-9880-8ab100c3240d,3e4746ec-49cf-44bd-b7ed-a1ffa29d422e,3.089
1,2,340cea23-4c55-4e39-9880-8ab100c3240d,3e82722f-4c52-4631-b973-4f0726a97cc6,1.671
1,2,340cea23-4c55-4e39-9880-8ab100c3240d,3eafbb8a-ba5c-4f37-a9aa-8b4ec41c8006,1.411
1,2,340cea23-4c55-4e39-9880-8ab100c3240d,3f183713-3dd7-4d0d-9a7d-1ded42889c5e,1.469
1,2,340cea23-4c55-4e39-9880-8ab100c3240d,3f5b33d7-805e-40a7-bb6f-fe490d562ac1,1.475
1,2,340cea23-4c55-4e39-9880-8ab100c3240d,3f635604-c7d2-4c13-a2a2-ccba5e540499,1.404
1,2,340cea23-4c55-4e39-9880-8ab100c3240d,3f7ff682-4837-457b-a2c7-c6682a7b3844,1.962
1,2,340cea23-4c55-4e39-9880-8ab100c3240d,3ffe169b-cac1-4696-9161-6aeaa3352c83,1.76
1,2,340cea23-4c55-4e39-9880-8ab100c3240d,405e2e9e-0e20-4c6d-beb0-80e557411634,1.848
1,2,340cea23-4c55-4e39-9880-8ab100c3240d,40d14ff6-9f55-4af6-a63f-7329404827b8,3.189
1,2,340cea23-4c55-4e39-9880-8ab100c3240d,413262e0-daa5-4d3a-beed-b4fee931d3c3,2.424
1,2,340cea23-4c55-4e39-9880-8ab100c3240d,41ccba95-f222-4771-a1f0-ad7acc346fc7,2.696
1,2,340cea23-4c55-4e39-9880-8ab100c3240d,42b2af3b-9598-423c-b471-6c754bf93a4f,2.859
1,2,340cea23-4c55-4e39-9880-8ab100c3240d,42cd9830-1db7-40ab-bc7d-9386b0771975,2.885
1,2,340cea23-4c55-4e39-9880-8ab100c3240d,43054fb8-ed37-4429-bd5e-14b26cfadf76,1.757
1,2,340cea23-4c55-4e39-9880-8ab100c3240d,4328846c-a3d8-4e30-bfb2-9a24b2dd8e74,1.287
1,2,340cea23-4c55-4e39-9880-8ab100c3240d,435c0164-30af-4b7a-bd1e-869872bcbc39,1.71
1,2,340cea23-4c55-4e39-9880-8ab100c3240d,4364995a-88a9-4321-be86-1ed361c92fb3,1.601
1,2,340cea23-4c55-4e39-9880-8ab100c3240d,43da761e-88e6-4a9a-9687-8ea14e7c50c1,1.939
1,2,340cea23-4c55-4e39-9880-8ab100c3240d,43ed1fca-13be-4762-8726-e524e26dc10a,2.138
1,2,340cea23-4c55-4e39-9880-8ab100c3240d,44018291-f533-4452-90d7-9476dbc512bf,2.843
1,2,340cea23-4c55-4e39-9880-8ab100c3240d,445748dd-0d5a-44f7-a708-aabb7b30a466,2.388
1,2,340cea23-4c55-4e39-9880-8ab100c3240d,445e460d-e41f-48f2-a52d-6561ef645bed,2.803
1,2,340cea23-4c55-4e39-9880-8ab100c3240d,451d8945-2285-4470-85cb-6ec69d06a417,2.348
1,2,340cea23-4c55-4e39-9880-8ab100c3240d,4520159d-decc-452d-b5de-092ab0b41790,3.053
1,2,340cea23-4c55-4e39-9880-8ab100c3240d,4520f43a-18c0-4d17-8838-f0e62c9c9aee,2.544
1,2,340cea23-4c55-4e39-9880-8ab100c3240d,455979be-95c6-4009-bfa8-3fa2a62266fc,1.92
1,2,340cea23-4c55-4e39-9880-8ab100c3240d,459bf308-e864-4e73-bafc-40c3cd1e18d3,1.706
1,2,340cea23-4c55-4e39-9880-8ab100c3240d,45b09f7c-236c-43ca-8c32-a0ffbbc35550,1.55
1,2,340cea23-4c55-4e39-9880-8ab100c3240d,45f0602e-ed15-42e3-969f-38feb3bb81f3,1.631
1,2,340cea23-4c55-4e39-9880-8ab100c3240d,46ebc931-62ac-431f-89b3-838cee56db7a,1.787
1,2,340cea23-4c55-4e39-9880-8ab100c3240d,4709793a-cddf-40e1-8eb6-645a195153c5,1.84
1,2,340cea23-4c55-4e39-9880-8ab100c3240d,4725a9d4-5f1a-46ea-9698-5d12e899b280,3.118
1,2,340cea23-4c55-4e39-9880-8ab100c3240d,47b38498-f044-42be-8b24-417b2013f586,2.807
1,2,340cea23-4c55-4e39-9880-8ab100c3240d,47c5b69a-e84d-4754-99a0-4ff145246ace,3.005
1,2,340cea23-4c55-4e39-9880-8ab100c3240d,489cf72f-c52a-4f74-bc9e-ac067e96644f,3.375
1,2,340cea23-4c55-4e39-9880-8ab100c3240d,49eef895-cb84-459f-82b8-0d9498faacf8,3.95
1,2,340cea23-4c55-4e39-9880-8ab100c3240d,4b37eaa3-cca2-4583-9106-45a3b06166a4,3.935
1,2,340cea23-4c55-4e39-9880-8ab100c3240d,4d0f1001-503c-44ef-afc1-5e25584d83b0,1.923
1,2,340cea23-4c55-4e39-9880-8ab100c3240d,4d37ce08-d791-41fa-9d2a-7b3609c2e016,1.649
1,2,340cea23-4c55-4e39-9880-8ab100c3240d,4d562567-046f-4f06-ada3-1461473f47d2,1.59
1,2,340cea23-4c55-4e39-9880-8ab100c3240d,4d8a9cf0-c7f7-46ee-817a-8af1fce9cdad,1.096
1,2,340cea23-4c55-4e39-9880-8ab100c3240d,4ef8e86c-35f2-4759-b2a4-93149cc0b07e,0.851
1,2,340cea23-4c55-4e39-9880-8ab100c3240d,4f174fc2-650c-440c-b0ba-682ea8bc462d,1.025
1,2,340cea23-4c55-4e39-9880-8ab100c3240d,4f408e09-6916-4611-bad3-796f85a4fd20,0.91
1,2,340cea23-4c55-4e39-9880-8ab100c3240d,4f7c522f-491d-44f8-b2c6-51cc351afc96,0.971
1,2,340cea23-4c55-4e39-9880-8ab100c3240d,4fa67727-b670-49f0-b25d-39de4d49174c,1.061
1,2,340cea23-4c55-4e39-9880-8ab100c3240d,50bfc0c8-074d-4193-aec3-5a4eea70a4c1,1.138
1,2,340cea23-4c55-4e39-9880-8ab100c3240d,50cfb008-3da2-4ae4-a30b-1bb9e7707752,1.385
1,2,340cea23-4c55-4e39-9880-8ab100c3240d,510f4d94-a38f-4337-b082-04ac4e06789a,1.508
1,2,340cea23-4c55-4e39-9880-8ab100c3240d,51371cf1-b0e3-44c8-a3f1-31d7ffc1bc2e,1.422
1,2,340cea23-4c55-4e39-9880-8ab100c3240d,5179d0a7-38a6-4e88-8982-31362a5ad58b,1.967
1,2,340cea23-4c55-4e39-9880-8ab100c3240d,51ea9e62-0a44-4705-9ce9-af895de9ffd8,1.649
1,2,340cea23-4c55-4e39-9880-8ab100c3240d,52887346-7a6b-43d1-8ba3-037a45696b89,1.6
1,2,340cea23-4c55-4e39-9880-8ab100c3240d,52cd53a3-523b-45ca-9842-63ed88c0e224,1.473
1,2,340cea23-4c55-4e39-9880-8ab100c3240d,52e06e12-568c-4105-8234-bbb04e04d9a2,1.613
1,2,340cea23-4c55-4e39-9880-8ab100c3240d,53f45c81-73b8-484c-a84f-f940d93c4356,1.679
1,2,340cea23-4c55-4e39-9880-8ab100c3240d,5418ab01-a3e1-443a-908a-dc07e4f9c411,2.059
1,2,340cea23-4c55-4e39-9880-8ab100c3240d,5449ef20-8af3-49ed-bca0-f71767771934,3.381
1,2,340cea23-4c55-4e39-9880-8ab100c3240d,54796298-58c0-4e89-8191-80c9c5242d07,3.943
1,2,340cea23-4c55-4e39-9880-8ab100c3240d,54dc3a96-0ba1-496b-b617-f452e306c627,2.993
1,2,340cea23-4c55-4e39-9880-8ab100c3240d,54fed884-f87a-49a8-9b10-113f6dddb662,2.952
1,2,340cea23-4c55-4e39-9880-8ab100c3240d,561985a9-60cb-4437-90cc-5d587b25fa72,3.168
1,2,340cea23-4c55-4e39-9880-8ab100c3240d,563aa8c1-64f5-413a-bd08-af5b91620287,1.707
1,2,340cea23-4c55-4e39-9880-8ab100c3240d,5739fbde-6765-4925-abe2-0affa29ed35f,1.69
1,2,340cea23-4c55-4e39-9880-8ab100c3240d,573c76b6-20bd-442f-9ec0-16b3f93ebfac,1.469
1,2,340cea23-4c55-4e39-9880-8ab100c3240d,5789fbca-8614-4f8d-80a5-8eff2324789e,1.447
1,2,340cea23-4c55-4e39-9880-8ab100c3240d,57cfbdbe-5ec4-49d9-8681-6d93c9cf2d3d,1.27
1,2,340cea23-4c55-4e39-9880-8ab100c3240d,57d3d5b2-11f0-4d3a-b7ef-c7e176da1359,1.332
1,2,340cea23-4c55-4e39-9880-8ab100c3240d,59631a6a-6554-4e80-87ac-fcfb4c10f77d,1.41
1,2,340cea23-4c55-4e39-9880-8ab100c3240d,59aa6c2e-541e-4612-8779-6d68751bf714,1.454
1,2,340cea23-4c55-4e39-9880-8ab100c3240d,59aeb790-18e0-42aa-a8e5-61e49fc67fe7,1.385
1,2,340cea23-4c55-4e39-9880-8ab100c3240d,5a34488d-85d4-401a-bfda-23880c3f4b09,1.519
1,2,340cea23-4c55-4e39-9880-8ab100c3240d,5a81cc52-8526-49dc-a73b-a4cbcb1c8c99,1.288
1,2,340cea23-4c55-4e39-9880-8ab100c3240d,5ac9ede5-9973-47d6-84bb-adcc8b90a0f4,1.764
1,2,340cea23-4c55-4e39-9880-8ab100c3240d,5ade8181-f102-4a91-a08e-f294e7b23338,1.236
1,2,340cea23-4c55-4e39-9880-8ab100c3240d,5b626483-e133-428e-91e9-792a2f54b8bf,1.645
1,2,340cea23-4c55-4e39-9880-8ab100c3240d,5b994278-03d2-4cf8-b9cf-39ba642a980e,1.247
1,2,340cea23-4c55-4e39-9880-8ab100c3240d,5bbd1497-c7c6-43dc-82ae-925bb50f261b,1.498
1,2,340cea23-4c55-4e39-9880-8ab100c3240d,5c3565dd-c54f-4e07-bc15-d0e2257e5886,1.359
1,2,340cea23-4c55-4e39-9880-8ab100c3240d,5c7b74e0-bd7b-4b52-9268-7ea9869de341,1.769
1,2,340cea23-4c55-4e39-9880-8ab100c3240d,5cd03663-c3a3-4950-81ff-8d7092ebcb11,2.371
1,2,340cea23-4c55-4e39-9880-8ab100c3240d,5cefb4c3-96a0-4179-832c-ee5f9c2f219f,2.99
1,2,340cea23-4c55-4e39-9880-8ab100c3240d,5d36da9c-e929-40c7-adf2-7865b93182b3,3.28
1,2,340cea23-4c55-4e39-9880-8ab100c3240d,5d484a24-c649-4b90-a802-b7ae52418890,3.1
1,2,340cea23-4c55-4e39-9880-8ab100c3240d,5d7372ad-1c31-42e9-ab58-0d273fbd3f1d,2.951
1,2,340cea23-4c55-4e39-9880-8ab100c3240d,5d981d81-8b11-4192-b814-cf3c83999827,3.887
1,2,340cea23-4c55-4e39-9880-8ab100c3240d,5d98ce52-662d-45f0-b511-d5a1dd84850a,3.028
1,2,340cea23-4c55-4e39-9880-8ab100c3240d,5d9bbf50-62ff-4575-9af7-bef1405566e0,2.423
1,2,340cea23-4c55-4e39-9880-8ab100c3240d,5dcc89ac-30b4-44ae-84eb-b05ef7efa475,1.421
1,2,340cea23-4c55-4e39-9880-8ab100c3240d,5e3bf3f7-a074-43bb-aef8-53c9ee9080ef,1.314
1,2,340cea23-4c55-4e39-9880-8ab100c3240d,5f1749c1-a5cb-4143-9514-f172730b33f5,1.501
1,2,340cea23-4c55-4e39-9880-8ab100c3240d,60088ae7-183a-49e2-8925-50726f8d5c23,1.982
1,2,340cea23-4c55-4e39-9880-8ab100c3240d,600b494d-5335-4bae-9a80-f8153e52dd79,1.967
1,2,340cea23-4c55-4e39-9880-8ab100c3240d,6020b8c2-81fe-4fbd-9fc2-815916a9679c,3.622
1,2,340cea23-4c55-4e39-9880-8ab100c3240d,614d6dad-793b-4eb4-89f8-6789698796e5,3.43
1,2,340cea23-4c55-4e39-9880-8ab100c3240d,627ebc00-dac6-4767-8994-5cd9efb020c1,3.586
1,2,340cea23-4c55-4e39-9880-8ab100c3240d,62eef790-b6b0-4c53-908c-404014e09498,2.847
1,2,340cea23-4c55-4e39-9880-8ab100c3240d,634363ea-27ea-4df4-8ca7-6ecabf281fa1,2.902
1,2,340cea23-4c55-4e39-9880-8ab100c3240d,634e0fe9-d5bc-42ee-b346-f65f67307bad,2.997
1,2,340cea23-4c55-4e39-9880-8ab100c3240d,636cbe3a-0adb-480d-8b34-d7f8397b3504,1.729
1,2,340cea23-4c55-4e39-9880-8ab100c3240d,644cc030-2253-4baa-b292-0cd06c2ec1d8,1.796
1,2,340cea23-4c55-4e39-9880-8ab100c3240d,662ee280-5825-4c2f-9e2a-b810693423b9,1.48
1,2,340cea23-4c55-4e39-9880-8ab100c3240d,6682da80-3ce0-4b9b-a1fc-21d6bc2357a6,1.553
1,2,340cea23-4c55-4e39-9880-8ab100c3240d,6790f261-9a8b-43c5-a556-fe4b5971b18e,1.987
1,2,340cea23-4c55-4e39-9880-8ab100c3240d,6889079e-1d08-4517-87fa-8e7aa159b132,2.179
1,2,340cea23-4c55-4e39-9880-8ab100c3240d,6984cad7-38b4-4429-8521-3043b4034165,3.037
1,2,340cea23-4c55-4e39-9880-8ab100c3240d,699f0e93-592c-454f-aff7-e4d902c45237,3.292
1,2,340cea23-4c55-4e39-9880-8ab100c3240d,69f2e03c-0b0b-4ba9-b854-15412341396e,3.209
1,2,340cea23-4c55-4e39-9880-8ab100c3240d,69ff2188-4aa4-44c0-9dad-e983cdc27086,3.971
1,2,340cea23-4c55-4e39-9880-8ab100c3240d,6a8ff589-a177-419c-9517-3801cbbfb5ad,3.024
1,2,340cea23-4c55-4e39-9880-8ab100c3240d,6ac6a0bf-b462-47e7-8718-f0619e088cbe,1.773
1,2,340cea23-4c55-4e39-9880-8ab100c3240d,6b581f1a-3c99-4891-9ec9-6f377c9b25c7,1.515
1,2,340cea23-4c55-4e39-9880-8ab100c3240d,6c49baf1-62b8-41d9-aef6-d05124b9500e,1.195
1,2,340cea23-4c55-4e39-9880-8ab100c3240d,6dabfc7d-6f60-4408-8099-a243b456205f,0.948
1,2,340cea23-4c55-4e39-9880-8ab100c3240d,6dd68b8f-d0cb-41fe-943a-dcafbd98abb7,0.877
1,2,340cea23-4c55-4e39-9880-8ab100c3240d,6e176937-602b-45ac-824d-2c8cc4137534,0.896
1,2,340cea23-4c55-4e39-9880-8ab100c3240d,6e616da6-d416-4b0c-8b59-a8691f85b46f,1.096
1,2,340cea23-4c55-4e39-9880-8ab100c3240d,6f1ae2b8-77be-4c46-9aa3-ce4405f16d13,1.101
1,2,340cea23-4c55-4e39-9880-8ab100c3240d,6fca75fe-fc53-4719-96e4-4ece2919e5d6,1.221
1,2,340cea23-4c55-4e39-9880-8ab100c3240d,707b86e4-b2eb-4763-9df6-c635e38d4b5c,1.541
1,2,340cea23-4c55-4e39-9880-8ab100c3240d,7107b222-0129-442d-ac65-f7933912f094,1.662
1,2,340cea23-4c55-4e39-9880-8ab100c3240d,73d3e8cc-1d9f-42a2-990b-65deae8245c2,1.771
1,2,340cea23-4c55-4e39-9880-8ab100c3240d,740cf247-4f18-4e65-bffd-5a639bb0bec1,1.9
1,2,340cea23-4c55-4e39-9880-8ab100c3240d,74c56bcb-eb90-4155-8d24-ff3db1cff3c5,2.838
1,2,340cea23-4c55-4e39-9880-8ab100c3240d,74e80eaf-7f66-404a-8505-f820147b2fce,2.202
1,2,340cea23-4c55-4e39-9880-8ab100c3240d,75478674-18b4-4678-a6fd-73fb6cd8ad69,1.467
1,2,340cea23-4c55-4e39-9880-8ab100c3240d,75651f9b-858c-47c9-9f1e-66dd8a42708b,1.666
1,2,340cea23-4c55-4e39-9880-8ab100c3240d,7568642a-6cdd-40ac-b8bd-d0bb389e8343,1.475
1,2,340cea23-4c55-4e39-9880-8ab100c3240d,76399847-7d11-439a-a56e-b0dc6100458d,1.462
1,2,340cea23-4c55-4e39-9880-8ab100c3240d,7650c67e-df24-415b-b7c6-db56492496de,2.012
1,2,340cea23-4c55-4e39-9880-8ab100c3240d,768d18d7-f405-4a75-9f3b-94667a17201d,2.779
1,2,340cea23-4c55-4e39-9880-8ab100c3240d,76ba71d3-b23e-49e9-8876-619e4bb8dc78,3.157
1,2,340cea23-4c55-4e39-9880-8ab100c3240d,77b2520c-8832-40c1-a1cf-506b2b728b67,5.024
1,2,340cea23-4c55-4e39-9880-8ab100c3240d,7809915b-1994-48ff-9550-4399b192c775,2.689
1,2,340cea23-4c55-4e39-9880-8ab100c3240d,78181975-a5c8-42ed-8a8c-5e2c26e3831d,2.927
1,2,340cea23-4c55-4e39-9880-8ab100c3240d,7850e571-f3d5-4e62-881b-8e4cb356af7a,3.391
1,2,340cea23-4c55-4e39-9880-8ab100c3240d,7862366c-4fb8-4e14-a56e-f38357e52b90,1.805
1,2,340cea23-4c55-4e39-9880-8ab100c3240d,786b982d-db97-4d7c-930c-d6163726c9d4,1.653
1,2,340cea23-4c55-4e39-9880-8ab100c3240d,7941f94e-b23d-443e-ad02-a975b3e68c6c,1.308
1,2,340cea23-4c55-4e39-9880-8ab100c3240d,79424397-4183-44a5-a902-2d32aa04a902,1.314
1,2,340cea23-4c55-4e39-9880-8ab100c3240d,7952335a-e065-4c40-b32a-0bdcb3d89e0e,1.518
1,2,340cea23-4c55-4e39-9880-8ab100c3240d,7ae03eaf-15fd-4271-90e5-ddcc666a09bc,1.297
1,2,340cea23-4c55-4e39-9880-8ab100c3240d,7b2da6e4-3bed-4323-a151-63e3ac784887,1.324
1,2,340cea23-4c55-4e39-9880-8ab100c3240d,7c214ddd-016d-4ee6-a5fa-26f96967fa6a,3.514
1,2,340cea23-4c55-4e39-9880-8ab100c3240d,7cfb7242-0023-4f34-a9b6-9c5fca46bab3,2.907
1,2,340cea23-4c55-4e39-9880-8ab100c3240d,7d1074a5-734d-4ffe-83e3-1d23368fd3b2,2.843
1,2,340cea23-4c55-4e39-9880-8ab100c3240d,7d2bcdac-0986-490d-b5f7-85a70c561330,2.787
1,2,340cea23-4c55-4e39-9880-8ab100c3240d,7d537481-5e2b-425e-a446-49c2efb0ab1a,1.976
1,2,340cea23-4c55-4e39-9880-8ab100c3240d,7d998793-2c73-46d3-bc15-aa54828a6b9e,1.68
1,2,340cea23-4c55-4e39-9880-8ab100c3240d,7dd34f24-4391-4e09-915c-f4456967ac2a,1.308
1,2,340cea23-4c55-4e39-9880-8ab100c3240d,7e765632-6a9f-43df-90a7-6f8b45c58243,1.423
1,2,340cea23-4c55-4e39-9880-8ab100c3240d,7e80f417-1982-4cf9-a659-34decf18ada3,1.568
1,2,340cea23-4c55-4e39-9880-8ab100c3240d,7f012dcc-e898-4361-a436-1f6cbae49227,1.98
1,2,340cea23-4c55-4e39-9880-8ab100c3240d,7fc40734-e897-43b1-ad53-26939082f5c2,2.962
1,2,340cea23-4c55-4e39-9880-8ab100c3240d,7fe3fa10-049a-42bd-9bac-f3b43c1776a1,3.092
1,2,340cea23-4c55-4e39-9880-8ab100c3240d,81089ef8-5cff-477b-82d6-7730d2fae660,3.52
1,2,340cea23-4c55-4e39-9880-8ab100c3240d,812f6a66-ba6d-4cfb-a544-2ea9c77ba1c9,2.637
1,2,340cea23-4c55-4e39-9880-8ab100c3240d,81323eb5-7317-48d5-aa77-d2d80e99e8cc,3.646
1,2,340cea23-4c55-4e39-9880-8ab100c3240d,81637460-6af3-4b4e-a129-c5147bf4a2a9,1.737
1,2,340cea23-4c55-4e39-9880-8ab100c3240d,824102f9-3c50-4c5e-b2d6-dbc5dcc172fd,1.298
1,2,340cea23-4c55-4e39-9880-8ab100c3240d,824edcb4-cd49-435f-91ff-47d528e849b7,1.722
1,2,340cea23-4c55-4e39-9880-8ab100c3240d,8259bea3-da9e-4d2d-a2e3-cb3e673bdec5,1.799
1,2,340cea23-4c55-4e39-9880-8ab100c3240d,82802d4f-14c4-4653-9957-f469921b6e90,1.313
1,2,340cea23-4c55-4e39-9880-8ab100c3240d,828a6275-9d37-44be-a74d-1b6fdad6da0e,1.461
1,2,340cea23-4c55-4e39-9880-8ab100c3240d,828cba51-360d-49bd-a9a4-083ef427b1bf,1.477
1,2,340cea23-4c55-4e39-9880-8ab100c3240d,838eb9e5-1044-4ccd-90b9-6ca47c237a71,1.672
1,2,340cea23-4c55-4e39-9880-8ab100c3240d,844d7264-b09e-4e98-a0c6-f98e90f9cc39,2.242
1,2,340cea23-4c55-4e39-9880-8ab100c3240d,8473bc53-08b7-4b59-942b-16d9b2b7d2bb,3.07
1,2,340cea23-4c55-4e39-9880-8ab100c3240d,84b67fb1-dd7e-40eb-bd00-779784a3de59,3.139
1,2,340cea23-4c55-4e39-9880-8ab100c3240d,84bef7c3-b4ad-4309-93f3-1525c8e2de6c,3.678
1,2,340cea23-4c55-4e39-9880-8ab100c3240d,84dafd27-eed0-40f9-a44c-6cd0e8ed155e,3.498
1,2,340cea23-4c55-4e39-9880-8ab100c3240d,8530d925-97eb-4b0c-902e-28c79b44b3a7,3.239
1,2,340cea23-4c55-4e39-9880-8ab100c3240d,8542cdac-6fd6-4bc9-a96d-b18cca73b6fc,2.852
1,2,340cea23-4c55-4e39-9880-8ab100c3240d,861b1a47-44d8-4e86-a237-443378dfc297,1.573
1,2,340cea23-4c55-4e39-9880-8ab100c3240d,865116f7-0e6c-4a9d-9910-fbe6d6c5cd64,1.368
1,2,340cea23-4c55-4e39-9880-8ab100c3240d,86562058-527e-4418-af77-50c3f571888f,1.501
1,2,340cea23-4c55-4e39-9880-8ab100c3240d,86825516-6f1c-4804-9ad3-2ba9c76e45e6,1.678
1,2,340cea23-4c55-4e39-9880-8ab100c3240d,86ba2093-1b0d-44b6-a549-a5447c1b9ab1,1.752
1,2,340cea23-4c55-4e39-9880-8ab100c3240d,8712c62d-cf57-4d35-a8c6-009dfe965f08,2.203
1,2,340cea23-4c55-4e39-9880-8ab100c3240d,8761c314-c427-4232-bf50-b3eca113a599,3.129
1,2,340cea23-4c55-4e39-9880-8ab100c3240d,87834645-4edd-468a-be47-1d6b933ee3ef,5.326
1,2,340cea23-4c55-4e39-9880-8ab100c3240d,87bc8556-8c72-4202-b534-799d908a393b,2.092
1,2,340cea23-4c55-4e39-9880-8ab100c3240d,87c50e0a-ff56-40e5-b790-358d2120d21d,1.215
1,2,340cea23-4c55-4e39-9880-8ab100c3240d,881dcda8-0ff0-48fc-bf6d-6f4be59047a1,1.017
1,2,340cea23-4c55-4e39-9880-8ab100c3240d,88653822-cebb-4ee5-865b-767329b286b1,1.208
1,2,340cea23-4c55-4e39-9880-8ab100c3240d,88c9e83d-f0cc-4b72-b574-c041e412177d,1.145
1,2,340cea23-4c55-4e39-9880-8ab100c3240d,88e806d6-e14c-4bc2-9b60-45fcbcbc48b3,1.328
1,2,340cea23-4c55-4e39-9880-8ab100c3240d,8902ae16-4ccb-484e-b9bb-c41031b96634,0.923
1,2,340cea23-4c55-4e39-9880-8ab100c3240d,8937c85e-beab-4b7a-bc47-3b793ca37479,0.948
1,2,340cea23-4c55-4e39-9880-8ab100c3240d,89848ac2-c232-4fe9-93d3-0959a89b5f09,1.008
1,2,340cea23-4c55-4e39-9880-8ab100c3240d,89f6fdf1-ea3d-465b-ad38-5417fd066113,1.184
1,2,340cea23-4c55-4e39-9880-8ab100c3240d,8a5d7b61-bdc1-4d4a-b12e-d1225d40d2b5,1.396
1,2,340cea23-4c55-4e39-9880-8ab100c3240d,8a939bb5-ec16-4385-9c91-6a3c7f7b8717,1.713
1,2,340cea23-4c55-4e39-9880-8ab100c3240d,8b978314-7b0d-498e-9f8b-e0932da14c6f,2.022
1,2,340cea23-4c55-4e39-9880-8ab100c3240d,8b9d04a2-fdbb-4294-ada4-fcdb39d1fd9f,3.301
1,2,340cea23-4c55-4e39-9880-8ab100c3240d,8c207107-882b-4ff6-b974-0e632b81e579,2.962
1,2,340cea23-4c55-4e39-9880-8ab100c3240d,8c5ab055-7cea-49e5-8e0d-df4437306511,4.208
1,2,340cea23-4c55-4e39-9880-8ab100c3240d,8c95e273-434b-4a50-a13c-5e184d252ce4,1.461
1,2,340cea23-4c55-4e39-9880-8ab100c3240d,8ca994bf-4304-4acb-a7f8-9647d4642599,1.359
1,2,340cea23-4c55-4e39-9880-8ab100c3240d,8cdee0aa-b0cd-46cb-bc8a-f32d47c8334b,1.356
1,2,340cea23-4c55-4e39-9880-8ab100c3240d,8cfc78f8-eb45-4405-933f-abfe658049cc,1.466
1,2,340cea23-4c55-4e39-9880-8ab100c3240d,8d9a0015-c379-40e1-b518-9f6c7204f864,1.646
1,2,340cea23-4c55-4e39-9880-8ab100c3240d,8e8c9752-1f65-49b1-b06a-cb7b0ea62fa3,1.997
1,2,340cea23-4c55-4e39-9880-8ab100c3240d,90065532-a548-4570-a31f-c5148401ecf3,1.505
1,2,340cea23-4c55-4e39-9880-8ab100c3240d,9104f70e-99a3-4b7e-ae0f-3ad55dc736e6,1.349
1,2,340cea23-4c55-4e39-9880-8ab100c3240d,9157db99-324b-4b96-b40a-8e710b620e72,1.444
1,2,340cea23-4c55-4e39-9880-8ab100c3240d,91e4fd05-c5ae-45b5-a8cd-35a1fd4a3b06,1.658
1,2,340cea23-4c55-4e39-9880-8ab100c3240d,91f2d3b2-e494-4004-bb00-9781bc8d36b2,2.077
1,2,340cea23-4c55-4e39-9880-8ab100c3240d,93a04ee4-4565-4021-8e22-b911362b0e2e,2.034
1,2,340cea23-4c55-4e39-9880-8ab100c3240d,93d57360-8843-47c2-97b2-c0cda20fd89c,2.773
1,2,340cea23-4c55-4e39-9880-8ab100c3240d,93e53203-30f7-4866-8544-fb11b9f8323a,1.443
1,2,340cea23-4c55-4e39-9880-8ab100c3240d,94926342-e9c3-4924-acd0-39849e687a3b,1.619
1,2,340cea23-4c55-4e39-9880-8ab100c3240d,952a66df-f9f2-44fd-8f14-a86d8c9752ac,1.218
1,2,340cea23-4c55-4e39-9880-8ab100c3240d,956da48c-6228-4db5-b3d1-4e12ebd8aa4d,1.505
1,2,340cea23-4c55-4e39-9880-8ab100c3240d,9588cfb6-ea01-4901-8e9d-59701c258af0,1.743
1,2,340cea23-4c55-4e39-9880-8ab100c3240d,958f56ac-1cf3-4c60-bfda-e651f0acec90,2.705
1,2,340cea23-4c55-4e39-9880-8ab100c3240d,95ae1057-fbc6-4369-9c7e-d880b4c3ab29,4.012
1,2,340cea23-4c55-4e39-9880-8ab100c3240d,95b992fd-5519-4bb8-a5a0-4025dcfdd1a8,2.773
1,2,340cea23-4c55-4e39-9880-8ab100c3240d,95cda747-3e80-479d-a7fa-9984f1fca592,2.567
1,2,340cea23-4c55-4e39-9880-8ab100c3240d,9659f544-4c85-4a34-b864-6ddd06405d1f,3.096
1,2,340cea23-4c55-4e39-9880-8ab100c3240d,967325af-a137-4044-9fa5-51b647b2f51c,2.935
1,2,340cea23-4c55-4e39-9880-8ab100c3240d,9678cd02-104f-4979-b970-0ded3af782ea,1.733
1,2,340cea23-4c55-4e39-9880-8ab100c3240d,96fcfdca-9f05-497e-8d32-3dedac414d34,1.484
1,2,340cea23-4c55-4e39-9880-8ab100c3240d,97f64ea5-c879-4ca0-9503-13d051a52cb2,1.354
1,2,340cea23-4c55-4e39-9880-8ab100c3240d,984693d4-1fc4-42b2-b915-5b6a9297b728,1.473
1,2,340cea23-4c55-4e39-9880-8ab100c3240d,987ec41a-26ea-49e9-b9d0-73259b31c84d,1.657
1,2,340cea23-4c55-4e39-9880-8ab100c3240d,99407965-ded3-4a66-b553-9d53152560f1,1.91
1,2,340cea23-4c55-4e39-9880-8ab100c3240d,99554a43-3cb2-42f7-9f21-16cdf80b6e7d,2.675
1,2,340cea23-4c55-4e39-9880-8ab100c3240d,9ab36ec6-a409-4c2a-b7cb-8fcbddb0da17,3.071
1,2,340cea23-4c55-4e39-9880-8ab100c3240d,9ab49b5f-1422-460b-af64-4b1398e29ed3,3.421
1,2,340cea23-4c55-4e39-9880-8ab100c3240d,9b02e52b-c940-4d93-9006-3409d479655e,2.907
1,2,340cea23-4c55-4e39-9880-8ab100c3240d,9b2afc62-7913-41a2-aba1-1b842584cead,2.451
1,2,340cea23-4c55-4e39-9880-8ab100c3240d,9bb13911-9600-48c9-879b-ae9496566f37,2.651
1,2,340cea23-4c55-4e39-9880-8ab100c3240d,9c4e6bf9-46c8-43db-9d8b-825cf839f0d9,1.538
1,2,340cea23-4c55-4e39-9880-8ab100c3240d,9d114a05-f6ac-44d6-a4c7-fdb9e3937cad,1.561
1,2,340cea23-4c55-4e39-9880-8ab100c3240d,9dcef836-1a94-436b-9953-f755bbd4b1f8,1.312
1,2,340cea23-4c55-4e39-9880-8ab100c3240d,9ee75f6a-9afa-420d-842a-ffd6df27df46,1.432
1,2,340cea23-4c55-4e39-9880-8ab100c3240d,9f2a18d0-a5b3-4f38-a076-8fd27116ebd0,1.824
1,2,340cea23-4c55-4e39-9880-8ab100c3240d,9f6ee8f6-cfd9-4d85-9bc2-995d716f1fb4,1.979
1,2,340cea23-4c55-4e39-9880-8ab100c3240d,9fa7ff0b-a18c-4388-986b-919281eb2f90,2.712
1,2,340cea23-4c55-4e39-9880-8ab100c3240d,9fe57837-5cea-4c4b-b7bd-d074f9355ba5,2.815
1,2,340cea23-4c55-4e39-9880-8ab100c3240d,a0394740-82ac-409e-a66e-e61478bd72d4,2.94
1,2,340cea23-4c55-4e39-9880-8ab100c3240d,a0f3245a-777e-47de-9f49-b9c8f2db9cb5,3.129
1,2,340cea23-4c55-4e39-9880-8ab100c3240d,a123a356-4865-4ac1-8dbb-048cfd08e613,2.747
1,2,340cea23-4c55-4e39-9880-8ab100c3240d,a13e9387-1391-4ef6-92cd-fc71def8adb1,2.466
1,2,340cea23-4c55-4e39-9880-8ab100c3240d,a194bd08-3020-4223-b201-db38b6d45adb,1.518
1,2,340cea23-4c55-4e39-9880-8ab100c3240d,a1de57de-31ae-4ee2-9a81-0c5925758684,1.405
1,2,340cea23-4c55-4e39-9880-8ab100c3240d,a330a080-92d0-411c-892f-38a2f30f2284,1.474
1,2,340cea23-4c55-4e39-9880-8ab100c3240d,a33a9aeb-d17f-41ab-a372-65c26d1e15e5,1.353
1,2,340cea23-4c55-4e39-9880-8ab100c3240d,a3ce0c8f-443d-4861-9081-7b44cfebf4f1,1.585
1,2,340cea23-4c55-4e39-9880-8ab100c3240d,a54c9f47-90ba-4fda-a0a8-4dd5e2f00d5b,2.32
1,2,340cea23-4c55-4e39-9880-8ab100c3240d,a5506861-b9ba-4ace-9b85-196eff63150a,1.568
1,2,340cea23-4c55-4e39-9880-8ab100c3240d,a61337bd-eb24-43cb-b533-d1b3a4068fe9,1.186
1,2,340cea23-4c55-4e39-9880-8ab100c3240d,a69601ca-aacf-4471-8394-d16d25f09509,0.996
1,2,340cea23-4c55-4e39-9880-8ab100c3240d,a913e596-cc6a-4c94-9377-8e422a8fd624,1.0
1,2,340cea23-4c55-4e39-9880-8ab100c3240d,a924b55b-057c-49bd-9fee-fc8aff7a70e4,0.897
1,2,340cea23-4c55-4e39-9880-8ab100c3240d,a9646c62-fe40-42fa-bf96-17aeb386281a,0.952
1,2,340cea23-4c55-4e39-9880-8ab100c3240d,a99152f5-fedc-4a9f-9461-3ea015c15c59,1.205
1,2,340cea23-4c55-4e39-9880-8ab100c3240d,aa1dd286-82c8-441f-9163-44660c1ad707,0.964
1,2,340cea23-4c55-4e39-9880-8ab100c3240d,aabd4cac-60d7-407a-bcb0-bb26a976ad34,1.129
1,2,340cea23-4c55-4e39-9880-8ab100c3240d,ab351883-0dc6-4eb9-8741-3e2d51c8ebc8,0.95
1,2,340cea23-4c55-4e39-9880-8ab100c3240d,ac106f46-4e1f-491d-9044-220b730b2a97,1.108
1,2,340cea23-4c55-4e39-9880-8ab100c3240d,acd6161e-969e-4c59-8606-720ad930a453,1.412
1,2,340cea23-4c55-4e39-9880-8ab100c3240d,ad411996-9233-45eb-9190-47970dd1f1cc,1.457
1,2,340cea23-4c55-4e39-9880-8ab100c3240d,ad63dc82-22af-41ad-bef0-9fc760fc124f,1.786
1,2,340cea23-4c55-4e39-9880-8ab100c3240d,ad8354b7-1c25-4b33-b8f2-64241606f28b,2.454
1,2,340cea23-4c55-4e39-9880-8ab100c3240d,ad8c6bf9-d809-4752-a567-ceecc6bd2dd4,2.579
1,2,340cea23-4c55-4e39-9880-8ab100c3240d,add9e8aa-e734-43fa-91db-e3518a07154e,3.631
1,2,340cea23-4c55-4e39-9880-8ab100c3240d,ae27d0c5-84ff-41d4-9e78-a09cda72ae8b,2.166
1,2,340cea23-4c55-4e39-9880-8ab100c3240d,aed21f2e-7e19-431f-8b11-505fd04eca0b,1.581
1,2,340cea23-4c55-4e39-9880-8ab100c3240d,afc91543-d69f-44ea-983a-8a759bc043f6,1.436
1,2,340cea23-4c55-4e39-9880-8ab100c3240d,afd8d53d-e598-448f-b4ac-e8fe72b3d0ac,1.407
1,2,340cea23-4c55-4e39-9880-8ab100c3240d,afec9bd4-1f4b-4888-b7f7-91618d515edc,1.322
1,2,340cea23-4c55-4e39-9880-8ab100c3240d,afff6356-4822-4fb5-a270-2d13cf3b8af9,1.416
1,2,340cea23-4c55-4e39-9880-8ab100c3240d,b0529d12-672c-4400-aa0b-d956ff35398a,2.225
1,2,340cea23-4c55-4e39-9880-8ab100c3240d,b05cbd53-570f-4111-a43f-9c52b85ca732,2.437
1,2,340cea23-4c55-4e39-9880-8ab100c3240d,b0b43964-890a-4f06-93b7-9231acabbca4,2.609
1,2,340cea23-4c55-4e39-9880-8ab100c3240d,b0cd5d73-8f6d-4bd1-b764-852a228fb900,2.622
1,2,340cea23-4c55-4e39-9880-8ab100c3240d,b11998cb-b483-44ed-ac93-78607c92f74d,2.43
1,2,340cea23-4c55-4e39-9880-8ab100c3240d,b12c1778-dcb7-4039-869b-9c548e9ccfcf,2.724
1,2,340cea23-4c55-4e39-9880-8ab100c3240d,b169b809-5cf5-4b71-9ad9-4d7094c160fb,2.277
1,2,340cea23-4c55-4e39-9880-8ab100c3240d,b1b1b123-be54-4c6a-a61a-90d6b8426945,1.782
1,2,340cea23-4c55-4e39-9880-8ab100c3240d,b1f53c59-164d-4293-bcd1-bdc17816e818,1.446
1,2,340cea23-4c55-4e39-9880-8ab100c3240d,b1f744d6-c0da-41b2-a3f7-edac47f5d66f,1.318
1,2,340cea23-4c55-4e39-9880-8ab100c3240d,b270ad06-4770-4b27-9d00-e5dce7c96d38,1.429
1,2,340cea23-4c55-4e39-9880-8ab100c3240d,b3680331-bbdd-4733-82a8-edc2d39f981a,1.587
1,2,340cea23-4c55-4e39-9880-8ab100c3240d,b4315a31-9e64-4dc9-b15c-caf80233f748,1.769
1,2,340cea23-4c55-4e39-9880-8ab100c3240d,b578ddc9-890b-4d05-be8c-20be69f7699b,2.879
1,2,340cea23-4c55-4e39-9880-8ab100c3240d,b5c11b19-2931-4751-b0d1-b784186e4ee0,3.001
1,2,340cea23-4c55-4e39-9880-8ab100c3240d,b5e9e230-0ac8-4e77-ac61-37a38595dbbe,2.538
1,2,340cea23-4c55-4e39-9880-8ab100c3240d,b60fac08-089a-453d-9b07-a6b255ca646c,3.112
1,2,340cea23-4c55-4e39-9880-8ab100c3240d,b67f613d-7f43-45c6-b007-fabb731bdd9a,3.382
1,2,340cea23-4c55-4e39-9880-8ab100c3240d,b707d714-c9d9-4ee4-bf6b-2922b6187c4f,2.936
1,2,340cea23-4c55-4e39-9880-8ab100c3240d,b708db57-5794-4c5a-832f-6cc199239996,1.491
1,2,340cea23-4c55-4e39-9880-8ab100c3240d,b72905dd-6f0e-47f3-b6bc-47bdfcc5e042,1.234
1,2,340cea23-4c55-4e39-9880-8ab100c3240d,b73988f9-bd23-42f0-8699-679b9c7f6bb2,1.185
1,2,340cea23-4c55-4e39-9880-8ab100c3240d,b7595d5f-b94b-4ae2-8436-e3bef841d927,1.677
1,2,340cea23-4c55-4e39-9880-8ab100c3240d,b78405f8-f72f-4e67-a1c7-8b094facf779,1.547
1,2,340cea23-4c55-4e39-9880-8ab100c3240d,b84f7b3e-2803-49ff-826b-fd2c7a47fb59,1.979
1,2,340cea23-4c55-4e39-9880-8ab100c3240d,b943e637-32f4-46a0-bda0-a07bdd9cf5d9,3.01
1,2,340cea23-4c55-4e39-9880-8ab100c3240d,b95683a1-632b-46a7-a34e-3a16912b4898,2.844
1,2,340cea23-4c55-4e39-9880-8ab100c3240d,b9b907df-16e1-4844-86fc-92e2f0794fee,2.599
1,2,340cea23-4c55-4e39-9880-8ab100c3240d,ba1d761a-7887-4ee9-a4f0-0c40b85fc7c2,2.932
1,2,340cea23-4c55-4e39-9880-8ab100c3240d,ba7dbe6e-0353-4388-bdaf-575143d30648,2.322
1,2,340cea23-4c55-4e39-9880-8ab100c3240d,bb36970d-2ea0-472c-b9da-bb390f0fa6d7,2.702
1,2,340cea23-4c55-4e39-9880-8ab100c3240d,bb3e3aef-a4b9-4568-9f5a-33a7d56844a1,1.417
1,2,340cea23-4c55-4e39-9880-8ab100c3240d,bba3196b-edd6-45e9-84f3-34f3480d3ab0,1.385
1,2,340cea23-4c55-4e39-9880-8ab100c3240d,bbdd0a96-e849-45cd-bb82-4b973669d117,1.234
1,2,340cea23-4c55-4e39-9880-8ab100c3240d,bc5519e3-76d5-4a78-9f29-67085ff1ebe1,1.467
1,2,340cea23-4c55-4e39-9880-8ab100c3240d,bcd9c5a3-9d86-4927-9f16-e75a88d2281e,1.628
1,2,340cea23-4c55-4e39-9880-8ab100c3240d,bd1cc522-ed91-4cf2-ac61-51d0030c4185,2.491
1,2,340cea23-4c55-4e39-9880-8ab100c3240d,bd6e1cf9-0d26-456a-98ee-b38460a12f0a,2.638
1,2,340cea23-4c55-4e39-9880-8ab100c3240d,bd93b36b-0974-4388-bae2-b99c64d9747e,3.208
1,2,340cea23-4c55-4e39-9880-8ab100c3240d,bd992a7b-3ca7-467b-9b4f-627ce99dd86f,2.527
1,2,340cea23-4c55-4e39-9880-8ab100c3240d,bd9deb83-4cba-458d-97c4-70d495b3e8a5,2.649
1,2,340cea23-4c55-4e39-9880-8ab100c3240d,bdb47929-b733-4aa1-b03c-74df2bf3d87d,2.674
1,2,340cea23-4c55-4e39-9880-8ab100c3240d,bdea9b84-64c6-4a21-aa5e-cbe479dac28f,2.979
1,2,340cea23-4c55-4e39-9880-8ab100c3240d,be51419e-35d0-45ea-aa5f-bfbfa0ca4499,1.296
1,2,340cea23-4c55-4e39-9880-8ab100c3240d,bf6ab2c0-1d5e-4b47-917a-0d1168cf73e5,1.26
1,2,340cea23-4c55-4e39-9880-8ab100c3240d,bfcf91f8-09bb-4939-a1cb-fab4fa2aae40,1.383
1,2,340cea23-4c55-4e39-9880-8ab100c3240d,bff7ec1e-e1c4-4848-a6bf-232be3afcb51,1.466
1,2,340cea23-4c55-4e39-9880-8ab100c3240d,c0083dee-df25-4c68-90c5-d5c5911011e1,1.141
1,2,340cea23-4c55-4e39-9880-8ab100c3240d,c07039e2-e295-4cd4-955a-32f002638e91,1.064
1,2,340cea23-4c55-4e39-9880-8ab100c3240d,c0c3ea9e-6983-4577-b886-8af534f7778e,0.831
1,2,340cea23-4c55-4e39-9880-8ab100c3240d,c1268531-5373-41e8-a973-a05af326275e,0.737
1,2,340cea23-4c55-4e39-9880-8ab100c3240d,c15f2577-5237-4a75-b02d-7db1af9372dc,0.893
1,2,340cea23-4c55-4e39-9880-8ab100c3240d,c16baf6f-27ae-4697-be76-ea233016bf50,0.804
1,2,340cea23-4c55-4e39-9880-8ab100c3240d,c1863a12-2412-497e-affb-a308cd45f426,0.952
1,2,340cea23-4c55-4e39-9880-8ab100c3240d,c1a381db-f685-4753-932d-eb87c43d4c7a,1.168
1,2,340cea23-4c55-4e39-9880-8ab100c3240d,c25e3638-1e7c-4fd5-ab09-7038dd9fb181,1.532
1,2,340cea23-4c55-4e39-9880-8ab100c3240d,c2f8b440-f9f5-4956-a791-8b71be8aea52,1.138
1,2,340cea23-4c55-4e39-9880-8ab100c3240d,c2fa8ce1-b92a-42de-9d04-6e61efc69ad3,1.252
1,2,340cea23-4c55-4e39-9880-8ab100c3240d,c3131711-2442-4e5e-acfc-4699215910f6,1.367
1,2,340cea23-4c55-4e39-9880-8ab100c3240d,c398ef50-9a5f-423d-8463-a0b8be611f0c,1.123
1,2,340cea23-4c55-4e39-9880-8ab100c3240d,c3f6f518-733f-451b-b466-f88a90d363bf,1.353
1,2,340cea23-4c55-4e39-9880-8ab100c3240d,c4582068-f377-4310-bf94-9d3643a8be91,1.967
1,2,340cea23-4c55-4e39-9880-8ab100c3240d,c56ba8ac-5a44-41c1-92bc-e75352313066,1.554
1,2,340cea23-4c55-4e39-9880-8ab100c3240d,c5cc8249-2761-4524-bbad-56c57ae5efd9,1.377
1,2,340cea23-4c55-4e39-9880-8ab100c3240d,c665bf9b-85ee-4d72-8b6b-cee982855c22,1.271
1,2,340cea23-4c55-4e39-9880-8ab100c3240d,c6ff9ca8-6191-47ea-9a2e-0db57ed3d014,1.642
1,2,340cea23-4c55-4e39-9880-8ab100c3240d,c7076a07-4077-41cb-baca-4d2952438cd6,2.057
1,2,340cea23-4c55-4e39-9880-8ab100c3240d,c73dcfa2-4d37-404f-b996-29a4922a6c48,2.147
1,2,340cea23-4c55-4e39-9880-8ab100c3240d,c8322242-c2e3-4b3f-a801-b320b7409446,1.556
1,2,340cea23-4c55-4e39-9880-8ab100c3240d,c89688a6-950b-4e0b-ac7c-6abdad8e353e,1.535
1,2,340cea23-4c55-4e39-9880-8ab100c3240d,c8ae8af2-e2b3-4696-a8be-465675232aac,1.128
1,2,340cea23-4c55-4e39-9880-8ab100c3240d,c969ca1c-53b5-4657-93f8-53ae6bc88bad,1.302
1,2,340cea23-4c55-4e39-9880-8ab100c3240d,c96fea68-bb94-4bd3-8df5-b01e24f7d622,1.314
1,2,340cea23-4c55-4e39-9880-8ab100c3240d,c9c6b12b-748b-4ee1-b5ad-20f1ab501d45,1.704
1,2,340cea23-4c55-4e39-9880-8ab100c3240d,ca649595-6856-461d-bec4-0e8e03887146,1.712
1,2,340cea23-4c55-4e39-9880-8ab100c3240d,caa8c72d-f7e6-44f5-88ea-921db94bcd31,2.6
1,2,340cea23-4c55-4e39-9880-8ab100c3240d,cb866fcd-40e6-4067-8ba9-de35e12479f4,3.369
1,2,340cea23-4c55-4e39-9880-8ab100c3240d,cba51b59-6dc3-423e-b703-67c831f9747a,2.429
1,2,340cea23-4c55-4e39-9880-8ab100c3240d,cc0ca09e-25ca-43bb-8682-74351417c1b6,2.597
1,2,340cea23-4c55-4e39-9880-8ab100c3240d,cc11a01c-2871-4bfa-a64e-31d997433a2d,2.665
1,2,340cea23-4c55-4e39-9880-8ab100c3240d,cd4ec2f0-8cf2-48b9-af74-ea53f09fb630,2.066
1,2,340cea23-4c55-4e39-9880-8ab100c3240d,cdedb9f6-905f-4440-a2a7-aa2b3412482a,1.752
1,2,340cea23-4c55-4e39-9880-8ab100c3240d,ce76f719-8a51-412b-b354-418c35d43172,1.216
1,2,340cea23-4c55-4e39-9880-8ab100c3240d,cec0f3ba-5f3f-443b-8156-d376f0b93570,1.162
1,2,340cea23-4c55-4e39-9880-8ab100c3240d,cf07bd68-fc55-40b4-bb6b-2393e0888e7f,1.517
1,2,340cea23-4c55-4e39-9880-8ab100c3240d,cf14b895-803b-4c39-b5d4-de374dee2e3e,1.64
1,2,340cea23-4c55-4e39-9880-8ab100c3240d,cf41298d-831a-47d8-8000-e81886554e08,2.543
1,2,340cea23-4c55-4e39-9880-8ab100c3240d,cf787a43-1183-441e-b212-9f3791495a61,2.484
1,2,340cea23-4c55-4e39-9880-8ab100c3240d,cfebe4f5-6b4c-40bf-a586-4956c3810f93,2.382
1,2,340cea23-4c55-4e39-9880-8ab100c3240d,d06bc608-9994-41f6-aa38-b03bd36e8fb1,2.599
1,2,340cea23-4c55-4e39-9880-8ab100c3240d,d142b146-cb96-48fa-ae05-cb2b0f92fc81,3.246
1,2,340cea23-4c55-4e39-9880-8ab100c3240d,d18f11f7-38cb-4bf6-82e6-d7a53690abb8,2.48
1,2,340cea23-4c55-4e39-9880-8ab100c3240d,d1cd02cd-2630-421f-aaa6-d354adfb56f2,1.265
1,2,340cea23-4c55-4e39-9880-8ab100c3240d,d23cc9f4-c61d-4e69-9bcf-3a31ab9b7513,1.41
1,2,340cea23-4c55-4e39-9880-8ab100c3240d,d24f3bda-9946-49b7-9364-8f98f0b5b31f,1.337
1,2,340cea23-4c55-4e39-9880-8ab100c3240d,d390bfb6-d922-464a-8198-2c0928a4c445,1.357
1,2,340cea23-4c55-4e39-9880-8ab100c3240d,d4053edf-3937-4b9b-ae0f-182d2ec1586d,1.508
1,2,340cea23-4c55-4e39-9880-8ab100c3240d,d4f96570-0581-44b3-87d1-1620537d3f61,1.684
1,2,340cea23-4c55-4e39-9880-8ab100c3240d,d5fcd401-be5b-40ad-ae62-bf2b784b0e49,2.366
1,2,340cea23-4c55-4e39-9880-8ab100c3240d,d6438676-b400-470d-9695-b6620fce9891,2.703
1,2,340cea23-4c55-4e39-9880-8ab100c3240d,d7febd90-ea40-4787-ab40-87d97b7c32f4,4.185
1,2,340cea23-4c55-4e39-9880-8ab100c3240d,d81b259f-1dc6-4ef0-94a4-073bc11decde,2.909
1,2,340cea23-4c55-4e39-9880-8ab100c3240d,d83ff915-e763-4ef4-9091-d7bf192867cf,2.689
1,2,340cea23-4c55-4e39-9880-8ab100c3240d,d8537157-6354-4f6f-850f-99efbbff66e6,2.675
1,2,340cea23-4c55-4e39-9880-8ab100c3240d,d9f99811-0cfa-4d61-8354-3995c1d1552a,1.56
1,2,340cea23-4c55-4e39-9880-8ab100c3240d,da156f09-691f-4f77-8f92-75bb48c711ec,1.36
1,2,340cea23-4c55-4e39-9880-8ab100c3240d,da78df69-970f-41e4-b4d6-9c5b6d45581a,1.407
1,2,340cea23-4c55-4e39-9880-8ab100c3240d,da821824-3eeb-4521-80ad-dadc1451e293,1.2
1,2,340cea23-4c55-4e39-9880-8ab100c3240d,daa80eec-d299-4c44-8301-52d7e17b08a5,1.172
1,2,340cea23-4c55-4e39-9880-8ab100c3240d,daef8686-917d-4c50-9ee8-09d92560f066,1.658
1,2,340cea23-4c55-4e39-9880-8ab100c3240d,db0571b5-56f4-4ec1-a51e-8f0f537db25e,2.403
1,2,340cea23-4c55-4e39-9880-8ab100c3240d,db1dacce-8f8f-45bc-b76c-e0aef58149b9,3.616
1,2,340cea23-4c55-4e39-9880-8ab100c3240d,dc6dcb4b-159f-4984-98f7-37871e41c396,2.093
1,2,340cea23-4c55-4e39-9880-8ab100c3240d,dcae7190-6bf6-44ac-8245-327e72a55da0,2.297
1,2,340cea23-4c55-4e39-9880-8ab100c3240d,dd843e31-80da-4956-afa0-30313bc4fda3,2.775
1,2,340cea23-4c55-4e39-9880-8ab100c3240d,ddc11142-e8b0-4867-8abe-cc5f3bf735fe,2.509
1,2,340cea23-4c55-4e39-9880-8ab100c3240d,dde0c879-f02d-448f-98d9-731dc920bae4,1.568
1,2,340cea23-4c55-4e39-9880-8ab100c3240d,de054ada-04a7-46f2-a740-3c3fd543918d,0.901
1,2,340cea23-4c55-4e39-9880-8ab100c3240d,dec45b07-0841-4c75-a61a-2592e38d76db,0.869
1,2,340cea23-4c55-4e39-9880-8ab100c3240d,dec8d1fb-2f18-49be-9cca-bdb34d041b99,0.674
1,2,340cea23-4c55-4e39-9880-8ab100c3240d,df042e4b-62fb-4564-8819-444a87b1c1aa,0.935
1,2,340cea23-4c55-4e39-9880-8ab100c3240d,df2725e4-4e03-4d0d-b475-ec6c25e9733f,0.818
1,2,340cea23-4c55-4e39-9880-8ab100c3240d,df3890d7-fd97-48f5-81bd-422e00cd825b,0.868
1,2,340cea23-4c55-4e39-9880-8ab100c3240d,df3c2096-f6b6-463c-afde-a87aa30dfa9d,0.834
1,2,340cea23-4c55-4e39-9880-8ab100c3240d,df3d8ab4-715e-4e99-84fe-548678f04b7b,0.992
1,2,340cea23-4c55-4e39-9880-8ab100c3240d,df6feea6-5538-47e6-91a9-3781a2a0b87e,1.27
1,2,340cea23-4c55-4e39-9880-8ab100c3240d,dfae2b87-3f91-4b3e-98b5-fc2c5057ee71,1.39
1,2,340cea23-4c55-4e39-9880-8ab100c3240d,dfc9a787-035c-4c92-aa72-55e25c0aca3b,1.074
1,2,340cea23-4c55-4e39-9880-8ab100c3240d,dfca22b4-d6ed-4b77-8608-aa639839f75c,1.536
1,2,340cea23-4c55-4e39-9880-8ab100c3240d,e0a052c4-98d5-4d1e-bd90-67e95ea753e5,1.074
1,2,340cea23-4c55-4e39-9880-8ab100c3240d,e0dabfba-e13b-4a6b-8834-4f82e47784ba,1.283
1,2,340cea23-4c55-4e39-9880-8ab100c3240d,e0f73cb5-53a2-45c7-9816-aff40e6ba661,1.175
1,2,340cea23-4c55-4e39-9880-8ab100c3240d,e1ab5caa-c640-4bdd-9b90-81363d63a4f0,1.373
1,2,340cea23-4c55-4e39-9880-8ab100c3240d,e1cc6c5f-6f48-4787-813e-b17a75b08578,1.3
1,2,340cea23-4c55-4e39-9880-8ab100c3240d,e2628f1b-a500-4f1c-87b4-95194004ecf2,1.435
1,2,340cea23-4c55-4e39-9880-8ab100c3240d,e273f275-7474-4d15-b22d-c33d89b29f65,2.849
1,2,340cea23-4c55-4e39-9880-8ab100c3240d,e3898333-786d-425f-ba05-33883109d785,2.862
1,2,340cea23-4c55-4e39-9880-8ab100c3240d,e39d79ff-b378-440b-868f-a663870b8b89,2.404
1,2,340cea23-4c55-4e39-9880-8ab100c3240d,e39f6a2d-663b-43f5-a2da-320edc0f6684,2.949
1,2,340cea23-4c55-4e39-9880-8ab100c3240d,e3a2d45b-20e5-4c8f-b02f-f5c093bd9655,2.749
1,2,340cea23-4c55-4e39-9880-8ab100c3240d,e4b2f2e3-ae5b-48ac-b88d-b5a489c2031c,2.157
1,2,340cea23-4c55-4e39-9880-8ab100c3240d,e4c3efb0-8551-4c94-b850-c48d2a0a6d20,1.292
1,2,340cea23-4c55-4e39-9880-8ab100c3240d,e4d56fea-699f-4d25-ad38-aa71f8f3e197,1.297
1,2,340cea23-4c55-4e39-9880-8ab100c3240d,e559bb64-85e8-41c1-a528-c6c897507b68,1.162
1,2,340cea23-4c55-4e39-9880-8ab100c3240d,e582ca2c-1722-4ba9-8295-4c298dcf9435,1.133
1,2,340cea23-4c55-4e39-9880-8ab100c3240d,e64aeb23-ea5b-46ba-8b05-38faf2ef1ef6,1.636
1,2,340cea23-4c55-4e39-9880-8ab100c3240d,e75117fe-d831-4757-869e-4c9c2f70a5d4,2.052
1,2,340cea23-4c55-4e39-9880-8ab100c3240d,e7945b67-d22a-4add-8d5b-af20c3848c4b,2.345
1,2,340cea23-4c55-4e39-9880-8ab100c3240d,e79f5628-8cb9-443c-adb2-ef1320191007,2.548
1,2,340cea23-4c55-4e39-9880-8ab100c3240d,e7d9ae22-c1d9-419d-99df-3e3f405af9ea,2.417
1,2,340cea23-4c55-4e39-9880-8ab100c3240d,e813293b-a588-4376-a1ae-212fa24db52c,2.042
1,2,340cea23-4c55-4e39-9880-8ab100c3240d,e8c04a8e-b9d1-4949-b63f-9ed633e4ad95,2.581
1,2,340cea23-4c55-4e39-9880-8ab100c3240d,e8d2df1e-96dd-453b-a27b-2ca9eda95854,2.271
1,2,340cea23-4c55-4e39-9880-8ab100c3240d,e9a9719a-0dc3-4a17-badb-8f2a725988e0,1.521
1,2,340cea23-4c55-4e39-9880-8ab100c3240d,ea72f8ba-3bb4-4570-bcc4-a88127515d18,1.52
1,2,340cea23-4c55-4e39-9880-8ab100c3240d,eb378255-7528-44f1-b367-4ad4e0cea818,1.091
1,2,340cea23-4c55-4e39-9880-8ab100c3240d,ebb40afd-9c0a-42be-8d77-ee92d6ce25f2,1.16
1,2,340cea23-4c55-4e39-9880-8ab100c3240d,ec1046d9-2614-4fe6-863c-674695b3e219,1.52
1,2,340cea23-4c55-4e39-9880-8ab100c3240d,ec6a877e-79e8-4702-8400-3228057c7d9f,1.589
1,2,340cea23-4c55-4e39-9880-8ab100c3240d,ecb85230-639a-48b1-9c6d-35eb128c89f3,2.384
1,2,340cea23-4c55-4e39-9880-8ab100c3240d,ed78d9ec-ba35-458f-8afc-24dd74913068,2.961
1,2,340cea23-4c55-4e39-9880-8ab100c3240d,edaa3a5b-b3a0-475e-842c-d9a164364f1d,2.562
1,2,340cea23-4c55-4e39-9880-8ab100c3240d,edb89e3f-4fbb-427e-9286-137ecf83b78f,3.202
1,2,340cea23-4c55-4e39-9880-8ab100c3240d,ee7a414e-423a-4e91-bee0-4562655cba85,3.739
1,2,340cea23-4c55-4e39-9880-8ab100c3240d,eeb2962b-8e80-4c63-8a30-62126ff4df38,2.307
1,2,340cea23-4c55-4e39-9880-8ab100c3240d,eedaf8c9-36a6-4632-9297-7dcaafe966bd,2.163
1,2,340cea23-4c55-4e39-9880-8ab100c3240d,eef8fa42-5640-45a5-b8fa-36b4a7563e1a,1.227
1,2,340cea23-4c55-4e39-9880-8ab100c3240d,ef6610a7-a129-458b-9592-8be77a03a49c,1.221
1,2,340cea23-4c55-4e39-9880-8ab100c3240d,ef683f45-3557-4c56-b617-97f334cfeef6,1.11
1,2,340cea23-4c55-4e39-9880-8ab100c3240d,ef97e7f3-3d64-498c-833c-db08f494a7b4,1.407
1,2,340cea23-4c55-4e39-9880-8ab100c3240d,eff04d92-e897-4b65-9f7d-6744bf0e52cb,1.333
1,2,340cea23-4c55-4e39-9880-8ab100c3240d,f1de7c97-ecba-4ed0-a59a-cab42f7767e0,1.908
1,2,340cea23-4c55-4e39-9880-8ab100c3240d,f34e2066-25dc-4e5f-bba9-f7ac0ec667f5,4.739
1,2,340cea23-4c55-4e39-9880-8ab100c3240d,f3b4aa3c-bf14-44bc-a2a1-a974e7257c39,2.464
1,2,340cea23-4c55-4e39-9880-8ab100c3240d,f4577d23-5d2b-4418-a4fd-7d302a30a82c,2.732
1,2,340cea23-4c55-4e39-9880-8ab100c3240d,f492c5a6-12cb-47d6-84e6-25694136b5d6,3.369
1,2,340cea23-4c55-4e39-9880-8ab100c3240d,f4e08acf-109f-4389-aa95-b3396b7e1208,2.964
1,2,340cea23-4c55-4e39-9880-8ab100c3240d,f5bc54bb-d243-4eb2-a375-580cf70cae3d,3.036
1,2,340cea23-4c55-4e39-9880-8ab100c3240d,f5f38e87-43c5-4ed5-b21f-1cb40b51b1bb,1.423
1,2,340cea23-4c55-4e39-9880-8ab100c3240d,f5f6f4d9-8071-442b-a596-52d7720500b2,1.5
1,2,340cea23-4c55-4e39-9880-8ab100c3240d,f65abb07-0c72-4fed-8f2a-2d50b6e1241b,1.206
1,2,340cea23-4c55-4e39-9880-8ab100c3240d,f66f9d81-a658-4cde-b528-d8fb7b80e929,1.252
1,2,340cea23-4c55-4e39-9880-8ab100c3240d,f6c388ee-fba2-4eab-b0ed-d4c4792f61c7,1.366
1,2,340cea23-4c55-4e39-9880-8ab100c3240d,f72eeb08-b249-444d-85ce-bd4346833129,1.363
1,2,340cea23-4c55-4e39-9880-8ab100c3240d,f79811ef-a295-479d-b315-6aa223eed49f,1.452
1,2,340cea23-4c55-4e39-9880-8ab100c3240d,fa1e51c0-d9ba-4eaf-974d-346bf95b9353,2.111
1,2,340cea23-4c55-4e39-9880-8ab100c3240d,fa681f3c-712b-4f21-b1e2-d9f44191c335,1.586
1,2,340cea23-4c55-4e39-9880-8ab100c3240d,fa7500ca-f717-4653-a376-e6d114a16547,0.978
1,2,340cea23-4c55-4e39-9880-8ab100c3240d,faa3faea-87a1-4270-9d93-8064abae2c01,0.756
1,2,340cea23-4c55-4e39-9880-8ab100c3240d,fab4cf7a-8c36-4e94-97bb-f451ce957a17,1.454
1,2,340cea23-4c55-4e39-9880-8ab100c3240d,fb85815d-2bba-4fdf-9a65-2bcfcbdd2d41,1.064
1,2,340cea23-4c55-4e39-9880-8ab100c3240d,fdf4b1f0-348f-4409-81cc-dac633266360,1.362
1,2,340cea23-4c55-4e39-9880-8ab100c3240d,fe1827f6-6166-41d6-bba7-67c8b2531876,2.905
1,2,340cea23-4c55-4e39-9880-8ab100c3240d,fe2a83d9-9ab5-43de-813f-458774323e44,1.456
1,2,340cea23-4c55-4e39-9880-8ab100c3240d,ff7637a0-aca1-48fe-9d8d-112fc4f0b3ab,2.274
1,2,340cea23-4c55-4e39-9880-8ab100c3240d,ff9f62c4-de44-4ad2-b8eb-63241a1cc15b,2.047
1,2,340cea23-4c55-4e39-9880-8ab100c3240d,ffed2b20-d0ef-477f-875e-30382443db1b,1.908
1,2,340cea23-4c55-4e39-9880-8ab100c3240d,fffef7c5-6b5e-42a9-a7e5-ef56597350c3,1.556
1,3,26599856-6748-4125-8123-03bb3ba86acb,000add42-8c13-4346-b6c4-1959785440ba,3.089
1,3,26599856-6748-4125-8123-03bb3ba86acb,00c2e549-56df-4b9a-8a26-b73a1b7b552b,1.425
1,3,26599856-6748-4125-8123-03bb3ba86acb,00c4b75d-e1de-4b97-a3de-b893bca74f7b,1.437
1,3,26599856-6748-4125-8123-03bb3ba86acb,00e4f381-c97a-4e35-8c71-c749154180ff,1.277
1,3,26599856-6748-4125-8123-03bb3ba86acb,017429db-1492-487d-8d81-330e16e4d6db,1.132
1,3,26599856-6748-4125-8123-03bb3ba86acb,01f589a9-c482-4096-ad44-78140ed04e5f,1.207
1,3,26599856-6748-4125-8123-03bb3ba86acb,024ed01b-ee14-4ca3-8f0c-2b789ba93fee,1.148
1,3,26599856-6748-4125-8123-03bb3ba86acb,03c7c0eb-bfec-43b0-98e2-1a3083952737,1.24
1,3,26599856-6748-4125-8123-03bb3ba86acb,04600fd8-5d19-442a-9bb3-e4802b241d69,1.159
1,3,26599856-6748-4125-8123-03bb3ba86acb,0479b7e2-a2c7-4b06-9856-e5ce4c207045,1.238
1,3,26599856-6748-4125-8123-03bb3ba86acb,049b7945-3b5b-4639-81ea-0d0c8bd906a0,1.357
1,3,26599856-6748-4125-8123-03bb3ba86acb,05193546-4254-4212-8de2-8af50d6e87a9,1.558
1,3,26599856-6748-4125-8123-03bb3ba86acb,06472a32-b1ee-4fcd-be68-10926bc67892,1.639
1,3,26599856-6748-4125-8123-03bb3ba86acb,077887dd-2d61-443b-945b-a9a423b04c18,1.653
1,3,26599856-6748-4125-8123-03bb3ba86acb,079acaeb-99b6-400a-bd65-c0569856082c,1.894
1,3,26599856-6748-4125-8123-03bb3ba86acb,079ef6be-a5f4-4bf7-a32a-1a6c211d9855,1.38
1,3,26599856-6748-4125-8123-03bb3ba86acb,07f92e5f-f0b7-4320-8273-3765d4afa160,1.826
1,3,26599856-6748-4125-8123-03bb3ba86acb,0845d60b-23bf-4799-802d-817debb69e20,1.845
1,3,26599856-6748-4125-8123-03bb3ba86acb,08f6d506-88f5-475b-bccf-50f55e90e15d,2.058
1,3,26599856-6748-4125-8123-03bb3ba86acb,09151e63-18ad-4974-9b8a-11dbb5e8810f,2.256
1,3,26599856-6748-4125-8123-03bb3ba86acb,09855aca-accb-4620-8a04-1999206e7bc4,3.023
1,3,26599856-6748-4125-8123-03bb3ba86acb,09d657b0-1f12-4141-98ae-c9fa830d0563,2.834
1,3,26599856-6748-4125-8123-03bb3ba86acb,0ac90efd-4bdd-4b7a-aeb7-9c8566779566,3.489
1,3,26599856-6748-4125-8123-03bb3ba86acb,0ae19788-d343-48e9-aa00-be064bc36024,2.924
1,3,26599856-6748-4125-8123-03bb3ba86acb,0b13ba63-4a38-422b-a897-eb491ac88987,4.051
1,3,26599856-6748-4125-8123-03bb3ba86acb,0bbb853e-e185-451c-8d88-07f85fd98d1c,1.919
1,3,26599856-6748-4125-8123-03bb3ba86acb,0bdb0283-b56a-49cc-9923-ddaf99cf6515,2.494
1,3,26599856-6748-4125-8123-03bb3ba86acb,0c6be015-5bf1-4546-a7b3-e2225c561118,1.812
1,3,26599856-6748-4125-8123-03bb3ba86acb,0c7c3113-e677-4166-9330-449ad56ae55a,1.858
1,3,26599856-6748-4125-8123-03bb3ba86acb,0c8e1e74-9ddd-4709-a08f-1b07edf5bab5,2.338
1,3,26599856-6748-4125-8123-03bb3ba86acb,0d524a6f-98ca-4d41-978b-fc5d34b25e12,2.821
1,3,26599856-6748-4125-8123-03bb3ba86acb,0d796ef2-ab24-4b45-9518-f21250c68715,2.634
1,3,26599856-6748-4125-8123-03bb3ba86acb,0dc4e67d-2d72-4a2e-92fd-3d0830fbbef6,3.106
1,3,26599856-6748-4125-8123-03bb3ba86acb,0df25826-b980-482e-a073-93c06a0f3da5,3.36
1,3,26599856-6748-4125-8123-03bb3ba86acb,0e2e1ab0-0137-40d9-b252-b6cffed692f9,3.929
1,3,26599856-6748-4125-8123-03bb3ba86acb,0ed57529-8a42-48a8-8ec9-28ec68a66177,3.458
1,3,26599856-6748-4125-8123-03bb3ba86acb,0f3e81b8-daa7-499e-9818-97ca89b03f11,2.485
1,3,26599856-6748-4125-8123-03bb3ba86acb,0fcf5325-0750-4b7d-a1ef-ec012546a28c,2.024
1,3,26599856-6748-4125-8123-03bb3ba86acb,10eab9e7-876f-45f4-96ad-ca0974089c21,1.944
1,3,26599856-6748-4125-8123-03bb3ba86acb,1103696c-36f6-496e-9d77-74c91b8b4399,1.548
1,3,26599856-6748-4125-8123-03bb3ba86acb,11e375db-87ea-4f1d-b90d-9bb85f6c1126,1.813
1,3,26599856-6748-4125-8123-03bb3ba86acb,1275583a-5496-46fc-8adf-ebfa0ca36f5b,2.176
1,3,26599856-6748-4125-8123-03bb3ba86acb,13059644-897f-4edd-896a-0b796988aca2,2.162
1,3,26599856-6748-4125-8123-03bb3ba86acb,130b9c05-025b-412d-a9ba-280cbf28cac8,2.474
1,3,26599856-6748-4125-8123-03bb3ba86acb,1312c635-9196-44bb-9d87-ee924c788de0,3.02
1,3,26599856-6748-4125-8123-03bb3ba86acb,1406106b-7d39-4a6d-8e35-ac542d041323,3.996
1,3,26599856-6748-4125-8123-03bb3ba86acb,1492d307-d884-428b-bd8e-f204944d0b44,3.424
1,3,26599856-6748-4125-8123-03bb3ba86acb,14995c9b-16b4-44fe-9cfa-42526f69e0c3,3.373
1,3,26599856-6748-4125-8123-03bb3ba86acb,14f0c363-9927-45cf-9f70-da1845bff3c0,3.026
1,3,26599856-6748-4125-8123-03bb3ba86acb,15562845-aa45-48ad-8c78-e0ca9a4436c1,2.714
1,3,26599856-6748-4125-8123-03bb3ba86acb,155674d0-a381-4a1b-a062-1a68438483a9,1.885
1,3,26599856-6748-4125-8123-03bb3ba86acb,157f495c-f714-4a4f-881d-fed5b4613412,1.945
1,3,26599856-6748-4125-8123-03bb3ba86acb,15ecdf1f-0f9c-46bc-b71e-214e6c6a2a60,1.803
1,3,26599856-6748-4125-8123-03bb3ba86acb,160340a8-1839-4642-9633-9c512248e89b,1.988
1,3,26599856-6748-4125-8123-03bb3ba86acb,166ce87f-71a4-4717-b534-9a91928dc91e,2.03
1,3,26599856-6748-4125-8123-03bb3ba86acb,17723cc1-b5e4-4ddd-9614-b2f220e3803f,2.552
1,3,26599856-6748-4125-8123-03bb3ba86acb,1795d5c7-ea5e-4b71-8b58-269d52eed98c,3.255
1,3,26599856-6748-4125-8123-03bb3ba86acb,1890303a-8c43-4c22-a9c8-bf017cfebc32,3.072
1,3,26599856-6748-4125-8123-03bb3ba86acb,18d542ba-994b-4442-b4b1-d8afbc72ee22,3.665
1,3,26599856-6748-4125-8123-03bb3ba86acb,1a0621af-6034-47e0-b29e-c165bd2a5951,3.36
1,3,26599856-6748-4125-8123-03bb3ba86acb,1a7e6d32-0664-425d-9b40-a88db1e03473,4.759
1,3,26599856-6748-4125-8123-03bb3ba86acb,1c523eb0-5e01-4009-ad21-470d934f40cb,4.229
1,3,26599856-6748-4125-8123-03bb3ba86acb,1c771416-620a-4214-b0c2-8c82db964c45,1.648
1,3,26599856-6748-4125-8123-03bb3ba86acb,1c960b52-3a6a-495c-b81b-de77b7c43ce8,1.769
1,3,26599856-6748-4125-8123-03bb3ba86acb,1d694545-1b52-470d-9b2a-b640ad033d84,1.912
1,3,26599856-6748-4125-8123-03bb3ba86acb,1da9ce8b-550c-45b4-b76a-e416642a9b1e,1.806
1,3,26599856-6748-4125-8123-03bb3ba86acb,1dbf73d9-e468-40a6-bf6c-454c8df9d350,1.969
1,3,26599856-6748-4125-8123-03bb3ba86acb,1e564147-c560-4bd2-aec9-e9d75e959cf8,2.853
1,3,26599856-6748-4125-8123-03bb3ba86acb,1e5e4073-aea6-4678-a89a-64de7736ae1c,2.759
1,3,26599856-6748-4125-8123-03bb3ba86acb,1f6ebaea-ba89-4b41-a9be-5e40996ae589,3.084
1,3,26599856-6748-4125-8123-03bb3ba86acb,1f7aed16-199f-4a36-a7c8-9d8e08dfec60,3.14
1,3,26599856-6748-4125-8123-03bb3ba86acb,1fca13b5-932a-40bd-b900-cf80789550f6,2.172
1,3,26599856-6748-4125-8123-03bb3ba86acb,1fd469aa-4f22-492d-922c-163921dc2c38,1.893
1,3,26599856-6748-4125-8123-03bb3ba86acb,1fe9db1a-00a3-449b-a50e-5e53c34ce6fc,1.8
1,3,26599856-6748-4125-8123-03bb3ba86acb,2065eaa3-145f-4750-8e0c-107151dbd439,1.272
1,3,26599856-6748-4125-8123-03bb3ba86acb,209cf358-1341-4369-9c69-5c6f156da02d,1.149
1,3,26599856-6748-4125-8123-03bb3ba86acb,21d9b3dd-d8b7-437d-bf0f-3ef27025c25d,1.043
1,3,26599856-6748-4125-8123-03bb3ba86acb,2207d514-abee-4b3c-a4b9-eb4d816d5d26,1.136
1,3,26599856-6748-4125-8123-03bb3ba86acb,22767b84-1604-4b3c-913f-041e0b85b5ec,1.246
1,3,26599856-6748-4125-8123-03bb3ba86acb,2285584b-5db1-4382-a852-2ee822f2f8c9,1.128
1,3,26599856-6748-4125-8123-03bb3ba86acb,2319fa1e-b0ca-497d-b197-52b444c6c7e3,1.288
1,3,26599856-6748-4125-8123-03bb3ba86acb,238e7c47-c5bf-4758-bcb2-b14f9134ebb2,1.443
1,3,26599856-6748-4125-8123-03bb3ba86acb,23dcc50f-003e-4bed-99ba-98752acc57a4,1.566
1,3,26599856-6748-4125-8123-03bb3ba86acb,242d8626-8de7-4ad9-9941-14301ce89fe8,1.881
1,3,26599856-6748-4125-8123-03bb3ba86acb,24eda846-85a9-4c2c-9322-f54101aa31bd,1.906
1,3,26599856-6748-4125-8123-03bb3ba86acb,24f31235-5445-4993-966d-df867e09ff4b,3.261
1,3,26599856-6748-4125-8123-03bb3ba86acb,25575a65-045e-480f-ba64-93d3fce268b8,1.633
1,3,26599856-6748-4125-8123-03bb3ba86acb,259e2cc2-7a65-4bad-9bf6-6946314068d8,1.367
1,3,26599856-6748-4125-8123-03bb3ba86acb,25bb4160-959d-4ff3-b8d3-e728b6c72eca,1.34
1,3,26599856-6748-4125-8123-03bb3ba86acb,261194d5-f9f3-4e11-b633-1d349faa6281,2.039
1,3,26599856-6748-4125-8123-03bb3ba86acb,261267e7-e0ad-4a24-8c62-cbcd359fa74b,1.49
1,3,26599856-6748-4125-8123-03bb3ba86acb,26f2f98d-ecf3-4677-9f1d-b8e28f443661,2.3
1,3,26599856-6748-4125-8123-03bb3ba86acb,2775196e-e984-4b59-831f-c2543672fd87,2.821
1,3,26599856-6748-4125-8123-03bb3ba86acb,290aee86-7521-4936-a3ad-090eec556779,3.623
1,3,26599856-6748-4125-8123-03bb3ba86acb,29989c54-ad3d-4be8-ae09-7b26a5564a4f,3.699
1,3,26599856-6748-4125-8123-03bb3ba86acb,29fb3ac7-d5de-4e18-958a-e73531d53f49,3.68
1,3,26599856-6748-4125-8123-03bb3ba86acb,2a2629fe-fade-461f-98df-ebc45c5bab07,2.844
1,3,26599856-6748-4125-8123-03bb3ba86acb,2a9c166a-fd94-4261-aea2-d1f19aff0669,4.34
1,3,26599856-6748-4125-8123-03bb3ba86acb,2ad6e489-9756-4213-9dc6-d576727921fd,1.874
1,3,26599856-6748-4125-8123-03bb3ba86acb,2b6791ab-f94c-46bb-97fb-136c78330774,1.714
1,3,26599856-6748-4125-8123-03bb3ba86acb,2bc08e79-24fb-41d3-af10-333832cd0ef7,1.632
1,3,26599856-6748-4125-8123-03bb3ba86acb,2bdb864a-7c03-4173-b03e-f8a6e19f3bbf,1.812
1,3,26599856-6748-4125-8123-03bb3ba86acb,2bf15ec7-be7e-4a59-969a-53ab598f854e,2.158
1,3,26599856-6748-4125-8123-03bb3ba86acb,2c0b7992-0363-4d5b-9d71-c3b27a741e7f,2.252
1,3,26599856-6748-4125-8123-03bb3ba86acb,2c16c74a-69b0-44ce-ac72-92980385cf7e,4.415
1,3,26599856-6748-4125-8123-03bb3ba86acb,2c55ff2d-9cbe-4138-b6b2-b865bd6f552b,3.817
1,3,26599856-6748-4125-8123-03bb3ba86acb,2c5ce66c-78ab-4b4d-aecd-236eaee291cd,3.693
1,3,26599856-6748-4125-8123-03bb3ba86acb,2c7efeea-69a3-4785-b627-487b52aa4344,3.693
1,3,26599856-6748-4125-8123-03bb3ba86acb,2c945b8a-98f7-4c11-a887-4ab0219a9dd4,3.994
1,3,26599856-6748-4125-8123-03bb3ba86acb,2cb2350f-362f-4521-bed3-194ba41a4f4f,1.801
1,3,26599856-6748-4125-8123-03bb3ba86acb,2cb991c8-6839-4e4c-a96a-3928f80bfa4f,1.854
1,3,26599856-6748-4125-8123-03bb3ba86acb,2d5642d5-97ea-4362-a676-e3c8af0533d3,1.65
1,3,26599856-6748-4125-8123-03bb3ba86acb,2d95ab6f-4247-46a2-a580-2d3b74515210,1.829
1,3,26599856-6748-4125-8123-03bb3ba86acb,2f36f4ab-b6cb-44e9-a3d2-805e1727d629,2.087
1,3,26599856-6748-4125-8123-03bb3ba86acb,2fe82d8e-2011-414c-a7d9-1243761cb50d,2.398
1,3,26599856-6748-4125-8123-03bb3ba86acb,2ff78563-fe96-482e-a805-2ae484276b45,3.238
1,3,26599856-6748-4125-8123-03bb3ba86acb,304fa810-10d3-4fe8-946d-068a767b7de6,4.5
1,3,26599856-6748-4125-8123-03bb3ba86acb,307751c1-5ce6-47ae-8c26-998326764f35,3.267
1,3,26599856-6748-4125-8123-03bb3ba86acb,30b4f27c-76f8-40b2-a80b-61e5bc35c1da,3.433
1,3,26599856-6748-4125-8123-03bb3ba86acb,31fb0711-cf28-4add-89bd-92a849a29e73,3.114
1,3,26599856-6748-4125-8123-03bb3ba86acb,320cbe13-a146-4d17-9810-a7c880c600c5,3.969
1,3,26599856-6748-4125-8123-03bb3ba86acb,3346cbec-c5b6-4904-98a7-d36aba13e0ff,1.585
1,3,26599856-6748-4125-8123-03bb3ba86acb,335026af-2a95-4e26-adf2-9234349e51d4,1.53
1,3,26599856-6748-4125-8123-03bb3ba86acb,33952a6c-a1af-42e7-b36b-0654f578884f,1.645
1,3,26599856-6748-4125-8123-03bb3ba86acb,33b34687-8d90-4650-985e-b8cc89c2374b,1.556
1,3,26599856-6748-4125-8123-03bb3ba86acb,346dbfcc-6952-4be1-9c7e-1f03f180ab8f,1.606
1,3,26599856-6748-4125-8123-03bb3ba86acb,34abb524-13d3-44b5-90a2-0a3fda87e7a1,1.562
1,3,26599856-6748-4125-8123-03bb3ba86acb,34f6bced-5341-4ac3-8280-26eea5eb9008,3.236
1,3,26599856-6748-4125-8123-03bb3ba86acb,3591d324-8bac-490c-8d34-b724b6e79317,3.587
1,3,26599856-6748-4125-8123-03bb3ba86acb,35ef4143-a213-4859-84c6-b879e60e80df,3.401
1,3,26599856-6748-4125-8123-03bb3ba86acb,36040192-0240-48a7-81cd-0925be748777,3.0
1,3,26599856-6748-4125-8123-03bb3ba86acb,362b4c9e-33eb-4833-9ddd-079014036bf1,3.036
1,3,26599856-6748-4125-8123-03bb3ba86acb,363d396c-b5f9-4d21-a745-92999ae1f87a,1.807
1,3,26599856-6748-4125-8123-03bb3ba86acb,3a23ba09-e1ab-427d-801c-6522c208cd62,1.731
1,3,26599856-6748-4125-8123-03bb3ba86acb,3afa0178-7889-463f-bad1-038d710210ca,1.536
1,3,26599856-6748-4125-8123-03bb3ba86acb,3b60bcbc-8690-4309-95fd-081060d7c417,1.64
1,3,26599856-6748-4125-8123-03bb3ba86acb,3b72438a-d68e-4ac7-982e-45263f207330,1.69
1,3,26599856-6748-4125-8123-03bb3ba86acb,3c27453d-c813-48b0-a7be-fe4e04e09105,1.322
1,3,26599856-6748-4125-8123-03bb3ba86acb,3c5f2ae1-62fc-4254-813f-b0cbcf15039d,1.775
1,3,26599856-6748-4125-8123-03bb3ba86acb,3c9488a5-ecd4-400c-96ff-c94e2e04ab45,1.748
1,3,26599856-6748-4125-8123-03bb3ba86acb,3cf3b56d-7259-48e1-9f56-dd6cf4fa4693,1.954
1,3,26599856-6748-4125-8123-03bb3ba86acb,3d224fc6-df7f-4c96-8ceb-3541d760d9a8,3.394
1,3,26599856-6748-4125-8123-03bb3ba86acb,3d2ad4f3-b325-4cbb-9ba9-d03d4d9ec9da,2.138
1,3,26599856-6748-4125-8123-03bb3ba86acb,3d4312f7-9c52-4939-98dd-1d634fdfd898,1.087
1,3,26599856-6748-4125-8123-03bb3ba86acb,3d6fa30d-00fc-4c41-bf81-38ed74ecb6c7,1.242
1,3,26599856-6748-4125-8123-03bb3ba86acb,3d806e6b-6ee3-4493-9f00-0b2f65c68717,1.249
1,3,26599856-6748-4125-8123-03bb3ba86acb,3dfa6a2e-7cdc-4512-a7b3-8b0783812ad7,1.228
1,3,26599856-6748-4125-8123-03bb3ba86acb,3e4abd1d-75e3-4503-8e98-31c4ce35e071,0.978
1,3,26599856-6748-4125-8123-03bb3ba86acb,3e68dc1b-d576-4b63-a8e3-33ee46b8e9b2,1.06
1,3,26599856-6748-4125-8123-03bb3ba86acb,3f45a9bc-9140-4fbf-81cf-6db235fae9a7,1.067
1,3,26599856-6748-4125-8123-03bb3ba86acb,3fc886b8-b43a-49cf-b400-36c3385114c8,1.628
1,3,26599856-6748-4125-8123-03bb3ba86acb,3fcc32aa-64ff-478b-a80f-ec34b0fb6385,2.042
1,3,26599856-6748-4125-8123-03bb3ba86acb,3fff50cc-7c65-4fde-b1e2-751247a7f5c5,1.534
1,3,26599856-6748-4125-8123-03bb3ba86acb,405b94c8-606d-4ef3-a328-3eaab6930905,1.361
1,3,26599856-6748-4125-8123-03bb3ba86acb,40734073-1a3c-4d2c-82c5-4dbc0a4de881,1.49
1,3,26599856-6748-4125-8123-03bb3ba86acb,407b86e3-75ce-4945-83ad-7cd1fb95a44b,2.61
1,3,26599856-6748-4125-8123-03bb3ba86acb,41021d51-f077-490d-8b96-f58a3e59ed41,1.371
1,3,26599856-6748-4125-8123-03bb3ba86acb,426726a9-67cb-447c-ae5c-6b41614f4919,1.643
1,3,26599856-6748-4125-8123-03bb3ba86acb,428112e6-5bf1-4c17-a89f-2bb9c8cd8846,1.348
1,3,26599856-6748-4125-8123-03bb3ba86acb,42ce727c-1e99-43c3-98b9-6af21ddca7f1,1.315
1,3,26599856-6748-4125-8123-03bb3ba86acb,42d62694-b44a-44f2-8314-bb6094bf6f84,1.479
1,3,26599856-6748-4125-8123-03bb3ba86acb,435818af-1a32-4c64-ab07-814f394dd4d6,1.058
1,3,26599856-6748-4125-8123-03bb3ba86acb,438db97f-79ca-4b88-a3ac-87ff826900e4,2.669
1,3,26599856-6748-4125-8123-03bb3ba86acb,44463a76-d954-4db4-9197-25ade0fb58e9,3.245
1,3,26599856-6748-4125-8123-03bb3ba86acb,45c497cd-69c8-461c-8edc-6154733cd2ee,3.013
1,3,26599856-6748-4125-8123-03bb3ba86acb,476af892-0e8f-48b3-a5d1-574a987f136e,3.323
1,3,26599856-6748-4125-8123-03bb3ba86acb,488a6fc1-62c1-49bf-aa71-d3a9f0cb78b1,2.5
1,3,26599856-6748-4125-8123-03bb3ba86acb,48af792c-9486-4d8a-9cb8-18c7323b32a6,1.468
1,3,26599856-6748-4125-8123-03bb3ba86acb,49a4095b-cb81-4c56-a277-21c1ae4ba917,1.639
1,3,26599856-6748-4125-8123-03bb3ba86acb,49b69f64-33a1-4321-81c7-53d9f1f5b5e1,1.246
1,3,26599856-6748-4125-8123-03bb3ba86acb,4a9df72b-3b0e-4d58-8768-e6803e30130b,1.593
1,3,26599856-6748-4125-8123-03bb3ba86acb,4afa7d6d-025f-470a-b4dd-dbb35c2f06fe,1.076
1,3,26599856-6748-4125-8123-03bb3ba86acb,4baa3875-c2f8-477d-b5c9-5f31c0ab71e9,2.326
1,3,26599856-6748-4125-8123-03bb3ba86acb,4bd742ab-5355-4d2f-b798-3418e25e01db,2.663
1,3,26599856-6748-4125-8123-03bb3ba86acb,4c26184d-bc95-4e7f-b244-8588f78a960d,3.632
1,3,26599856-6748-4125-8123-03bb3ba86acb,4c2e995d-9be5-4e38-8dd5-083963402600,2.895
1,3,26599856-6748-4125-8123-03bb3ba86acb,4c55ddce-192f-4bf4-b929-552ce2eae59c,3.597
1,3,26599856-6748-4125-8123-03bb3ba86acb,4c6eaa6d-8477-46fb-90d1-300ffb84960f,3.079
1,3,26599856-6748-4125-8123-03bb3ba86acb,4c813dba-a1ae-4a98-a716-f373b10dbc27,2.65
1,3,26599856-6748-4125-8123-03bb3ba86acb,4d0a604e-92f3-409e-afc8-eb598629e254,1.446
1,3,26599856-6748-4125-8123-03bb3ba86acb,4d45cf75-36ca-4801-8800-e9ae554369ba,1.473
1,3,26599856-6748-4125-8123-03bb3ba86acb,4d929a1d-2e08-47f3-a7ff-5770a58557ec,1.661
1,3,26599856-6748-4125-8123-03bb3ba86acb,4dc6e1f2-7ade-40f2-a39c-ca835564586b,1.682
1,3,26599856-6748-4125-8123-03bb3ba86acb,4df70de7-0e88-4d12-8182-c58fee128395,2.173
1,3,26599856-6748-4125-8123-03bb3ba86acb,4efc8aea-11a0-4c63-8091-624af98c2222,2.968
1,3,26599856-6748-4125-8123-03bb3ba86acb,4f0d51c1-85be-4ecf-84e3-18e44fbd91f4,3.785
1,3,26599856-6748-4125-8123-03bb3ba86acb,4f435606-f85f-47ad-88c2-c80eb2de2ac3,2.112
1,3,26599856-6748-4125-8123-03bb3ba86acb,4f502d2f-82de-49b0-8ad7-c3d42bf1f6c1,2.158
1,3,26599856-6748-4125-8123-03bb3ba86acb,4fb51690-a320-4728-a770-f8d3785237dd,1.34
1,3,26599856-6748-4125-8123-03bb3ba86acb,4fc0b83c-4fa4-4d31-ad51-1ee53262ad69,1.721
1,3,26599856-6748-4125-8123-03bb3ba86acb,516af53e-4d10-4ba3-95ab-829d931aacc3,1.452
1,3,26599856-6748-4125-8123-03bb3ba86acb,516ebf20-03dc-4430-ba53-7b03ec1610e4,1.129
1,3,26599856-6748-4125-8123-03bb3ba86acb,5209c206-4ad2-4276-aaf4-691908aac84c,1.922
1,3,26599856-6748-4125-8123-03bb3ba86acb,521293b4-8536-436b-8eb2-c0c260421d99,1.554
1,3,26599856-6748-4125-8123-03bb3ba86acb,521a71d7-44bd-4280-b220-335b810c74c9,1.909
1,3,26599856-6748-4125-8123-03bb3ba86acb,5390ee94-b52c-4755-9dc3-dc64156a75bc,1.791
1,3,26599856-6748-4125-8123-03bb3ba86acb,54eb006f-d54e-4493-ba3f-a8cc35032146,1.905
1,3,26599856-6748-4125-8123-03bb3ba86acb,54f3738d-f9c8-40eb-a82d-43767671900c,2.918
1,3,26599856-6748-4125-8123-03bb3ba86acb,55b458a5-f1ba-4a7d-9ccd-fa9361f4e686,3.492
1,3,26599856-6748-4125-8123-03bb3ba86acb,561cb8fc-1110-436f-898c-4ea6a8f0993e,3.131
1,3,26599856-6748-4125-8123-03bb3ba86acb,568bafd4-c0f0-4c57-8f0d-f7ffac10863f,2.875
1,3,26599856-6748-4125-8123-03bb3ba86acb,584213c9-a134-48d5-a26d-b291881d4f35,2.749
1,3,26599856-6748-4125-8123-03bb3ba86acb,58969bee-77c9-4914-aedb-0defc400830f,2.575
1,3,26599856-6748-4125-8123-03bb3ba86acb,58c344d7-e95d-4a51-94eb-51040fe8e360,2.026
1,3,26599856-6748-4125-8123-03bb3ba86acb,58e87284-0465-4e4e-bfc8-ed8d96375494,1.938
1,3,26599856-6748-4125-8123-03bb3ba86acb,58f63342-917c-448f-aacf-f9423cecc2cd,1.405
1,3,26599856-6748-4125-8123-03bb3ba86acb,58f8a263-8429-4fe2-a238-763c7687613e,1.575
1,3,26599856-6748-4125-8123-03bb3ba86acb,596699b8-afbb-4f44-9561-c24db0124000,1.354
1,3,26599856-6748-4125-8123-03bb3ba86acb,5ab4ad67-189c-49b0-8077-0a6308a0d113,1.989
1,3,26599856-6748-4125-8123-03bb3ba86acb,5ae37036-3dda-484e-bf81-73609d703937,2.459
1,3,26599856-6748-4125-8123-03bb3ba86acb,5b537529-253b-4d24-8866-f5414f024c5e,2.763
1,3,26599856-6748-4125-8123-03bb3ba86acb,5b9e0d46-f527-404c-ac12-2f488865d73f,3.701
1,3,26599856-6748-4125-8123-03bb3ba86acb,5c0c61d0-4abb-4b58-877e-519b0838f2ed,3.802
1,3,26599856-6748-4125-8123-03bb3ba86acb,5ce2578c-11b3-44df-9480-0f56f7c30eb8,2.521
1,3,26599856-6748-4125-8123-03bb3ba86acb,5ce56291-941b-4eac-8dbd-d590d74983e7,1.272
1,3,26599856-6748-4125-8123-03bb3ba86acb,5ddff027-abcd-459c-8d61-19eb94b4f5fb,1.446
1,3,26599856-6748-4125-8123-03bb3ba86acb,5df64404-8755-4ecc-bc66-746b1db7fd15,1.091
1,3,26599856-6748-4125-8123-03bb3ba86acb,5f561eef-bedc-418b-8020-f6acfbb8140d,1.227
1,3,26599856-6748-4125-8123-03bb3ba86acb,5f643a95-3fd4-4a7c-bcf8-50d890f65a8c,1.029
1,3,26599856-6748-4125-8123-03bb3ba86acb,5f6ad89b-dc30-49b2-9a7b-2bcec4b28869,1.075
1,3,26599856-6748-4125-8123-03bb3ba86acb,6019748a-33e8-499b-8e32-71a2b419f294,1.296
1,3,26599856-6748-4125-8123-03bb3ba86acb,602fba59-24ac-4883-bb78-3eed409a29d1,1.334
1,3,26599856-6748-4125-8123-03bb3ba86acb,60398bd4-eee4-4953-ba1a-972a958aef1d,1.361
1,3,26599856-6748-4125-8123-03bb3ba86acb,608221fe-dd17-402d-94b0-113202ac1407,1.663
1,3,26599856-6748-4125-8123-03bb3ba86acb,60e71b76-7a62-4bba-a126-73596171dc99,1.743
1,3,26599856-6748-4125-8123-03bb3ba86acb,614ca0a3-7d62-42b1-aca7-3a6d7e08942b,2.095
1,3,26599856-6748-4125-8123-03bb3ba86acb,61840a8d-6feb-42f6-a6bc-10d6bf03494e,2.563
1,3,26599856-6748-4125-8123-03bb3ba86acb,620d08c9-f4b4-477a-a635-8007ccdf9ca3,3.784
1,3,26599856-6748-4125-8123-03bb3ba86acb,629b653c-2b07-4b89-a7b2-00bd8e6ebd26,1.395
1,3,26599856-6748-4125-8123-03bb3ba86acb,62dd93b5-6dad-4eaa-8fdb-11f821fad73b,1.707
1,3,26599856-6748-4125-8123-03bb3ba86acb,6321c35b-48f6-4459-924f-9a03f96019cd,1.661
1,3,26599856-6748-4125-8123-03bb3ba86acb,638599e0-c2a2-435e-8637-a30955623efa,1.673
1,3,26599856-6748-4125-8123-03bb3ba86acb,64360fb4-fc20-4083-9f16-fb2d7926274a,1.818
1,3,26599856-6748-4125-8123-03bb3ba86acb,64d81bfd-3ec6-4dfc-b0b8-f4fd861c4e86,2.318
1,3,26599856-6748-4125-8123-03bb3ba86acb,64ec56ca-4052-45f0-96cf-74fed8231204,3.888
1,3,26599856-6748-4125-8123-03bb3ba86acb,650aa876-7ef1-4764-8b03-f95311aa0c65,4.614
1,3,26599856-6748-4125-8123-03bb3ba86acb,6526113b-d25e-45c2-978f-a30b59fa160b,3.271
1,3,26599856-6748-4125-8123-03bb3ba86acb,65374581-c491-4fcc-8261-75ce983f8bbf,4.257
1,3,26599856-6748-4125-8123-03bb3ba86acb,65417b80-aab0-44e8-8271-fd884499ad1a,2.551
1,3,26599856-6748-4125-8123-03bb3ba86acb,657b9a55-cda1-4909-9c19-346937deb10b,1.976
1,3,26599856-6748-4125-8123-03bb3ba86acb,6607db64-9804-4089-8168-9edd73c9e928,1.446
1,3,26599856-6748-4125-8123-03bb3ba86acb,6622d8c0-d215-4c6f-933b-8a0fb9862821,1.575
1,3,26599856-6748-4125-8123-03bb3ba86acb,6681fe40-e1f4-4d82-8f83-35cf7d16c96c,1.744
1,3,26599856-6748-4125-8123-03bb3ba86acb,669e165d-15b0-4a8c-8a82-128218a3f755,1.577
1,3,26599856-6748-4125-8123-03bb3ba86acb,66e870f2-60ce-447c-970f-c0846b24a58d,1.54
1,3,26599856-6748-4125-8123-03bb3ba86acb,674d2a73-267f-4ff2-b4c4-61a49731cc78,2.563
1,3,26599856-6748-4125-8123-03bb3ba86acb,698e5908-4416-4910-8a36-20a7a089639b,3.057
1,3,26599856-6748-4125-8123-03bb3ba86acb,6a01109c-3436-4ccc-b9e3-71b4d9e158cb,2.515
1,3,26599856-6748-4125-8123-03bb3ba86acb,6b15c405-35c8-43ad-832f-0377323501d6,2.539
1,3,26599856-6748-4125-8123-03bb3ba86acb,6b94d34e-a07b-431c-8801-1da127139876,2.831
1,3,26599856-6748-4125-8123-03bb3ba86acb,6bc712ff-cacb-4d5f-93b5-b52a0f09765a,3.102
1,3,26599856-6748-4125-8123-03bb3ba86acb,6bf5e8bf-886a-4639-994d-e79184509b07,1.723
1,3,26599856-6748-4125-8123-03bb3ba86acb,6c453f90-ef50-43dd-8e8a-3b27eced05cd,1.337
1,3,26599856-6748-4125-8123-03bb3ba86acb,6c506a9d-44a6-4f56-b7cf-6287b716a5e5,1.495
1,3,26599856-6748-4125-8123-03bb3ba86acb,6c51379e-5208-4fa5-a833-360bba740212,1.445
1,3,26599856-6748-4125-8123-03bb3ba86acb,6d3293a7-393b-4bc7-8978-fc03717c6f62,1.639
1,3,26599856-6748-4125-8123-03bb3ba86acb,6d438740-76fa-494c-a774-a9c1ab4e577c,1.781
1,3,26599856-6748-4125-8123-03bb3ba86acb,6da08665-ff3b-40d4-9a20-84d0314e6223,2.76
1,3,26599856-6748-4125-8123-03bb3ba86acb,6db73f5e-d8ea-4bff-8608-1541c14180e2,3.408
1,3,26599856-6748-4125-8123-03bb3ba86acb,6e013eac-7eba-4490-9879-73ca13a03adb,2.996
1,3,26599856-6748-4125-8123-03bb3ba86acb,6ea3c20f-45a8-4b00-a0fd-942190c26ec1,3.137
1,3,26599856-6748-4125-8123-03bb3ba86acb,700b8289-45d6-4a74-bdf0-7ddc941e0ade,2.863
1,3,26599856-6748-4125-8123-03bb3ba86acb,708cece6-27eb-401b-af13-31379473076d,2.784
1,3,26599856-6748-4125-8123-03bb3ba86acb,70cf3e63-54ba-44f1-b985-df3501333091,2.566
1,3,26599856-6748-4125-8123-03bb3ba86acb,7133b2d0-afdf-477d-9dc8-3ada50f51c41,1.429
1,3,26599856-6748-4125-8123-03bb3ba86acb,75612d0f-6443-456f-8153-6a6923304f64,1.493
1,3,26599856-6748-4125-8123-03bb3ba86acb,75a81c63-2f0c-42d6-bac2-72fbb08ac75b,1.576
1,3,26599856-6748-4125-8123-03bb3ba86acb,760428ae-a7fb-48ec-9cb0-419dbe211861,1.596
1,3,26599856-6748-4125-8123-03bb3ba86acb,761f4d3c-302a-4b8b-abc0-5d7261b07190,2.034
1,3,26599856-6748-4125-8123-03bb3ba86acb,76923038-e2c5-463e-9405-9d8cf60d5708,3.207
1,3,26599856-6748-4125-8123-03bb3ba86acb,76c29a17-482f-4ee4-94f9-c37f57f5eaa4,1.956
1,3,26599856-6748-4125-8123-03bb3ba86acb,7713717c-df3b-4bb6-8ddb-3e92b123c59f,1.693
1,3,26599856-6748-4125-8123-03bb3ba86acb,77649ad5-8eb4-4091-855e-9e348c93c965,1.722
1,3,26599856-6748-4125-8123-03bb3ba86acb,799024d4-6253-42ba-8826-4a83024973ac,2.319
1,3,26599856-6748-4125-8123-03bb3ba86acb,7a56214e-14d5-4554-a4b6-fc357e3e4fb4,2.944
1,3,26599856-6748-4125-8123-03bb3ba86acb,7b6be760-7a66-48f0-9790-d468afa4efd0,2.875
1,3,26599856-6748-4125-8123-03bb3ba86acb,7b814c3b-93ec-49b3-9156-16d8f0eaad3d,1.496
1,3,26599856-6748-4125-8123-03bb3ba86acb,7bb1210d-87d4-43ca-8b22-47faa4ef09ec,1.591
1,3,26599856-6748-4125-8123-03bb3ba86acb,7beb342a-e103-4c8e-bdb5-8c468efee740,1.527
1,3,26599856-6748-4125-8123-03bb3ba86acb,7cb8681a-50f0-4ef7-9c6a-89de846c3d03,1.565
1,3,26599856-6748-4125-8123-03bb3ba86acb,7d206c74-f2ae-4ce4-a553-8feba58659de,1.846
1,3,26599856-6748-4125-8123-03bb3ba86acb,7d54bed9-a046-4879-8ea3-1243838af497,2.327
1,3,26599856-6748-4125-8123-03bb3ba86acb,7dae4b85-0d1e-4266-bb58-b65a55cc830a,2.861
1,3,26599856-6748-4125-8123-03bb3ba86acb,7e4dde8d-8cb3-400c-8703-1a938c5f8840,3.743
1,3,26599856-6748-4125-8123-03bb3ba86acb,7f1dcc33-a706-4cc3-a17e-49286b762743,2.491
1,3,26599856-6748-4125-8123-03bb3ba86acb,7f6f6e3c-b2bf-4909-9bc7-4ae1bdc3e636,1.508
1,3,26599856-6748-4125-8123-03bb3ba86acb,7fbbf337-77fd-40da-91eb-417297f1e6ac,1.116
1,3,26599856-6748-4125-8123-03bb3ba86acb,806c3438-d148-4ef1-a766-c9dd3599c20f,1.112
1,3,26599856-6748-4125-8123-03bb3ba86acb,807f1ac1-72e9-4815-b3e4-e393be246e9b,1.184
1,3,26599856-6748-4125-8123-03bb3ba86acb,809bc2ac-0fd2-4585-82bb-4843d4a5cf77,1.108
1,3,26599856-6748-4125-8123-03bb3ba86acb,826da776-e292-4c8b-a39f-18a24280c0c0,0.91
1,3,26599856-6748-4125-8123-03bb3ba86acb,828507dc-6898-4e2f-b44f-deb6c8e43f9a,1.149
1,3,26599856-6748-4125-8123-03bb3ba86acb,82956731-f9a9-4b67-ad7e-fb28ba0a00fc,1.38
1,3,26599856-6748-4125-8123-03bb3ba86acb,83205c2f-d99a-465d-8d39-9c0f728b6d03,1.312
1,3,26599856-6748-4125-8123-03bb3ba86acb,83349849-f187-410a-8b81-98b37434ab23,1.569
1,3,26599856-6748-4125-8123-03bb3ba86acb,8334fef9-66e3-41d6-b2fb-33e6e726a87c,1.916
1,3,26599856-6748-4125-8123-03bb3ba86acb,843a9ae8-4dcd-4c63-8ed2-a2b7dd5f38bd,2.395
1,3,26599856-6748-4125-8123-03bb3ba86acb,85049897-e67b-4fce-9385-5dfc30b367b9,3.061
1,3,26599856-6748-4125-8123-03bb3ba86acb,869d440e-650c-4a9a-91e3-0ec100bcc253,2.876
1,3,26599856-6748-4125-8123-03bb3ba86acb,870635f3-f4fe-49be-a756-52442bc2d3fb,2.387
1,3,26599856-6748-4125-8123-03bb3ba86acb,871e3e11-5b1e-4284-ab4a-b5b0b4d61fce,1.559
1,3,26599856-6748-4125-8123-03bb3ba86acb,878a80a2-653f-40b5-ad07-9cc46f859a6d,1.46
1,3,26599856-6748-4125-8123-03bb3ba86acb,8800cade-8c1e-4805-90da-c233d5be8dde,1.537
1,3,26599856-6748-4125-8123-03bb3ba86acb,88043921-ef87-476a-91f5-7647db9eae7c,1.59
1,3,26599856-6748-4125-8123-03bb3ba86acb,888dc89e-33e3-48e6-8db5-90134b0bd772,1.953
1,3,26599856-6748-4125-8123-03bb3ba86acb,88fa2699-848a-4492-9d76-9fe78313ea58,2.042
1,3,26599856-6748-4125-8123-03bb3ba86acb,89356627-9222-457d-b1c9-c8957f83cbdd,2.684
1,3,26599856-6748-4125-8123-03bb3ba86acb,89363d53-038f-4e1a-8e77-743ac5d4d72f,2.552
1,3,26599856-6748-4125-8123-03bb3ba86acb,899085f8-d16e-4c90-8c2e-09e5a4e5bcba,3.163
1,3,26599856-6748-4125-8123-03bb3ba86acb,8991a712-c8f3-457a-8afc-ed7051354530,3.302
1,3,26599856-6748-4125-8123-03bb3ba86acb,89f165c8-81c5-4faf-86c8-4202527d86f2,2.597
1,3,26599856-6748-4125-8123-03bb3ba86acb,8bcebcea-b898-4330-89b3-376b62ef0e35,2.43
1,3,26599856-6748-4125-8123-03bb3ba86acb,8bf02dab-b52f-4364-aeec-887de3a9fa04,1.335
1,3,26599856-6748-4125-8123-03bb3ba86acb,8c962273-1802-4787-96a6-82b728ae871a,1.505
1,3,26599856-6748-4125-8123-03bb3ba86acb,8cad0206-9c78-4bcc-ab30-06392d238b86,1.506
1,3,26599856-6748-4125-8123-03bb3ba86acb,8cce617e-e930-4d9b-97b1-b2d4ef3b32c2,1.699
1,3,26599856-6748-4125-8123-03bb3ba86acb,8d1ef0de-2578-4609-89d6-9fe92153e6d4,1.77
1,3,26599856-6748-4125-8123-03bb3ba86acb,8d4b2555-1b19-4960-b0af-e08f7a2daed5,3.084
1,3,26599856-6748-4125-8123-03bb3ba86acb,8d80a6c5-e4a2-42bd-b1b0-303102ea0c91,3.863
1,3,26599856-6748-4125-8123-03bb3ba86acb,8de54ab7-dca5-4c56-b8fc-61102d8da148,3.714
1,3,26599856-6748-4125-8123-03bb3ba86acb,8eab29a7-84ab-43b7-87ca-c080dca563e3,4.026
1,3,26599856-6748-4125-8123-03bb3ba86acb,8ef9c1d8-952b-4a24-8b4c-2660ca477e33,3.648
1,3,26599856-6748-4125-8123-03bb3ba86acb,8f3e32d3-a5e2-4ffb-ba5f-d490e7a70370,3.954
1,3,26599856-6748-4125-8123-03bb3ba86acb,8f9c938d-68fc-4657-b2ed-6e6dd43b496f,3.868
1,3,26599856-6748-4125-8123-03bb3ba86acb,8fbd2557-1c9f-4bcc-ae3c-3ba0c5ec2d30,1.228
1,3,26599856-6748-4125-8123-03bb3ba86acb,8fca7cf8-68d5-41cc-8b8c-f923b8958135,1.488
1,3,26599856-6748-4125-8123-03bb3ba86acb,8ffe1d51-4243-4483-bb38-4add7a705983,1.352
1,3,26599856-6748-4125-8123-03bb3ba86acb,90679261-3849-4a94-a3d2-b449724c1e7c,1.653
1,3,26599856-6748-4125-8123-03bb3ba86acb,906d4c89-40e3-4c3a-876a-547768a7ae76,1.841
1,3,26599856-6748-4125-8123-03bb3ba86acb,92823027-a1a0-4ea2-9b97-8149f14555e7,2.829
1,3,26599856-6748-4125-8123-03bb3ba86acb,92937d95-102e-4e51-80d0-8feb427c0060,3.233
1,3,26599856-6748-4125-8123-03bb3ba86acb,933e38b2-d151-44bb-9bf7-8f5d7845d3ca,3.083
1,3,26599856-6748-4125-8123-03bb3ba86acb,934b6879-8257-4e89-a1e1-609c4d7135fd,3.292
1,3,26599856-6748-4125-8123-03bb3ba86acb,9360ebe4-951c-4862-8735-818278c3cf6b,3.011
1,3,26599856-6748-4125-8123-03bb3ba86acb,948a555c-bbc2-4f60-a069-27da81b942fa,2.598
1,3,26599856-6748-4125-8123-03bb3ba86acb,95b47fd4-cb3a-4ca2-bad3-6ed06f99d267,2.16
1,3,26599856-6748-4125-8123-03bb3ba86acb,96277c05-f505-412a-81ca-2438f5510ba4,1.958
1,3,26599856-6748-4125-8123-03bb3ba86acb,962b2cf0-8cc5-48aa-ae4e-0c5a0a003a2e,1.45
1,3,26599856-6748-4125-8123-03bb3ba86acb,965a06e7-e9bd-4d74-b779-0bb13b6cbe40,1.535
1,3,26599856-6748-4125-8123-03bb3ba86acb,96e643f1-6e93-405f-98b2-3cca1c8b680a,1.546
1,3,26599856-6748-4125-8123-03bb3ba86acb,972d1ec1-a204-4e58-8caf-08ba4b32069b,1.585
1,3,26599856-6748-4125-8123-03bb3ba86acb,98cbde36-3830-4855-a5a6-a5ad4bb47c96,2.463
1,3,26599856-6748-4125-8123-03bb3ba86acb,990d18b6-633b-4558-8610-1f4312bae711,3.083
1,3,26599856-6748-4125-8123-03bb3ba86acb,9941e648-7e2b-4acc-ae8e-f17dfe4e76e6,2.93
1,3,26599856-6748-4125-8123-03bb3ba86acb,995ceaa9-dddb-493b-8d28-fb20dbdabdbb,2.672
1,3,26599856-6748-4125-8123-03bb3ba86acb,9b20da95-dbcb-41fb-bde2-8ccf05a643c6,4.978
1,3,26599856-6748-4125-8123-03bb3ba86acb,9b816fef-9189-4322-a95e-769037779fcd,2.492
1,3,26599856-6748-4125-8123-03bb3ba86acb,9bc4cfa5-ca1a-4c3e-a6ad-c72ee68c14fd,2.251
1,3,26599856-6748-4125-8123-03bb3ba86acb,9bc9f0d8-75bd-404c-811f-e688cd91c7d0,1.597
1,3,26599856-6748-4125-8123-03bb3ba86acb,9c9d9ca2-ed79-4488-89de-d963a11efe47,1.275
1,3,26599856-6748-4125-8123-03bb3ba86acb,9cb11f9d-0142-4ab1-bef0-bd392cc4e99c,1.379
1,3,26599856-6748-4125-8123-03bb3ba86acb,9cfcabf3-3bde-470c-ae2d-8a1bde9a4fe0,1.54
1,3,26599856-6748-4125-8123-03bb3ba86acb,9d9295d3-9341-40e0-b7d4-c965f3de8b89,1.77
1,3,26599856-6748-4125-8123-03bb3ba86acb,9da04690-b333-4f00-baa4-e73adb762d1b,3.284
1,3,26599856-6748-4125-8123-03bb3ba86acb,9df87763-b115-471f-a2da-b7a58e53e18d,2.204
1,3,26599856-6748-4125-8123-03bb3ba86acb,9f36a935-018a-4b9e-a81b-94511c9d1cf7,1.314
1,3,26599856-6748-4125-8123-03bb3ba86acb,9f4fcfc8-053e-49b6-b555-ff059c11fb19,1.081
1,3,26599856-6748-4125-8123-03bb3ba86acb,9fdb8393-f1cb-460a-b206-a5c4350a1972,1.091
1,3,26599856-6748-4125-8123-03bb3ba86acb,9fe7ffb2-b871-4ef7-844d-64e00c0c4bae,0.964
1,3,26599856-6748-4125-8123-03bb3ba86acb,a056a3d0-989a-469b-bb67-be52211776ed,1.278
1,3,26599856-6748-4125-8123-03bb3ba86acb,a082b1be-ca14-44a2-be84-0fe4bd3cec13,0.963
1,3,26599856-6748-4125-8123-03bb3ba86acb,a0ca91f8-59c2-4629-85dd-40acc0e8765f,1.011
1,3,26599856-6748-4125-8123-03bb3ba86acb,a130915a-0050-40d4-b939-496eabbb0345,0.978
1,3,26599856-6748-4125-8123-03bb3ba86acb,a14d2459-3b63-4c5f-a4da-17d67afa1a16,1.197
1,3,26599856-6748-4125-8123-03bb3ba86acb,a15abfa6-d70a-4644-8280-0d079d61c226,1.295
1,3,26599856-6748-4125-8123-03bb3ba86acb,a217f7d4-ed05-49c7-8869-580a1878a273,1.349
1,3,26599856-6748-4125-8123-03bb3ba86acb,a419575c-0a1a-45ee-a9ea-c113660e1d72,1.938
1,3,26599856-6748-4125-8123-03bb3ba86acb,a423ef9a-f265-40f6-9da6-9dbe117f4949,1.942
1,3,26599856-6748-4125-8123-03bb3ba86acb,a443f8b8-4441-43bd-9d93-c8550d4ddc70,2.137
1,3,26599856-6748-4125-8123-03bb3ba86acb,a47b63eb-8577-4074-90d2-d69aab1eb642,3.355
1,3,26599856-6748-4125-8123-03bb3ba86acb,a482f92d-2db4-41e1-9140-9c0cd7cfa407,2.688
1,3,26599856-6748-4125-8123-03bb3ba86acb,a61b1583-7c1c-4730-9128-bcbcd08fec06,1.203
1,3,26599856-6748-4125-8123-03bb3ba86acb,a621d818-09cc-497c-a7f7-9eca69777da7,1.299
1,3,26599856-6748-4125-8123-03bb3ba86acb,a6a6261b-11bf-42d3-b694-fde5461294c8,1.273
1,3,26599856-6748-4125-8123-03bb3ba86acb,a70b787f-a4cd-4a6d-8c62-241fcde0eea8,1.683
1,3,26599856-6748-4125-8123-03bb3ba86acb,a71ac017-a999-4d51-9b43-4e821d7f2aee,1.456
1,3,26599856-6748-4125-8123-03bb3ba86acb,a7446673-ee6f-424c-92a3-5c790402cf3d,1.757
1,3,26599856-6748-4125-8123-03bb3ba86acb,a77aa9b7-f566-4f0d-8222-9a3e3ea28753,2.969
1,3,26599856-6748-4125-8123-03bb3ba86acb,a8275bec-05d0-42e9-b7cb-9898df99857c,2.734
1,3,26599856-6748-4125-8123-03bb3ba86acb,a8996a7e-c7b0-4548-b36d-ad49bd342e80,2.867
1,3,26599856-6748-4125-8123-03bb3ba86acb,a8d7ac41-00ff-4d76-8ea7-2b8d6803234a,3.661
1,3,26599856-6748-4125-8123-03bb3ba86acb,a8e8736d-c908-4b1f-8621-cfc26c77912a,2.816
1,3,26599856-6748-4125-8123-03bb3ba86acb,a8f0d194-580a-4537-a6b6-5e262fb1c725,2.437
1,3,26599856-6748-4125-8123-03bb3ba86acb,a9123ab1-bb72-47ba-8297-a67c27907391,1.493
1,3,26599856-6748-4125-8123-03bb3ba86acb,a91574ab-66b3-40ac-ba9d-94e3116e35b0,1.282
1,3,26599856-6748-4125-8123-03bb3ba86acb,aa4e33e6-0c53-42ca-b356-43c24df33681,1.499
1,3,26599856-6748-4125-8123-03bb3ba86acb,aab62882-f463-4faf-b0d0-5581a25473f9,1.187
1,3,26599856-6748-4125-8123-03bb3ba86acb,ab59e15f-2412-4e65-a193-8eeb2e15b5c4,1.226
1,3,26599856-6748-4125-8123-03bb3ba86acb,ab9355bb-00e0-4556-90ec-b4834b34c699,1.028
1,3,26599856-6748-4125-8123-03bb3ba86acb,ab9e43e4-dc98-4f02-a703-10fcaedb7772,1.589
1,3,26599856-6748-4125-8123-03bb3ba86acb,ac6613bd-7abd-42af-9823-845232d39599,1.215
1,3,26599856-6748-4125-8123-03bb3ba86acb,ac832040-2841-4fcf-9dc3-f46cd9086215,1.017
1,3,26599856-6748-4125-8123-03bb3ba86acb,acaf3785-e2ec-43ae-a7fd-ceb841950bea,1.001
1,3,26599856-6748-4125-8123-03bb3ba86acb,acb28f82-38f3-42fe-acc3-da5497ef8ed3,1.084
1,3,26599856-6748-4125-8123-03bb3ba86acb,acf97230-6842-40e5-9698-720a30dcb87f,1.201
1,3,26599856-6748-4125-8123-03bb3ba86acb,ad202814-622b-4a73-9127-a53bd6340610,1.228
1,3,26599856-6748-4125-8123-03bb3ba86acb,adf03d08-a32e-4ab4-ae37-56faa6ba80e9,1.446
1,3,26599856-6748-4125-8123-03bb3ba86acb,ae54b61a-331b-4d8f-9bd8-aafc6750de22,1.506
1,3,26599856-6748-4125-8123-03bb3ba86acb,ae9357c6-83d9-4a53-a9bf-212d5bff01ef,1.265
1,3,26599856-6748-4125-8123-03bb3ba86acb,aecfecc0-7862-4341-8b11-bae084f2810d,1.15
1,3,26599856-6748-4125-8123-03bb3ba86acb,af0673b6-c873-4eb3-b2ed-90abb535f078,1.472
1,3,26599856-6748-4125-8123-03bb3ba86acb,afcf7cb1-7365-4043-b739-1a70ac7ecebf,1.942
1,3,26599856-6748-4125-8123-03bb3ba86acb,b05ee882-886a-442f-bbc9-573556f834bd,1.666
1,3,26599856-6748-4125-8123-03bb3ba86acb,b0851ad4-515d-47af-b6a0-995890571398,1.864
1,3,26599856-6748-4125-8123-03bb3ba86acb,b08b9de4-be48-4e64-8448-8213b0a01126,1.756
1,3,26599856-6748-4125-8123-03bb3ba86acb,b0a37b31-3162-41dc-9395-05e43aa870c6,1.406
1,3,26599856-6748-4125-8123-03bb3ba86acb,b0ef81c5-48cb-426f-bec5-b92bb6ad9686,2.119
1,3,26599856-6748-4125-8123-03bb3ba86acb,b1f433d1-d629-48bb-b52c-743196faab49,1.184
1,3,26599856-6748-4125-8123-03bb3ba86acb,b213c316-2cbc-4f31-8318-4156b4686df1,1.63
1,3,26599856-6748-4125-8123-03bb3ba86acb,b373351c-a3e1-40c6-8393-376de80c5720,1.649
1,3,26599856-6748-4125-8123-03bb3ba86acb,b3d24ef8-184d-49d1-ac46-f0bbcbfb336f,1.365
1,3,26599856-6748-4125-8123-03bb3ba86acb,b3f44b5a-f9e2-4f47-847c-79a5015bd07c,1.445
1,3,26599856-6748-4125-8123-03bb3ba86acb,b4aaf251-8486-4b98-bb41-eeac31fe752b,1.593
1,3,26599856-6748-4125-8123-03bb3ba86acb,b509fb51-6767-47cd-94f4-43f4dfd97be6,1.585
1,3,26599856-6748-4125-8123-03bb3ba86acb,b5231c81-a232-43cc-9c86-e81b2c863cbe,3.382
1,3,26599856-6748-4125-8123-03bb3ba86acb,b618959e-cc90-4ec0-ac30-860fddad3771,2.564
1,3,26599856-6748-4125-8123-03bb3ba86acb,b75f575c-c64b-4228-a91f-c18ac7803831,2.789
1,3,26599856-6748-4125-8123-03bb3ba86acb,b825f0e7-0571-41ac-aed6-69d7070a2cfb,3.379
1,3,26599856-6748-4125-8123-03bb3ba86acb,b852ec93-9227-4143-bdcc-83620ee56777,3.519
1,3,26599856-6748-4125-8123-03bb3ba86acb,b8833a18-3d2a-4eea-bf07-6e934e60afce,2.673
1,3,26599856-6748-4125-8123-03bb3ba86acb,b8937bec-3587-4e59-b885-5bae110d0c5b,1.157
1,3,26599856-6748-4125-8123-03bb3ba86acb,b8ed9ebd-a6a7-4058-b310-b656167cc431,1.566
1,3,26599856-6748-4125-8123-03bb3ba86acb,b8f9a757-6428-4118-8a8b-5667a8ef4189,1.51
1,3,26599856-6748-4125-8123-03bb3ba86acb,b9079259-2f87-426a-a89f-7c129fb7c829,1.35
1,3,26599856-6748-4125-8123-03bb3ba86acb,b92decf3-878f-42c4-a20e-c2d2190e85be,1.251
1,3,26599856-6748-4125-8123-03bb3ba86acb,ba80f9bc-f761-4301-944f-91efb1a72c8c,2.633
1,3,26599856-6748-4125-8123-03bb3ba86acb,ba913acb-defc-4a5a-8317-b289b4b4cc4b,2.48
1,3,26599856-6748-4125-8123-03bb3ba86acb,baff7d3a-0705-46bd-926a-618dae2a6854,1.623
1,3,26599856-6748-4125-8123-03bb3ba86acb,bb5ee9c3-8285-43c3-8ef8-811e7c513f82,1.313
1,3,26599856-6748-4125-8123-03bb3ba86acb,bbd74928-cfb4-45b3-b3a5-7aa4d93c90e0,1.1
1,3,26599856-6748-4125-8123-03bb3ba86acb,bd393744-2c29-4ca4-bf52-2930095ebca4,0.894
1,3,26599856-6748-4125-8123-03bb3ba86acb,bd538626-641e-4f35-a86d-f5cfc170f998,1.15
1,3,26599856-6748-4125-8123-03bb3ba86acb,bdc24f5e-1662-4d83-80d4-1b8b27532069,1.091
1,3,26599856-6748-4125-8123-03bb3ba86acb,bdda709a-320b-49f8-a28d-497ce558d57f,1.167
1,3,26599856-6748-4125-8123-03bb3ba86acb,be30e8dd-9ce4-4361-9b27-743a4d672758,1.056
1,3,26599856-6748-4125-8123-03bb3ba86acb,be6ae419-18b0-4486-934d-0defef54f1fe,1.054
1,3,26599856-6748-4125-8123-03bb3ba86acb,bee747d0-b7d3-434d-ad3a-eed508d54bcc,1.18
1,3,26599856-6748-4125-8123-03bb3ba86acb,bee851e3-f481-4d25-9e91-eb9a1f5e8a7c,1.502
1,3,26599856-6748-4125-8123-03bb3ba86acb,bef9d87e-dd06-4940-9afb-8e3ee3f424c8,1.346
1,3,26599856-6748-4125-8123-03bb3ba86acb,bf4a956f-743d-48c8-8768-f5c4f02e8ffe,1.627
1,3,26599856-6748-4125-8123-03bb3ba86acb,bf54009c-8757-4d9d-ae6d-228ede363ccb,3.653
1,3,26599856-6748-4125-8123-03bb3ba86acb,bf8c4424-192f-4acc-9f02-0be4e3f4f4b1,2.913
1,3,26599856-6748-4125-8123-03bb3ba86acb,bfa548db-cfe3-4b09-84f4-fa7b913ac036,3.079
1,3,26599856-6748-4125-8123-03bb3ba86acb,c03a3566-f621-4aec-b630-6c0a71e65305,2.406
1,3,26599856-6748-4125-8123-03bb3ba86acb,c144b612-4835-4e12-8dca-724de07ff8fc,1.226
1,3,26599856-6748-4125-8123-03bb3ba86acb,c1ac858a-9034-4bd0-8003-abf62f4e2242,1.559
1,3,26599856-6748-4125-8123-03bb3ba86acb,c1b06018-d1fc-4a04-b818-22e44c0f727f,1.105
1,3,26599856-6748-4125-8123-03bb3ba86acb,c1e11d04-453d-4205-b55d-77ca06b82ec0,1.501
1,3,26599856-6748-4125-8123-03bb3ba86acb,c21a8452-e327-4ad6-8680-d36e03635212,1.704
1,3,26599856-6748-4125-8123-03bb3ba86acb,c25a6ce9-1e91-4d06-a075-d63411861ff5,2.714
1,3,26599856-6748-4125-8123-03bb3ba86acb,c326815d-1800-4e27-8f14-6447c5f49452,2.764
1,3,26599856-6748-4125-8123-03bb3ba86acb,c346a88c-3c7c-4847-86c4-165aab4b8490,3.78
1,3,26599856-6748-4125-8123-03bb3ba86acb,c3b6f688-e53e-42f3-8cfc-3e310fb9894d,4.465
1,3,26599856-6748-4125-8123-03bb3ba86acb,c3ff22e0-7471-48d1-b315-e2c3437fe2f1,2.583
1,3,26599856-6748-4125-8123-03bb3ba86acb,c4528cce-60ce-4fa8-ba45-12ec72b04f50,2.235
1,3,26599856-6748-4125-8123-03bb3ba86acb,c54e7397-9568-48fa-8a97-d388aa5ea881,4.51
1,3,26599856-6748-4125-8123-03bb3ba86acb,c613366d-e3c0-495d-95f5-8d438ba95a2d,1.098
1,3,26599856-6748-4125-8123-03bb3ba86acb,c629401b-8846-413f-ac04-b0ed8d074202,1.218
1,3,26599856-6748-4125-8123-03bb3ba86acb,c635effa-e513-49ef-b52f-20106b41cbbb,1.308
1,3,26599856-6748-4125-8123-03bb3ba86acb,c6ccdbad-103b-42a1-bd73-d1c45c56458b,1.616
1,3,26599856-6748-4125-8123-03bb3ba86acb,c748ea63-3799-482a-a662-8d784bf75424,1.615
1,3,26599856-6748-4125-8123-03bb3ba86acb,c7582e94-2287-4f11-8817-01d07e77ca5a,1.408
1,3,26599856-6748-4125-8123-03bb3ba86acb,c7fb7097-1951-4017-be2c-454dff9b98ad,2.885
1,3,26599856-6748-4125-8123-03bb3ba86acb,c7fc87f4-d661-4451-9338-9f783a2d6528,3.127
1,3,26599856-6748-4125-8123-03bb3ba86acb,c81815a3-47dc-435b-9d40-058c8681c26b,2.762
1,3,26599856-6748-4125-8123-03bb3ba86acb,c877e211-9df1-401e-a06d-1e6d5628c20d,2.427
1,3,26599856-6748-4125-8123-03bb3ba86acb,c99d66f4-0d59-4fc0-96bf-d05b5d335e5c,2.493
1,3,26599856-6748-4125-8123-03bb3ba86acb,c9c130da-17f3-4025-b39a-d30eaf7e8b29,1.758
1,3,26599856-6748-4125-8123-03bb3ba86acb,ca186e43-dd27-4281-9151-88d47ec8d9ea,1.976
1,3,26599856-6748-4125-8123-03bb3ba86acb,ca33fd83-9fc4-4e64-9592-bcdbf52918ac,1.501
1,3,26599856-6748-4125-8123-03bb3ba86acb,cae7820f-cded-4024-b451-5a3393f2fade,1.381
1,3,26599856-6748-4125-8123-03bb3ba86acb,cb1b4d03-f009-48c4-9fcc-0485c14dec7f,1.513
1,3,26599856-6748-4125-8123-03bb3ba86acb,cbea9857-87ee-4c8f-8cd9-157e88e4e653,1.445
1,3,26599856-6748-4125-8123-03bb3ba86acb,ccf4146c-78ff-4bdc-ace7-f163a99b6925,1.184
1,3,26599856-6748-4125-8123-03bb3ba86acb,cd0cb7bc-e64b-4cc9-a201-f7b83dc26a2d,1.53
1,3,26599856-6748-4125-8123-03bb3ba86acb,cd2c289f-5484-4272-a587-011ba04a53f2,1.651
1,3,26599856-6748-4125-8123-03bb3ba86acb,cdbbcc8a-1368-4356-a97d-7e5c2d9d22b2,3.249
1,3,26599856-6748-4125-8123-03bb3ba86acb,cf0bee8f-8ae7-4c63-8bd4-6f027539841c,3.511
1,3,26599856-6748-4125-8123-03bb3ba86acb,cfe8e6fb-41ef-46b7-bbd9-d1b2072ddf5f,2.745
1,3,26599856-6748-4125-8123-03bb3ba86acb,d022de43-ef46-48a2-9049-a9592eada583,3.22
1,3,26599856-6748-4125-8123-03bb3ba86acb,d0bd0dda-99eb-4bf9-9758-98658d7b80cd,1.802
1,3,26599856-6748-4125-8123-03bb3ba86acb,d0e31df6-7884-4b05-85b6-cdc09f6452ec,1.585
1,3,26599856-6748-4125-8123-03bb3ba86acb,d0f951d5-9d48-4b26-a161-1dffba74b97d,1.395
1,3,26599856-6748-4125-8123-03bb3ba86acb,d1060ab8-0041-4e38-bd78-2ff7638ab2b1,1.577
1,3,26599856-6748-4125-8123-03bb3ba86acb,d1cf8fca-1011-4a5c-9e6c-2ab66ec06d63,1.618
1,3,26599856-6748-4125-8123-03bb3ba86acb,d211c102-43d5-4368-a9db-8dfb4b2eff73,1.494
1,3,26599856-6748-4125-8123-03bb3ba86acb,d25c8012-c8bc-4c65-a0fd-a278991d860d,3.809
1,3,26599856-6748-4125-8123-03bb3ba86acb,d290a9b1-ebbd-4c59-bd4f-5451b3e8b81d,3.895
1,3,26599856-6748-4125-8123-03bb3ba86acb,d30ec4d1-1c69-4287-b1b5-554f3d963ea9,2.288
1,3,26599856-6748-4125-8123-03bb3ba86acb,d3313941-0148-496d-8629-02984414df00,2.969
1,3,26599856-6748-4125-8123-03bb3ba86acb,d4984ae0-12ef-4d38-8762-06ba6e182956,2.224
1,3,26599856-6748-4125-8123-03bb3ba86acb,d56091fc-a5bb-43a8-8194-ac9a93d0f9c6,2.307
1,3,26599856-6748-4125-8123-03bb3ba86acb,d586ac00-d4fb-4594-9906-f98855884e14,1.324
1,3,26599856-6748-4125-8123-03bb3ba86acb,d5900dfb-ab94-4c4c-ae05-112ee7115274,1.159
1,3,26599856-6748-4125-8123-03bb3ba86acb,d5d27f07-7b5d-4780-a1e0-8fc3a3205da6,2.146
1,3,26599856-6748-4125-8123-03bb3ba86acb,d6816efe-c8d8-4160-b785-b009d42e4c43,1.248
1,3,26599856-6748-4125-8123-03bb3ba86acb,d69b3bbb-1423-4bc6-a9d4-c338cb3038d4,1.423
1,3,26599856-6748-4125-8123-03bb3ba86acb,d78e6a2c-93de-488d-8f0a-b1ef8a0bb8fc,1.987
1,3,26599856-6748-4125-8123-03bb3ba86acb,d820fd65-b0b4-4334-939f-0187189cefe7,1.744
1,3,26599856-6748-4125-8123-03bb3ba86acb,d82f317a-7085-4930-ab6b-007a0c526c00,1.187
1,3,26599856-6748-4125-8123-03bb3ba86acb,d8348180-70da-4e42-bc74-9efd2cd14df0,0.98
1,3,26599856-6748-4125-8123-03bb3ba86acb,d8bda699-3898-46a5-85da-0245bb9c2b1a,0.824
1,3,26599856-6748-4125-8123-03bb3ba86acb,d8f319fc-bb89-48ee-be0b-8830bbabe6e5,1.157
1,3,26599856-6748-4125-8123-03bb3ba86acb,d91c4493-f5aa-4798-ac56-940901dfdfb2,1.054
1,3,26599856-6748-4125-8123-03bb3ba86acb,d96471b8-7b6f-4ed3-b425-8b17ab3b7856,1.064
1,3,26599856-6748-4125-8123-03bb3ba86acb,d9af57a8-6677-408d-b1e3-b7e8fe4bef99,0.965
1,3,26599856-6748-4125-8123-03bb3ba86acb,da76422c-cb41-4340-aa19-3f67cd3f176a,0.83
1,3,26599856-6748-4125-8123-03bb3ba86acb,da898c67-d07f-4faa-99db-86596eeec60d,0.986
1,3,26599856-6748-4125-8123-03bb3ba86acb,db2a811c-7bfb-49e3-946e-c8f946c43fb1,1.065
1,3,26599856-6748-4125-8123-03bb3ba86acb,dbaed153-6ec8-4da9-88d5-041d00835ac2,1.489
1,3,26599856-6748-4125-8123-03bb3ba86acb,dbb1c11c-f8dd-4b26-b75d-5500608a2a61,1.612
1,3,26599856-6748-4125-8123-03bb3ba86acb,dcd858c0-f41c-432c-99d9-717b003be75b,1.748
1,3,26599856-6748-4125-8123-03bb3ba86acb,dd7c8513-68e6-43b3-be20-932e4f1f5c21,1.926
1,3,26599856-6748-4125-8123-03bb3ba86acb,dde9691d-bffe-4535-ad6a-4341140fd215,3.248
1,3,26599856-6748-4125-8123-03bb3ba86acb,dfb2a27a-44d6-4a24-9ba7-f7788ebc43e9,2.407
1,3,26599856-6748-4125-8123-03bb3ba86acb,dfc76b5d-f8e5-49a9-9d0e-56fbf150437e,1.285
1,3,26599856-6748-4125-8123-03bb3ba86acb,dfe3d6a8-7271-4e90-818b-5d5658b0edb9,1.02
1,3,26599856-6748-4125-8123-03bb3ba86acb,e0913f2a-028c-49fa-862f-e8b41b26c1fa,1.361
1,3,26599856-6748-4125-8123-03bb3ba86acb,e2050f24-b1c9-4c2a-b945-e17624ab20bb,1.124
1,3,26599856-6748-4125-8123-03bb3ba86acb,e2807263-0a74-46f9-b134-7a97ff43d50d,1.374
1,3,26599856-6748-4125-8123-03bb3ba86acb,e3e8fd25-6b89-4f1e-88e8-ba0667fc77a7,1.36
1,3,26599856-6748-4125-8123-03bb3ba86acb,e43934b2-a26a-41cf-9bfe-de928123aeba,1.502
1,3,26599856-6748-4125-8123-03bb3ba86acb,e45c3f30-1f3b-40f4-b6e7-7640c516b962,1.858
1,3,26599856-6748-4125-8123-03bb3ba86acb,e478388b-c67e-48b7-8162-c4f4256df33d,1.975
1,3,26599856-6748-4125-8123-03bb3ba86acb,e5411da8-e61c-4009-a85b-b8e5f346f768,2.814
1,3,26599856-6748-4125-8123-03bb3ba86acb,e5603ced-b083-4f89-8dc0-216f2c28b457,3.041
1,3,26599856-6748-4125-8123-03bb3ba86acb,e5da03c0-00a0-4c25-ae71-a3d194172473,2.796
1,3,26599856-6748-4125-8123-03bb3ba86acb,e6447807-0417-43d6-9ef6-a88591f7658b,1.317
1,3,26599856-6748-4125-8123-03bb3ba86acb,e68beb58-d855-439f-8d95-95f9aca728fb,1.306
1,3,26599856-6748-4125-8123-03bb3ba86acb,e68cfe4d-a5e2-4a52-ac31-567a0ab59e70,1.164
1,3,26599856-6748-4125-8123-03bb3ba86acb,e6afa4fa-8163-4591-bfbb-87eaa87b8e8f,1.57
1,3,26599856-6748-4125-8123-03bb3ba86acb,e6cbc83e-7f12-4a5e-ba1f-75b89acc13b7,1.535
1,3,26599856-6748-4125-8123-03bb3ba86acb,e734477f-bc27-42eb-b10f-d694c5ccecec,1.597
1,3,26599856-6748-4125-8123-03bb3ba86acb,e740ff39-dde9-4133-8772-f07d228701b0,1.857
1,3,26599856-6748-4125-8123-03bb3ba86acb,e7773da7-a8f4-494b-85eb-37efb24528b5,3.782
1,3,26599856-6748-4125-8123-03bb3ba86acb,e8ada1d9-0bc3-45d4-b8b5-68901017ebd0,3.669
1,3,26599856-6748-4125-8123-03bb3ba86acb,e95ead4e-3d96-427b-ac11-96bf32680e02,3.096
1,3,26599856-6748-4125-8123-03bb3ba86acb,ea9205aa-59ed-4982-a1c4-bd96243e9b4c,2.928
1,3,26599856-6748-4125-8123-03bb3ba86acb,eac3cc3c-d9f4-4610-872c-d64f68ff8276,3.626
1,3,26599856-6748-4125-8123-03bb3ba86acb,eaea062e-5db8-4534-8203-3e9080c11359,1.85
1,3,26599856-6748-4125-8123-03bb3ba86acb,eb731479-5497-4022-aa69-bbe04ad7e2c5,1.263
1,3,26599856-6748-4125-8123-03bb3ba86acb,eb79f07b-3904-4851-b297-e69c9f4be513,1.411
1,3,26599856-6748-4125-8123-03bb3ba86acb,eb8359be-f150-4f0a-ad3a-70a4c5b1a396,1.382
1,3,26599856-6748-4125-8123-03bb3ba86acb,ebb32a23-99eb-42b3-b085-df8a73c8106f,1.421
1,3,26599856-6748-4125-8123-03bb3ba86acb,ebd50810-0f55-4534-b00c-8567514e58ba,1.657
1,3,26599856-6748-4125-8123-03bb3ba86acb,ebf8350f-e4ff-4691-9c3f-f759388893b4,1.521
1,3,26599856-6748-4125-8123-03bb3ba86acb,ecbac533-2535-4768-b9f6-88f71a0f4ea6,2.445
1,3,26599856-6748-4125-8123-03bb3ba86acb,ece8e02f-2913-4f2f-939d-8cfbd92e9ced,2.411
1,3,26599856-6748-4125-8123-03bb3ba86acb,ed2ca34c-1862-4b36-8a50-5b463be0f8fa,2.871
1,3,26599856-6748-4125-8123-03bb3ba86acb,ee1c0487-3305-4d76-af09-ab8718338421,2.245
1,3,26599856-6748-4125-8123-03bb3ba86acb,ee22b2e0-c998-485c-bd9b-bea6ea90ab7f,2.396
1,3,26599856-6748-4125-8123-03bb3ba86acb,ef200927-d90f-451a-be34-0b3381dcd749,3.416
1,3,26599856-6748-4125-8123-03bb3ba86acb,ef3147de-fa9b-458c-ab38-003cd3179bb7,1.501
1,3,26599856-6748-4125-8123-03bb3ba86acb,ef653eb9-435f-4421-a020-63836f550f68,1.203
1,3,26599856-6748-4125-8123-03bb3ba86acb,efb6ba52-e8f7-416b-a4eb-963c29a19aa9,1.145
1,3,26599856-6748-4125-8123-03bb3ba86acb,f05e8eac-107f-423c-9ed0-89a1846dd258,1.329
1,3,26599856-6748-4125-8123-03bb3ba86acb,f0b5262e-3aef-45c2-a56d-b30b0854f850,1.435
1,3,26599856-6748-4125-8123-03bb3ba86acb,f189dea8-5c99-4d09-8fc2-116b870a12f7,1.698
1,3,26599856-6748-4125-8123-03bb3ba86acb,f1914344-11e5-4b92-b5f4-f59ddd9b9f01,2.311
1,3,26599856-6748-4125-8123-03bb3ba86acb,f1e602f0-8349-4dd2-8280-321b0e667d61,2.898
1,3,26599856-6748-4125-8123-03bb3ba86acb,f2250218-fed4-44fe-af78-3b896db61cd0,4.046
1,3,26599856-6748-4125-8123-03bb3ba86acb,f2a80bd5-78df-4f04-94df-afead0a37af7,2.743
1,3,26599856-6748-4125-8123-03bb3ba86acb,f2b7b9e8-aebb-4333-9f44-b7d7333d9138,2.245
1,3,26599856-6748-4125-8123-03bb3ba86acb,f35d310d-335d-4232-9363-ea298be5784a,1.927
1,3,26599856-6748-4125-8123-03bb3ba86acb,f372cd99-7960-43b2-a21d-be57e1e794d8,1.448
1,3,26599856-6748-4125-8123-03bb3ba86acb,f3efca6b-7299-41d2-8a69-0202ff847c97,1.52
1,3,26599856-6748-4125-8123-03bb3ba86acb,f4f1163d-b45c-4aaf-89a7-31949e8948a3,1.344
1,3,26599856-6748-4125-8123-03bb3ba86acb,f5aa7687-27be-488b-ab1e-036bd9a7209c,1.266
1,3,26599856-6748-4125-8123-03bb3ba86acb,f6429ad4-9865-483d-8a4c-6b1820a1ef2f,1.503
1,3,26599856-6748-4125-8123-03bb3ba86acb,f7064297-a7e2-4bcf-b8ba-f003baf77b3a,1.315
1,3,26599856-6748-4125-8123-03bb3ba86acb,f78d879b-ddea-460b-a9c7-47d87e7ce2af,1.292
1,3,26599856-6748-4125-8123-03bb3ba86acb,f7d18b98-b111-4355-affb-268c2db26b36,1.331
1,3,26599856-6748-4125-8123-03bb3ba86acb,f7eb64db-d0a6-46c2-a257-126aa08565dd,0.872
1,3,26599856-6748-4125-8123-03bb3ba86acb,f7f43c0e-8a40-4fca-8598-a9d30faf57d1,0.945
1,3,26599856-6748-4125-8123-03bb3ba86acb,f873ccc3-ac03-449e-bdfd-87c119a1a0b3,1.151
1,3,26599856-6748-4125-8123-03bb3ba86acb,f93a6188-b651-4467-86f7-128b69499de8,0.943
1,3,26599856-6748-4125-8123-03bb3ba86acb,f977e4eb-0946-4e90-882c-50dd1c14d666,1.416
1,3,26599856-6748-4125-8123-03bb3ba86acb,f981ae01-7ab5-443b-8974-2eb83b95ef32,0.933
1,3,26599856-6748-4125-8123-03bb3ba86acb,f98781c8-be26-4d1a-bfda-2ac571f4a78d,0.895
1,3,26599856-6748-4125-8123-03bb3ba86acb,f9aad795-a25f-428b-b1ed-ba536e480552,1.088
1,3,26599856-6748-4125-8123-03bb3ba86acb,f9e22ac2-a7fd-4226-9c53-66743519a6f7,0.995
1,3,26599856-6748-4125-8123-03bb3ba86acb,fa44cef8-d7c7-4969-afa8-348cf3435054,1.384
1,3,26599856-6748-4125-8123-03bb3ba86acb,fa549fd5-e1f5-437b-b342-d099b860bdc7,1.24
1,3,26599856-6748-4125-8123-03bb3ba86acb,faa9a9cc-1d03-4d8f-a780-7d76eecf7e4f,1.312
1,3,26599856-6748-4125-8123-03bb3ba86acb,fac04dfb-1fb5-43ab-820d-92c3fe8f0391,1.775
1,3,26599856-6748-4125-8123-03bb3ba86acb,fae38c39-662a-40d8-bf1f-5630b116b755,1.511
1,3,26599856-6748-4125-8123-03bb3ba86acb,fb0dbc5f-bb2f-4bd6-87fe-0068121a977c,2.462
1,3,26599856-6748-4125-8123-03bb3ba86acb,fb21f3fb-79fc-4503-9f91-5928461dee0f,2.373
1,3,26599856-6748-4125-8123-03bb3ba86acb,fbcbf5af-dfec-4f34-8e14-c767aa9268e6,2.101
1,3,26599856-6748-4125-8123-03bb3ba86acb,fcba0b87-235d-4908-acb4-fc7e2d8de9cc,1.885
1,3,26599856-6748-4125-8123-03bb3ba86acb,fd1bdb1e-6688-4f42-b8e7-dff730cd3746,1.417
1,3,26599856-6748-4125-8123-03bb3ba86acb,fdf7737f-686f-43af-857a-135c25c407e6,1.288
1,3,26599856-6748-4125-8123-03bb3ba86acb,fe195963-6523-4756-b463-b84db36a8b07,1.426
1,3,26599856-6748-4125-8123-03bb3ba86acb,fe25b47b-3e18-4994-ba85-271b1b8834b3,1.661
1,3,26599856-6748-4125-8123-03bb3ba86acb,fe4a83e3-25bf-4c25-bbbe-a7a1d85810a9,1.602
1,3,26599856-6748-4125-8123-03bb3ba86acb,fedb2fc8-ede3-4346-a30b-80ec1dd80217,2.417
1,3,26599856-6748-4125-8123-03bb3ba86acb,fee6a759-4392-4f1b-90cf-09a985ecfdb4,2.362
1,3,26599856-6748-4125-8123-03bb3ba86acb,ffd118bf-3197-4cc7-a2f6-93b446166015,2.381
1,3,26599856-6748-4125-8123-03bb3ba86acb,ffe6ede7-84e0-4655-bd91-0c8c8853584a,2.686
1,3,26599856-6748-4125-8123-03bb3ba86acb,fff683f1-fc59-46ba-9f41-fdd6cbd5ee21,3.68
4,1,552533cc-ae45-4270-93f3-4c4d75d682ea,01b6605e-bbdc-4307-a30c-0eb2081fc5d8,5.005
4,1,552533cc-ae45-4270-93f3-4c4d75d682ea,02b73583-596f-400c-ae61-1ca26b89052c,2.317
4,1,552533cc-ae45-4270-93f3-4c4d75d682ea,07cdde92-d66c-46d8-87a4-1b6286ad3014,2.626
4,1,552533cc-ae45-4270-93f3-4c4d75d682ea,09bb35ec-b60e-4bc4-9441-7a32a2fb6127,2.37
4,1,552533cc-ae45-4270-93f3-4c4d75d682ea,0b6a618b-4478-4915-ad2b-86478a29dbe4,2.508
4,1,552533cc-ae45-4270-93f3-4c4d75d682ea,0c34ccfd-4a16-4911-8199-e362772fea00,1.857
4,1,552533cc-ae45-4270-93f3-4c4d75d682ea,0e34ec6a-d020-43dd-b6b2-f0c7fff64fa4,1.544
4,1,552533cc-ae45-4270-93f3-4c4d75d682ea,0edc1145-c1e2-4f60-ac79-9c091a2a6516,1.455
4,1,552533cc-ae45-4270-93f3-4c4d75d682ea,1086ecf6-cf03-40b2-a9c5-ab007584eae7,1.87
4,1,552533cc-ae45-4270-93f3-4c4d75d682ea,11a3c510-a644-48eb-b7be-6c9bdae045ad,1.474
4,1,552533cc-ae45-4270-93f3-4c4d75d682ea,12f7ddcd-f88b-4041-99ce-528f32eae112,1.903
4,1,552533cc-ae45-4270-93f3-4c4d75d682ea,1512989c-0239-42ec-9e56-07d7a05c12cb,1.657
4,1,552533cc-ae45-4270-93f3-4c4d75d682ea,16c09f06-0c80-44b4-968e-251decd1d180,1.491
4,1,552533cc-ae45-4270-93f3-4c4d75d682ea,193b730b-3b56-4412-ac4e-e892880172da,1.844
4,1,552533cc-ae45-4270-93f3-4c4d75d682ea,1b468d20-e2ac-483e-bd64-a58c129423fa,1.913
4,1,552533cc-ae45-4270-93f3-4c4d75d682ea,1d46c948-465c-40a5-8202-585e834984d5,1.742
4,1,552533cc-ae45-4270-93f3-4c4d75d682ea,206e3815-034a-4dda-8b47-6a04e0ad0672,2.728
4,1,552533cc-ae45-4270-93f3-4c4d75d682ea,227495d6-c23d-4834-b47b-ea5a6e1d90b8,2.119
4,1,552533cc-ae45-4270-93f3-4c4d75d682ea,24e033d8-62ba-4f80-a2f8-5f3156adb2ad,2.014
4,1,552533cc-ae45-4270-93f3-4c4d75d682ea,264d023a-32b1-4d72-bd9c-60aafa0e0f28,1.796
4,1,552533cc-ae45-4270-93f3-4c4d75d682ea,27f9dfd9-413f-4fc5-8b4f-592a3e921f76,1.866
4,1,552533cc-ae45-4270-93f3-4c4d75d682ea,2a947c06-5eba-44d3-850a-f81eb21fbc55,1.797
4,1,552533cc-ae45-4270-93f3-4c4d75d682ea,2d686c54-71fe-471b-9497-b8e70a1c3e1f,1.478
4,1,552533cc-ae45-4270-93f3-4c4d75d682ea,2f6bbd8e-fdc2-46ab-8044-836f3e05a1c3,1.618
4,1,552533cc-ae45-4270-93f3-4c4d75d682ea,2fd22df5-df03-4c44-8b83-de9d652ceb72,1.894
4,1,552533cc-ae45-4270-93f3-4c4d75d682ea,32a84358-1f8f-4c23-83fc-286988e38980,2.614
4,1,552533cc-ae45-4270-93f3-4c4d75d682ea,351caf0f-ec82-401f-80c7-51088a8f7c87,2.462
4,1,552533cc-ae45-4270-93f3-4c4d75d682ea,3782dfb8-8322-4bb5-ab64-fc59f0117a55,2.53
4,1,552533cc-ae45-4270-93f3-4c4d75d682ea,378302d7-3ddb-465f-8b20-093df54b9b1f,2.532
4,1,552533cc-ae45-4270-93f3-4c4d75d682ea,396110eb-8f58-4d5e-a758-0facfd6c3824,2.118
4,1,552533cc-ae45-4270-93f3-4c4d75d682ea,3aee0aa3-81ab-4b35-abae-e2a690d24345,1.704
4,1,552533cc-ae45-4270-93f3-4c4d75d682ea,3c6e802a-c015-4360-835c-ad427a25345c,1.478
4,1,552533cc-ae45-4270-93f3-4c4d75d682ea,3cd1704d-e100-4880-a33c-ab31f61468c6,1.669
4,1,552533cc-ae45-4270-93f3-4c4d75d682ea,4082486f-5a54-403f-978b-0e6cdf2be404,1.432
4,1,552533cc-ae45-4270-93f3-4c4d75d682ea,418f08fb-2f57-46dc-ab7f-3f93e4dd8176,1.272
4,1,552533cc-ae45-4270-93f3-4c4d75d682ea,43cc793c-7ebc-442e-b9a0-4fe63d98ac93,1.126
4,1,552533cc-ae45-4270-93f3-4c4d75d682ea,46179883-cf6e-4765-bdf7-e7741b485ad2,1.182
4,1,552533cc-ae45-4270-93f3-4c4d75d682ea,47658455-db1b-4ea5-91ba-263cf0f16414,1.374
4,1,552533cc-ae45-4270-93f3-4c4d75d682ea,47d4906e-301f-4da2-a04a-ac6e67a950de,1.591
4,1,552533cc-ae45-4270-93f3-4c4d75d682ea,48e1bfa2-ce0f-498e-901f-4a61e0c601c4,1.538
4,1,552533cc-ae45-4270-93f3-4c4d75d682ea,4a286f3b-79ea-4b10-a33e-14573454504c,1.903
4,1,552533cc-ae45-4270-93f3-4c4d75d682ea,4dd33e40-68d9-4ac6-b6a1-e4efa33591d7,2.033
4,1,552533cc-ae45-4270-93f3-4c4d75d682ea,4ee4ebb0-e9f4-4539-9f4d-ddbdac172124,1.529
4,1,552533cc-ae45-4270-93f3-4c4d75d682ea,5171254d-c8e4-47e6-8396-19dc12c7ec97,1.19
4,1,552533cc-ae45-4270-93f3-4c4d75d682ea,54ff07b5-d73b-4fb3-8bfd-73e741c0f681,2.665
4,1,552533cc-ae45-4270-93f3-4c4d75d682ea,57c9a666-b1aa-4da5-be6b-b26da6089dd0,1.668
4,1,552533cc-ae45-4270-93f3-4c4d75d682ea,01f942e4-3abe-43ca-a4af-3a23b8790e47,2.84
4,1,552533cc-ae45-4270-93f3-4c4d75d682ea,04d3f765-2723-4aae-97e5-7e66b640fcc2,1.622
4,1,552533cc-ae45-4270-93f3-4c4d75d682ea,08e58b97-e5f5-4c17-ae7c-bbb3f2ffd53f,2.036
4,1,552533cc-ae45-4270-93f3-4c4d75d682ea,0ae6e9b2-b8b4-4ba7-8d2c-d604dfceaca0,2.009
4,1,552533cc-ae45-4270-93f3-4c4d75d682ea,59a39caf-1588-4d97-921a-c40ebd4ca0f6,2.023
4,1,552533cc-ae45-4270-93f3-4c4d75d682ea,5ad1598b-0977-4aef-bdc1-fef9da35fa4d,1.721
4,1,552533cc-ae45-4270-93f3-4c4d75d682ea,5cf55faa-4bb5-41ef-89ca-9ab0824b2025,1.384
4,1,552533cc-ae45-4270-93f3-4c4d75d682ea,5dd13d5f-c2e6-4a95-bde2-40087c2f08c9,1.654
4,1,552533cc-ae45-4270-93f3-4c4d75d682ea,60345e5f-11d5-4b77-b8ba-e114faeb5135,2.013
4,1,552533cc-ae45-4270-93f3-4c4d75d682ea,60a13ff2-2dca-41c8-b982-b4099821713c,2.453
4,1,552533cc-ae45-4270-93f3-4c4d75d682ea,621aa8fa-320a-41b8-908d-acbb01e943f1,2.293
4,1,552533cc-ae45-4270-93f3-4c4d75d682ea,0bcc2b52-9336-4c19-be99-df722e63a26d,2.326
4,1,552533cc-ae45-4270-93f3-4c4d75d682ea,0cbef6dd-21f8-43de-b73f-2274e8e039c5,1.604
4,1,552533cc-ae45-4270-93f3-4c4d75d682ea,0e77009a-edac-425e-9e20-4b38fca82fcf,1.637
4,1,552533cc-ae45-4270-93f3-4c4d75d682ea,0fe8a264-1e13-44d9-ab1c-db36a4fe0e64,1.368
4,1,552533cc-ae45-4270-93f3-4c4d75d682ea,114e3e21-e5b4-4640-b703-eed55e9bc7ff,1.754
4,1,552533cc-ae45-4270-93f3-4c4d75d682ea,11b41d93-5a1b-49f0-a7f3-96f6d1146ba4,1.55
4,1,552533cc-ae45-4270-93f3-4c4d75d682ea,1437966a-bfa1-438d-ad45-1ca067fb765f,1.541
4,1,552533cc-ae45-4270-93f3-4c4d75d682ea,15ce0424-3d4a-4573-86ad-04832ce45c4d,1.832
4,1,552533cc-ae45-4270-93f3-4c4d75d682ea,16eac9d2-ff9b-450a-a1ec-33582540588b,1.452
4,1,552533cc-ae45-4270-93f3-4c4d75d682ea,19682863-a4f8-4f8c-a10c-89b4b296206f,1.61
4,1,552533cc-ae45-4270-93f3-4c4d75d682ea,1b49f66d-3444-442e-8079-537d688657f5,1.93
4,1,552533cc-ae45-4270-93f3-4c4d75d682ea,1f79e0df-0f6c-4dc0-9420-eeb01fcf7643,1.577
4,1,552533cc-ae45-4270-93f3-4c4d75d682ea,626d0c3d-f626-4961-9c21-0c3407a8e826,2.445
4,1,552533cc-ae45-4270-93f3-4c4d75d682ea,21137b2e-8758-4629-9064-0f789c3b57d1,1.742
4,1,552533cc-ae45-4270-93f3-4c4d75d682ea,22bfda5b-1e7d-45d7-bf2b-0c9d5f013e37,2.133
4,1,552533cc-ae45-4270-93f3-4c4d75d682ea,247a07f6-d00f-42cb-b4e3-e79aca23f3ae,2.057
4,1,552533cc-ae45-4270-93f3-4c4d75d682ea,26d6f0d8-1449-4cd4-bd7c-5090d058e22a,1.806
4,1,552533cc-ae45-4270-93f3-4c4d75d682ea,277e0a4a-8058-4596-9ff5-9541052e6cd1,1.827
4,1,552533cc-ae45-4270-93f3-4c4d75d682ea,28d4809a-597e-4c4d-8e2b-8566011b5a6a,1.825
4,1,552533cc-ae45-4270-93f3-4c4d75d682ea,2bec6330-6f19-46ce-9ad9-d51035e4bbbd,1.627
4,1,552533cc-ae45-4270-93f3-4c4d75d682ea,2e4b1419-1170-4b89-8c31-1e77cb4783f7,1.785
4,1,552533cc-ae45-4270-93f3-4c4d75d682ea,3282ed0d-3c75-47be-8410-3ab6e5f09130,2.018
4,1,552533cc-ae45-4270-93f3-4c4d75d682ea,32a08b0e-3e0a-438c-8b60-42626583e2c5,2.288
4,1,552533cc-ae45-4270-93f3-4c4d75d682ea,352d5014-5afe-49fd-91fc-a507f3c7545d,2.285
4,1,552533cc-ae45-4270-93f3-4c4d75d682ea,639703ea-6eaf-4886-b1d9-8448aff8acdb,1.664
4,1,552533cc-ae45-4270-93f3-4c4d75d682ea,6459e2c3-1009-4dac-8ed9-3f12cf8ffe47,1.881
4,1,552533cc-ae45-4270-93f3-4c4d75d682ea,664cd487-3be6-4494-91c7-2a1ce79cf217,1.539
4,1,552533cc-ae45-4270-93f3-4c4d75d682ea,6828ec36-82fb-4f73-915c-9e6c2f4eb829,1.704
4,1,552533cc-ae45-4270-93f3-4c4d75d682ea,68cb5c21-1827-4195-bf6a-3c61519649e8,1.727
4,1,552533cc-ae45-4270-93f3-4c4d75d682ea,69d0f341-4619-4777-9144-4189bd892da7,1.361
4,1,552533cc-ae45-4270-93f3-4c4d75d682ea,69e04e76-9ccc-4717-b11e-b146fec3ad28,1.453
4,1,552533cc-ae45-4270-93f3-4c4d75d682ea,6b621913-471e-4d39-b4e1-dfb83de0f494,1.86
4,1,552533cc-ae45-4270-93f3-4c4d75d682ea,6bd6e1eb-38e5-4a19-b919-57eba5855514,1.738
4,1,552533cc-ae45-4270-93f3-4c4d75d682ea,36d999c9-bee2-413d-bece-f1eef38525cd,2.634
4,1,552533cc-ae45-4270-93f3-4c4d75d682ea,37fe62ef-7062-4585-a41e-9f3d27d8f717,2.549
4,1,552533cc-ae45-4270-93f3-4c4d75d682ea,39c10073-5eb2-4a12-a5a3-3c59b0efa047,2.048
4,1,552533cc-ae45-4270-93f3-4c4d75d682ea,3a9999c5-6940-4251-a018-5837e0043a4f,1.481
4,1,552533cc-ae45-4270-93f3-4c4d75d682ea,6eb1f597-6903-4385-8471-86aa46cc5ec1,1.944
4,1,552533cc-ae45-4270-93f3-4c4d75d682ea,6f48324f-660b-4269-a762-2a819a2b5609,2.02
4,1,552533cc-ae45-4270-93f3-4c4d75d682ea,704986cb-286d-4672-8de5-79f372a42c81,3.266
4,1,552533cc-ae45-4270-93f3-4c4d75d682ea,71eaef6f-f6d2-4f59-b1b0-0468ee44ff73,3.686
4,1,552533cc-ae45-4270-93f3-4c4d75d682ea,3bf5a175-c3ca-48c4-8ffb-bacc9e0d0492,1.475
4,1,552533cc-ae45-4270-93f3-4c4d75d682ea,3de65383-64cc-40c0-ba19-e8a5eef8c459,1.353
4,1,552533cc-ae45-4270-93f3-4c4d75d682ea,4048a352-f4db-4d65-8c4f-a86bdbb07c83,1.257
4,1,552533cc-ae45-4270-93f3-4c4d75d682ea,410fa9f2-ee1e-484e-a3d4-d3792f467af3,1.328
4,1,552533cc-ae45-4270-93f3-4c4d75d682ea,41ef359b-546d-4e87-a837-caf56b3a4b95,1.368
4,1,552533cc-ae45-4270-93f3-4c4d75d682ea,447a1b87-420c-47aa-ad7c-c0c993f95222,1.276
4,1,552533cc-ae45-4270-93f3-4c4d75d682ea,4636e5d0-4b9e-4b6f-8b90-7a20fcbe8326,1.372
4,1,552533cc-ae45-4270-93f3-4c4d75d682ea,47fce9e2-6c62-458d-8db1-997dde0cff6b,1.607
4,1,552533cc-ae45-4270-93f3-4c4d75d682ea,495c3f74-3069-4b88-8db8-a3045c77ac32,1.459
4,1,552533cc-ae45-4270-93f3-4c4d75d682ea,4c83d60c-7aec-47c4-aa35-ca893a96b15d,2.144
4,1,552533cc-ae45-4270-93f3-4c4d75d682ea,4d0dee7a-369e-41b2-92e4-5810bb22733e,1.81
4,1,552533cc-ae45-4270-93f3-4c4d75d682ea,4ed6b839-40cc-4ab9-b0e1-48b8a61e6f98,1.714
4,1,552533cc-ae45-4270-93f3-4c4d75d682ea,74373170-82b1-4ae7-bde5-5b034e288ecd,3.234
4,1,552533cc-ae45-4270-93f3-4c4d75d682ea,79716b01-0981-4e32-82c5-798991645d9c,3.211
4,1,552533cc-ae45-4270-93f3-4c4d75d682ea,4fe0b848-1ed4-483e-a6a3-66f27e966f41,1.207
4,1,552533cc-ae45-4270-93f3-4c4d75d682ea,7ad78404-e963-4591-9115-4821dd0e6cf0,3.499
4,1,552533cc-ae45-4270-93f3-4c4d75d682ea,001e6ccc-cd60-4c5b-b1a6-83a81a447dd5,4.794
4,1,552533cc-ae45-4270-93f3-4c4d75d682ea,7ba281c6-026d-431b-b0c8-487a960c0b0a,1.347
4,1,552533cc-ae45-4270-93f3-4c4d75d682ea,531851fa-c46d-4d58-9e51-de58f34bd4c0,2.946
4,1,552533cc-ae45-4270-93f3-4c4d75d682ea,0299b8cc-d3da-436a-88f6-d3c274794362,2.566
4,1,552533cc-ae45-4270-93f3-4c4d75d682ea,7c76852a-ca26-43ca-898f-df4cb9ae1b51,1.252
4,1,552533cc-ae45-4270-93f3-4c4d75d682ea,070cf2f3-ecd2-4bcc-ae5c-1c48b71af36a,2.312
4,1,552533cc-ae45-4270-93f3-4c4d75d682ea,09b50e20-3594-4f22-9a40-d7d43352cae8,2.399
4,1,552533cc-ae45-4270-93f3-4c4d75d682ea,5742a574-0104-4913-9e19-32fb335206e4,1.74
4,1,552533cc-ae45-4270-93f3-4c4d75d682ea,7fa0f939-0984-47b0-8f36-a6a85f9afc60,1.562
4,1,552533cc-ae45-4270-93f3-4c4d75d682ea,0b0e49b7-9e90-4672-be34-e35f17258b18,2.597
4,1,552533cc-ae45-4270-93f3-4c4d75d682ea,59959ba8-680b-49ed-8e9d-22af56330471,2.033
4,1,552533cc-ae45-4270-93f3-4c4d75d682ea,59e0ea94-9ada-40d4-8b0e-c0a328bf6225,1.453
4,1,552533cc-ae45-4270-93f3-4c4d75d682ea,5c251761-c055-4be7-bbac-65e4be5047f1,1.567
4,1,552533cc-ae45-4270-93f3-4c4d75d682ea,5e49b5dc-ba82-41a6-b950-2bba526ffe93,1.835
4,1,552533cc-ae45-4270-93f3-4c4d75d682ea,5fc2a417-5149-41d4-9585-0e825e2b66b7,1.829
4,1,552533cc-ae45-4270-93f3-4c4d75d682ea,609a52ec-151e-422b-8701-63a506bc3d58,2.424
4,1,552533cc-ae45-4270-93f3-4c4d75d682ea,623d770f-cfe8-4f6a-b734-632ccc25a086,2.452
4,1,552533cc-ae45-4270-93f3-4c4d75d682ea,636f686c-b560-45b4-bf31-7fbfd36da6fe,1.929
4,1,552533cc-ae45-4270-93f3-4c4d75d682ea,0c12b87a-a12e-4549-9a25-facc8a19213f,1.972
4,1,552533cc-ae45-4270-93f3-4c4d75d682ea,0df5a74c-a0c1-4f06-bbc1-a88719d032cd,1.609
4,1,552533cc-ae45-4270-93f3-4c4d75d682ea,0ed5aed6-9d83-4bb8-ba7f-7fb546bfbf45,1.68
4,1,552533cc-ae45-4270-93f3-4c4d75d682ea,107d89ec-1d72-4b21-946d-c863364bc8d4,1.683
4,1,552533cc-ae45-4270-93f3-4c4d75d682ea,6449257a-09cd-48b1-b97b-072bcf85c0cc,1.519
4,1,552533cc-ae45-4270-93f3-4c4d75d682ea,65be37ad-b866-4f54-80e0-b732053dba1c,2.022
4,1,552533cc-ae45-4270-93f3-4c4d75d682ea,6643aa96-cd7e-4c37-942f-a33a4b521244,1.549
4,1,552533cc-ae45-4270-93f3-4c4d75d682ea,67b9ac43-56cd-4789-87fc-d1862e8c446a,2.107
4,1,552533cc-ae45-4270-93f3-4c4d75d682ea,116834c2-9096-4404-892d-401986ef15af,1.618
4,1,552533cc-ae45-4270-93f3-4c4d75d682ea,1203567a-0d69-48ea-a1bd-26d2903ed744,1.521
4,1,552533cc-ae45-4270-93f3-4c4d75d682ea,692599de-97d1-418c-9512-23f7763e2986,1.707
4,1,552533cc-ae45-4270-93f3-4c4d75d682ea,6977fb20-9620-4eaa-8881-340332f871bf,1.437
4,1,552533cc-ae45-4270-93f3-4c4d75d682ea,6a0f1aa1-aa15-49bb-888b-4d16dfdfcb18,1.418
4,1,552533cc-ae45-4270-93f3-4c4d75d682ea,6b1af490-df36-493a-af9c-956d06ac7f56,1.661
4,1,552533cc-ae45-4270-93f3-4c4d75d682ea,6e2529c1-deb7-451f-8dda-c51876ccc263,2.041
4,1,552533cc-ae45-4270-93f3-4c4d75d682ea,6e86f801-27f7-4908-a5ac-167ddfd61846,1.965
4,1,552533cc-ae45-4270-93f3-4c4d75d682ea,6fd99433-2c43-4eee-ab77-6eb593abf39e,2.379
4,1,552533cc-ae45-4270-93f3-4c4d75d682ea,71bae442-6780-4a2d-9653-e0a73f270cfe,3.037
4,1,552533cc-ae45-4270-93f3-4c4d75d682ea,727c0f1b-0a80-4832-a207-68dbf9982eee,3.25
4,1,552533cc-ae45-4270-93f3-4c4d75d682ea,76b5c2b9-f04d-461b-a710-fd327d249ebb,2.654
4,1,552533cc-ae45-4270-93f3-4c4d75d682ea,7a496afa-247e-4442-9952-e45fb02e8821,2.846
4,1,552533cc-ae45-4270-93f3-4c4d75d682ea,7af13c02-51a2-4cc6-84ce-34b5f1eeb10f,2.375
4,1,552533cc-ae45-4270-93f3-4c4d75d682ea,80480c13-9445-4ca1-bf61-a8c11cfc2acd,1.418
4,1,552533cc-ae45-4270-93f3-4c4d75d682ea,7b63537e-8849-45d3-82bc-0adc610de4a4,1.315
4,1,552533cc-ae45-4270-93f3-4c4d75d682ea,7bbf5f43-71db-45e2-9ce1-9f501768d219,1.378
4,1,552533cc-ae45-4270-93f3-4c4d75d682ea,7de161b9-8d13-4c5a-97de-f3f130152cec,1.663
4,1,552533cc-ae45-4270-93f3-4c4d75d682ea,7ffe1472-1026-4ea8-93b7-397b615f01a1,1.626
4,1,552533cc-ae45-4270-93f3-4c4d75d682ea,8113f752-6c02-4f29-a387-f0f8de15a92a,1.716
4,1,552533cc-ae45-4270-93f3-4c4d75d682ea,81d6869d-21f3-456a-9621-cc6a0cb249c0,1.85
4,1,552533cc-ae45-4270-93f3-4c4d75d682ea,826243c4-3753-4b97-847c-292518705886,1.871
4,1,552533cc-ae45-4270-93f3-4c4d75d682ea,84323c3d-28ee-4413-8e01-ae6a8c6a88ab,2.358
4,1,552533cc-ae45-4270-93f3-4c4d75d682ea,860d3d59-b4ef-4406-b2f5-486d4418534a,3.356
4,1,552533cc-ae45-4270-93f3-4c4d75d682ea,876dd741-8c82-4f84-b8b5-daf012d4b1ae,3.199
4,1,552533cc-ae45-4270-93f3-4c4d75d682ea,879c172b-5360-4de9-aca9-208bad59fbd9,4.267
4,1,552533cc-ae45-4270-93f3-4c4d75d682ea,826ce768-92fc-4b38-8880-8d8051d2c909,2.182
4,1,552533cc-ae45-4270-93f3-4c4d75d682ea,8b6b63ac-f665-4552-bf01-c01d8a3079a4,3.283
4,1,552533cc-ae45-4270-93f3-4c4d75d682ea,8bfc56ec-aa44-44f5-bf39-6b491a3f71f2,3.625
4,1,552533cc-ae45-4270-93f3-4c4d75d682ea,8cfa64c0-5ed4-4158-b508-a2a2e94ae845,1.602
4,1,552533cc-ae45-4270-93f3-4c4d75d682ea,8f4813e1-f2a1-4567-b7d5-1958d746118f,1.546
4,1,552533cc-ae45-4270-93f3-4c4d75d682ea,90f118bf-a498-4d2d-92d7-1bd53ccdabfb,1.368
4,1,552533cc-ae45-4270-93f3-4c4d75d682ea,14af53f5-fd76-42c7-8ddb-961fc578ac05,1.842
4,1,552533cc-ae45-4270-93f3-4c4d75d682ea,168b0fa2-7ab7-44b8-a90e-2a19511d5dd8,1.682
4,1,552533cc-ae45-4270-93f3-4c4d75d682ea,17952cd9-9227-44c6-b25d-0658497f6018,1.628
4,1,552533cc-ae45-4270-93f3-4c4d75d682ea,921c4029-dfc0-404c-9d23-1c8488bdafd3,1.558
4,1,552533cc-ae45-4270-93f3-4c4d75d682ea,1a6458a2-a5ff-49d0-8f61-2f6ee17dfade,1.903
4,1,552533cc-ae45-4270-93f3-4c4d75d682ea,93370693-d070-4307-ab69-0133a74a7e7e,1.622
4,1,552533cc-ae45-4270-93f3-4c4d75d682ea,958945e0-0b0c-44f7-815a-e55bc89cced9,1.912
4,1,552533cc-ae45-4270-93f3-4c4d75d682ea,85779973-ee8d-4170-a28a-87b3c0e609a9,2.691
4,1,552533cc-ae45-4270-93f3-4c4d75d682ea,86b891ce-540c-4384-ac69-78511b191a87,2.412
4,1,552533cc-ae45-4270-93f3-4c4d75d682ea,96799b36-c0c5-4c15-9559-a944a0411942,2.251
4,1,552533cc-ae45-4270-93f3-4c4d75d682ea,972e19a0-2d00-46e7-a7a9-3801ffbe9649,2.249
4,1,552533cc-ae45-4270-93f3-4c4d75d682ea,98f3525e-840c-4ddc-8bc3-dcb80460d870,1.522
4,1,552533cc-ae45-4270-93f3-4c4d75d682ea,9a669996-bab8-4da9-b0f9-636f6384927f,1.432
4,1,552533cc-ae45-4270-93f3-4c4d75d682ea,877f66b5-5b26-4af1-8e5f-dc0628d2a63f,3.165
4,1,552533cc-ae45-4270-93f3-4c4d75d682ea,8af26e06-24b2-4141-90dd-d400742e13b4,3.402
4,1,552533cc-ae45-4270-93f3-4c4d75d682ea,9c41e054-4e68-4614-a910-f04c597a5b65,1.382
4,1,552533cc-ae45-4270-93f3-4c4d75d682ea,8bc83215-b3d1-4a7f-9c39-5c72a9d95665,2.959
4,1,552533cc-ae45-4270-93f3-4c4d75d682ea,8bcf8ce0-f638-44a3-84c5-b35da2e0fbee,3.628
4,1,552533cc-ae45-4270-93f3-4c4d75d682ea,8e19f7c1-f737-4490-bc76-b8c87d03c067,1.952
4,1,552533cc-ae45-4270-93f3-4c4d75d682ea,9e001c30-b9bd-4c9b-96a3-c84b9d15e725,1.751
4,1,552533cc-ae45-4270-93f3-4c4d75d682ea,8f7cb5c8-a1a8-4b38-8c9f-9cd15a5a9558,1.535
4,1,552533cc-ae45-4270-93f3-4c4d75d682ea,90bdddc3-d4f6-4d89-ac6b-a7dc21c7d441,1.395
4,1,552533cc-ae45-4270-93f3-4c4d75d682ea,9f0822aa-e82b-47ca-9635-13c572a8687f,1.151
4,1,552533cc-ae45-4270-93f3-4c4d75d682ea,9f5b17b5-a8f7-4efd-a168-37edc56c81b3,1.321
4,1,552533cc-ae45-4270-93f3-4c4d75d682ea,9fbdd9e7-2f2d-470f-b3d9-c2b140b3a8c0,1.506
4,1,552533cc-ae45-4270-93f3-4c4d75d682ea,1cd56308-d55e-400e-81a2-be6b1a04d0fb,1.949
4,1,552533cc-ae45-4270-93f3-4c4d75d682ea,1fe4a41e-756d-462a-ae00-e2c3b493039a,2.638
4,1,552533cc-ae45-4270-93f3-4c4d75d682ea,a132299d-9d6d-424b-b1ee-eb5f79d62ff7,1.256
4,1,552533cc-ae45-4270-93f3-4c4d75d682ea,a44f4c2b-4086-4cf4-bd43-1777d46cbd22,1.243
4,1,552533cc-ae45-4270-93f3-4c4d75d682ea,a4ca951e-9922-4656-9dde-5278aaf6c219,1.327
4,1,552533cc-ae45-4270-93f3-4c4d75d682ea,a5f57690-c65b-4d1c-b715-ab55a3897b50,1.421
4,1,552533cc-ae45-4270-93f3-4c4d75d682ea,a6704529-16cc-4a00-8ec1-2d7c997f1f16,1.886
4,1,552533cc-ae45-4270-93f3-4c4d75d682ea,2180e1fb-5939-4b6e-8712-684a6ad14905,2.149
4,1,552533cc-ae45-4270-93f3-4c4d75d682ea,23048ab8-0224-4718-acb4-3a689c3ed110,2.182
4,1,552533cc-ae45-4270-93f3-4c4d75d682ea,25d50a66-5e47-411b-b051-85565a26e976,2.014
4,1,552533cc-ae45-4270-93f3-4c4d75d682ea,aa42747e-cbf5-455f-9cc1-53348f0c3c98,2.528
4,1,552533cc-ae45-4270-93f3-4c4d75d682ea,ab4e62d3-71df-4e11-832e-c5ba7c7ff3fe,1.765
4,1,552533cc-ae45-4270-93f3-4c4d75d682ea,ac29c5eb-a79b-4d1d-954b-f459ae414cc7,1.346
4,1,552533cc-ae45-4270-93f3-4c4d75d682ea,91f6b7a2-3437-4b57-a349-c1888e1d7657,1.517
4,1,552533cc-ae45-4270-93f3-4c4d75d682ea,284d5965-571a-4f49-9e1e-913c84f82533,1.837
4,1,552533cc-ae45-4270-93f3-4c4d75d682ea,945eee78-650e-4158-8e21-4ae07806f3e1,1.667
4,1,552533cc-ae45-4270-93f3-4c4d75d682ea,94bf5839-39c4-4ff1-b975-645587c9d687,1.974
4,1,552533cc-ae45-4270-93f3-4c4d75d682ea,96ae4b46-2ce8-446d-985d-8605dfc397e2,2.623
4,1,552533cc-ae45-4270-93f3-4c4d75d682ea,af5c1f42-a00f-496a-8f55-d4ea48f20295,1.29
4,1,552533cc-ae45-4270-93f3-4c4d75d682ea,b1142c11-3b4b-4e42-a7b1-fe239d4ebe73,1.031
4,1,552533cc-ae45-4270-93f3-4c4d75d682ea,b1aa3bb3-eec5-461d-890d-47fe0a7a73a9,1.212
4,1,552533cc-ae45-4270-93f3-4c4d75d682ea,b2b85482-16df-472f-a62f-61271225b577,1.138
4,1,552533cc-ae45-4270-93f3-4c4d75d682ea,b7040248-1636-4aec-94e1-331974ac3e3b,1.05
4,1,552533cc-ae45-4270-93f3-4c4d75d682ea,9733d921-47fd-4419-8341-d9126b9e51a4,2.861
4,1,552533cc-ae45-4270-93f3-4c4d75d682ea,99558f03-d7b5-4fac-bd93-039e6539e7cb,1.518
4,1,552533cc-ae45-4270-93f3-4c4d75d682ea,99ca650b-e531-4f1f-95d4-ff0144f8af8b,1.305
4,1,552533cc-ae45-4270-93f3-4c4d75d682ea,b84cd43c-f312-4d44-952f-b33d5ef761a3,1.126
4,1,552533cc-ae45-4270-93f3-4c4d75d682ea,9d559634-88e9-4d59-9451-cb3098de5f87,1.519
4,1,552533cc-ae45-4270-93f3-4c4d75d682ea,9dfe0803-6124-46d8-9a19-0eee155ef03f,1.554
4,1,552533cc-ae45-4270-93f3-4c4d75d682ea,29683aed-a368-4ba7-a567-2fea74420f1b,1.775
4,1,552533cc-ae45-4270-93f3-4c4d75d682ea,2d154730-5e70-479a-b2d0-4100726903ce,1.822
4,1,552533cc-ae45-4270-93f3-4c4d75d682ea,b9966ac2-0951-4ba1-bee3-b6fa5ee41af2,1.045
4,1,552533cc-ae45-4270-93f3-4c4d75d682ea,bcb66440-ce63-41b1-b807-a4fc3d762ced,1.063
4,1,552533cc-ae45-4270-93f3-4c4d75d682ea,9e21e787-df69-4eee-a430-adf5e4c3e965,1.435
4,1,552533cc-ae45-4270-93f3-4c4d75d682ea,be5d91db-6515-42b9-8ba5-fb8940950dbf,1.313
4,1,552533cc-ae45-4270-93f3-4c4d75d682ea,c22f07ec-7b3b-4ed7-a95a-fcce1bd69e9a,1.672
4,1,552533cc-ae45-4270-93f3-4c4d75d682ea,c6e0ff63-fee9-4e2b-b021-0891a1ed33a4,1.389
4,1,552533cc-ae45-4270-93f3-4c4d75d682ea,2ed2a222-5b97-4675-8740-b6962ee5b2f8,1.64
4,1,552533cc-ae45-4270-93f3-4c4d75d682ea,3223be4b-8f02-41b2-a6c3-b3aec8025d82,2.088
4,1,552533cc-ae45-4270-93f3-4c4d75d682ea,9f3b2755-47ed-4db3-9076-72fa6d4bfda7,1.657
4,1,552533cc-ae45-4270-93f3-4c4d75d682ea,9fde1fb9-be6e-4f8e-ad35-49adcba7867a,1.58
4,1,552533cc-ae45-4270-93f3-4c4d75d682ea,a1aa2f87-074f-4ec0-8d81-e1d3c1dc484d,1.463
4,1,552533cc-ae45-4270-93f3-4c4d75d682ea,34d40d39-c24b-4d88-99a2-39f76b2f8e77,2.259
4,1,552533cc-ae45-4270-93f3-4c4d75d682ea,35473392-21da-4fd4-bcb4-9cc75c50fa38,2.713
4,1,552533cc-ae45-4270-93f3-4c4d75d682ea,c8478f8e-e9a7-491c-8714-bfdf9805b16b,1.758
4,1,552533cc-ae45-4270-93f3-4c4d75d682ea,c9365a26-ac04-4bc3-a1b2-db333bc91037,1.859
4,1,552533cc-ae45-4270-93f3-4c4d75d682ea,ca935911-1eb4-4976-ab6a-a9556ba15170,1.995
4,1,552533cc-ae45-4270-93f3-4c4d75d682ea,a3a76196-49b0-457e-885e-f81a29531f1f,1.356
4,1,552533cc-ae45-4270-93f3-4c4d75d682ea,cd2e2595-d479-4ca2-9bba-b0a258396089,2.618
4,1,552533cc-ae45-4270-93f3-4c4d75d682ea,ceb3737c-9dd6-48f6-9e64-7fdcba71d847,1.237
4,1,552533cc-ae45-4270-93f3-4c4d75d682ea,36d78180-276d-4196-bf57-42e692410b87,2.692
4,1,552533cc-ae45-4270-93f3-4c4d75d682ea,3861d109-d254-441e-bb50-76a62b0a7b83,3.22
4,1,552533cc-ae45-4270-93f3-4c4d75d682ea,39f72c7e-9080-4ed6-9074-9055b37940a8,1.959
4,1,552533cc-ae45-4270-93f3-4c4d75d682ea,a4c23c97-3511-4a26-b393-f511452205db,1.639
4,1,552533cc-ae45-4270-93f3-4c4d75d682ea,a619725a-bcb1-4080-b85b-6d1e9a265384,1.504
4,1,552533cc-ae45-4270-93f3-4c4d75d682ea,a806f26f-d132-4566-abc6-ea31bf55dec5,2.12
4,1,552533cc-ae45-4270-93f3-4c4d75d682ea,a87dc027-f3ef-44d2-a122-99231d36653a,2.042
4,1,552533cc-ae45-4270-93f3-4c4d75d682ea,aad045e7-ba9c-41e4-99b5-405686266fad,1.891
4,1,552533cc-ae45-4270-93f3-4c4d75d682ea,3b34d5fb-eb93-47ae-a84a-3181b6a532a3,1.373
4,1,552533cc-ae45-4270-93f3-4c4d75d682ea,3bbfe947-4642-4ce7-9243-9995190019a1,1.5
4,1,552533cc-ae45-4270-93f3-4c4d75d682ea,3ccb6e72-2a66-4f94-8ed3-3a4f99e666f4,1.275
4,1,552533cc-ae45-4270-93f3-4c4d75d682ea,cfaaad7c-eccf-4226-8f82-73765ef2c492,1.53
4,1,552533cc-ae45-4270-93f3-4c4d75d682ea,d0f5f158-e1e2-46d0-9cbf-5c6e1a13cb1f,1.143
4,1,552533cc-ae45-4270-93f3-4c4d75d682ea,d2c19cef-7a78-490a-8dde-0d593a524d3f,1.21
4,1,552533cc-ae45-4270-93f3-4c4d75d682ea,ad3208b1-ea1c-47d1-a078-aa605c621fae,1.641
4,1,552533cc-ae45-4270-93f3-4c4d75d682ea,ae90684f-7a84-428c-84a4-bf9cfcb5ebcd,1.142
4,1,552533cc-ae45-4270-93f3-4c4d75d682ea,d5c31970-5738-4ac4-a9a6-558bd0cfd3d6,1.305
4,1,552533cc-ae45-4270-93f3-4c4d75d682ea,3fef4e5d-35d7-4dea-9ba9-ff0e797f4551,1.271
4,1,552533cc-ae45-4270-93f3-4c4d75d682ea,4092f9a7-0270-47de-a667-a0c6d94e59ca,1.183
4,1,552533cc-ae45-4270-93f3-4c4d75d682ea,422424a8-b309-4805-8f1c-911b3e743468,1.209
4,1,552533cc-ae45-4270-93f3-4c4d75d682ea,d6a04ff5-ef64-4e1e-8b11-031885480947,1.215
4,1,552533cc-ae45-4270-93f3-4c4d75d682ea,4509b214-67cd-4129-aab3-17da22c05ddf,1.254
4,1,552533cc-ae45-4270-93f3-4c4d75d682ea,4769cbb6-e480-4d78-a398-f01ee3e0c004,1.589
4,1,552533cc-ae45-4270-93f3-4c4d75d682ea,d76a54de-b12b-49ad-a5d7-a9a4866f871e,1.309
4,1,552533cc-ae45-4270-93f3-4c4d75d682ea,d8f3a916-175f-4dae-be5d-c1610251ea21,1.253
4,1,552533cc-ae45-4270-93f3-4c4d75d682ea,b0f331cd-f40b-4e12-9dba-1e0f36c37f1e,1.13
4,1,552533cc-ae45-4270-93f3-4c4d75d682ea,da427d8d-ff84-4b49-b84c-0f141ba68cd4,1.277
4,1,552533cc-ae45-4270-93f3-4c4d75d682ea,dbbe0721-4477-4172-8856-0fe738eda1af,1.815
4,1,552533cc-ae45-4270-93f3-4c4d75d682ea,b1272576-5c3e-4d23-848e-00441238bc65,1.377
4,1,552533cc-ae45-4270-93f3-4c4d75d682ea,b265aea2-0930-4684-bbaa-ec97e9e2ca39,1.098
4,1,552533cc-ae45-4270-93f3-4c4d75d682ea,b5b0d66c-47ee-433f-aafe-4c5ce09b4e3b,1.055
4,1,552533cc-ae45-4270-93f3-4c4d75d682ea,b7fe6c3f-5d21-44a2-9930-dd8e3703e78d,0.963
4,1,552533cc-ae45-4270-93f3-4c4d75d682ea,487d9763-d76a-44c9-b651-0801836af131,1.441
4,1,552533cc-ae45-4270-93f3-4c4d75d682ea,4927b408-99e6-41b1-84ee-3d3ea3881a26,1.99
4,1,552533cc-ae45-4270-93f3-4c4d75d682ea,dd76d8c9-b6a3-4947-9d36-5c47f692adfc,1.657
4,1,552533cc-ae45-4270-93f3-4c4d75d682ea,4a50a26b-8042-4069-9a9c-b88e0ee8b1f5,1.945
4,1,552533cc-ae45-4270-93f3-4c4d75d682ea,4cd75b02-3461-4ea8-b55a-bef2a286136c,1.731
4,1,552533cc-ae45-4270-93f3-4c4d75d682ea,e132f22c-edbb-4e44-b9e1-c393c8c9b35c,1.938
4,1,552533cc-ae45-4270-93f3-4c4d75d682ea,e2184099-fad2-4241-96cb-fd46ec7a41ea,1.176
4,1,552533cc-ae45-4270-93f3-4c4d75d682ea,b934d7bc-aae5-4783-b771-3908b4dd687f,1.15
4,1,552533cc-ae45-4270-93f3-4c4d75d682ea,e2772201-fd08-4120-8261-a0c5e321a7f8,1.895
4,1,552533cc-ae45-4270-93f3-4c4d75d682ea,4fc678b5-b491-424d-a45d-bb1859e48d4a,1.665
4,1,552533cc-ae45-4270-93f3-4c4d75d682ea,bd02f3f9-e80f-4022-9610-51d7cae77d9a,1.215
4,1,552533cc-ae45-4270-93f3-4c4d75d682ea,509cf11b-a72c-4f12-9b9a-cd0e2b4afd02,1.226
4,1,552533cc-ae45-4270-93f3-4c4d75d682ea,e3d3700f-d263-44be-95a6-9cd99fa28c44,1.426
4,1,552533cc-ae45-4270-93f3-4c4d75d682ea,52dfc76d-0cda-4089-9f2d-a33d0880581f,3.021
4,1,552533cc-ae45-4270-93f3-4c4d75d682ea,56ffad7c-7b22-4669-8e9b-1177568d4098,1.978
4,1,552533cc-ae45-4270-93f3-4c4d75d682ea,57e8e62e-c369-49f4-b424-644e33061d57,1.681
4,1,552533cc-ae45-4270-93f3-4c4d75d682ea,be775208-ba2e-4764-9159-46d1872fc946,1.192
4,1,552533cc-ae45-4270-93f3-4c4d75d682ea,5a397d57-2cb2-4ffc-a1e8-b2b3cff46188,1.735
4,1,552533cc-ae45-4270-93f3-4c4d75d682ea,e82716a8-dd74-42a8-bae3-bd2b8c2ecf89,1.034
4,1,552533cc-ae45-4270-93f3-4c4d75d682ea,c2e30c25-2a50-4edb-bd10-18e54646d47b,1.853
4,1,552533cc-ae45-4270-93f3-4c4d75d682ea,ea8d17d6-49e8-43dc-8458-0446b1782000,1.358
4,1,552533cc-ae45-4270-93f3-4c4d75d682ea,ebecb89a-f74f-44dd-8fa5-9f414f0b2793,1.373
4,1,552533cc-ae45-4270-93f3-4c4d75d682ea,c55a03bc-bd7a-424b-b002-74c90c220854,1.708
4,1,552533cc-ae45-4270-93f3-4c4d75d682ea,c840f9d3-6143-42ac-958e-7c08df1c9794,1.73
4,1,552533cc-ae45-4270-93f3-4c4d75d682ea,5cafc746-3eeb-422b-91f3-24e6c2768739,1.541
4,1,552533cc-ae45-4270-93f3-4c4d75d682ea,c8e3e798-6479-4f57-aece-2e3f4570c9a6,2.272
4,1,552533cc-ae45-4270-93f3-4c4d75d682ea,caaae88f-187e-403a-b7d4-f5e5b1d93cf4,2.149
4,1,552533cc-ae45-4270-93f3-4c4d75d682ea,5df0b006-20c7-46ae-a047-21e4c498dddf,1.849
4,1,552533cc-ae45-4270-93f3-4c4d75d682ea,5f3d6eb2-9c91-41e7-94cd-bb0641e8d987,1.815
4,1,552533cc-ae45-4270-93f3-4c4d75d682ea,613ab7d8-e7ef-46b1-808e-3cf42b2bd8d5,2.275
4,1,552533cc-ae45-4270-93f3-4c4d75d682ea,6243ed61-1623-49cc-aa12-f5e9cf86dc87,2.35
4,1,552533cc-ae45-4270-93f3-4c4d75d682ea,ed718194-ea54-41e2-90a5-acf575f80759,1.449
4,1,552533cc-ae45-4270-93f3-4c4d75d682ea,ee63fbc5-c9c8-403d-a31a-45f467bbc496,1.719
4,1,552533cc-ae45-4270-93f3-4c4d75d682ea,f0f0d984-31de-4bb0-a559-1a07bc07b436,1.997
4,1,552533cc-ae45-4270-93f3-4c4d75d682ea,f29a5bfa-c0af-49c1-af51-49925b0b18c2,3.11
4,1,552533cc-ae45-4270-93f3-4c4d75d682ea,635b9fd6-4c55-41f3-aaa0-7c9a57623731,1.861
4,1,552533cc-ae45-4270-93f3-4c4d75d682ea,6411ac3f-71aa-45b9-85f9-d58745e87940,1.66
4,1,552533cc-ae45-4270-93f3-4c4d75d682ea,65f7d077-4de2-459f-8575-d7600052f640,1.506
4,1,552533cc-ae45-4270-93f3-4c4d75d682ea,6776ee2c-d46d-42b5-be94-61638351c3e2,1.518
4,1,552533cc-ae45-4270-93f3-4c4d75d682ea,682087c2-3dc9-4165-ad6c-749f83ab80b8,2.027
4,1,552533cc-ae45-4270-93f3-4c4d75d682ea,f3c46a3f-cd8b-404d-b8ac-2babc7eeb0ac,3.21
4,1,552533cc-ae45-4270-93f3-4c4d75d682ea,f51fe7d5-bfd3-4a55-b4d6-d56fc65a5c97,3.926
4,1,552533cc-ae45-4270-93f3-4c4d75d682ea,f70eeceb-2c07-44bb-a627-482fdda9b61f,2.432
4,1,552533cc-ae45-4270-93f3-4c4d75d682ea,69290e6a-079e-4d73-9fe9-d885525ccd98,1.709
4,1,552533cc-ae45-4270-93f3-4c4d75d682ea,cd0cc343-eb7d-4900-a2cd-d71bae5dec01,2.807
4,1,552533cc-ae45-4270-93f3-4c4d75d682ea,ce161a49-b32e-4cc6-94f1-f5cb70209521,1.734
4,1,552533cc-ae45-4270-93f3-4c4d75d682ea,cf5905cf-a796-4914-85fe-01359d4f72d8,1.378
4,1,552533cc-ae45-4270-93f3-4c4d75d682ea,d0518c07-657f-45a1-981e-1c68d4292f5c,1.283
4,1,552533cc-ae45-4270-93f3-4c4d75d682ea,f857e7ba-d770-4c4c-83fd-a720e129665f,3.382
4,1,552533cc-ae45-4270-93f3-4c4d75d682ea,698c6697-87d3-4066-8e66-4b61b019bbd1,1.535
4,1,552533cc-ae45-4270-93f3-4c4d75d682ea,fa07000c-abc9-4399-9f64-5b6def9ff9dc,1.27
4,1,552533cc-ae45-4270-93f3-4c4d75d682ea,fb46eead-d7ea-49a3-9a04-318a8785802e,1.585
4,1,552533cc-ae45-4270-93f3-4c4d75d682ea,69d4c6eb-6f45-4652-ac1f-c080182d2157,1.463
4,1,552533cc-ae45-4270-93f3-4c4d75d682ea,d11db41d-5ead-4a70-8cdb-f0123f5b0a05,1.125
4,1,552533cc-ae45-4270-93f3-4c4d75d682ea,fbbb5f88-95e2-4847-a627-e02983c39647,1.331
4,1,552533cc-ae45-4270-93f3-4c4d75d682ea,fd66eb0b-4cc9-4671-a21e-812393dde3d9,1.343
4,1,552533cc-ae45-4270-93f3-4c4d75d682ea,d30a138a-3542-40c3-b652-ab2c1a1912fa,1.147
4,1,552533cc-ae45-4270-93f3-4c4d75d682ea,d701d067-2e4a-4fc0-b3ce-d1efcea855b1,1.397
4,1,552533cc-ae45-4270-93f3-4c4d75d682ea,d8d1e9bf-55f7-41de-959d-d31b815fd1e1,1.473
4,1,552533cc-ae45-4270-93f3-4c4d75d682ea,d9e1949b-233d-4ee6-80aa-9fbf32acc6f5,1.295
4,1,552533cc-ae45-4270-93f3-4c4d75d682ea,db6e1034-c43c-46d6-8339-db50de3ee50d,1.672
4,1,552533cc-ae45-4270-93f3-4c4d75d682ea,dc2a7613-ef02-4c85-8d35-b51afbf11a3a,1.645
4,1,552533cc-ae45-4270-93f3-4c4d75d682ea,dfd698ac-d5d3-405f-ab9c-944dafa8333b,1.481
4,1,552533cc-ae45-4270-93f3-4c4d75d682ea,e08a3e89-2382-4f88-a108-58abbe98ee25,1.8
4,1,552533cc-ae45-4270-93f3-4c4d75d682ea,e25519d2-ffdf-4cd1-a381-15c0d4b855db,1.435
4,1,552533cc-ae45-4270-93f3-4c4d75d682ea,e2e60470-957c-46d3-9d97-c4270d3a7e05,1.427
4,1,552533cc-ae45-4270-93f3-4c4d75d682ea,e566fdda-325c-4a96-aa12-c8d0248927bd,1.254
4,1,552533cc-ae45-4270-93f3-4c4d75d682ea,e85145c7-2d4d-4197-bd1f-b8cd911904c0,1.025
4,1,552533cc-ae45-4270-93f3-4c4d75d682ea,ea9b9733-fc3a-4446-b4ba-d29cab5723c0,1.266
4,1,552533cc-ae45-4270-93f3-4c4d75d682ea,ece90e43-b502-438a-abfe-5f76bc84e6c0,1.37
4,1,552533cc-ae45-4270-93f3-4c4d75d682ea,edee0c81-95f7-4c9a-880f-669d83d131dd,1.333
4,1,552533cc-ae45-4270-93f3-4c4d75d682ea,eefd13ce-3912-4128-b696-15e276b58bfc,1.999
4,1,552533cc-ae45-4270-93f3-4c4d75d682ea,f1f990ab-1a9e-412d-9da1-bc0d3e353200,1.823
4,1,552533cc-ae45-4270-93f3-4c4d75d682ea,f2c575e1-6646-4b15-bb45-57b0318d9ad2,3.387
4,1,552533cc-ae45-4270-93f3-4c4d75d682ea,f408da1b-8c8b-4dea-b149-84cb9360ce88,2.42
4,1,552533cc-ae45-4270-93f3-4c4d75d682ea,f4b541aa-b6c3-4700-a6e7-60cb26de3eae,3.434
4,1,552533cc-ae45-4270-93f3-4c4d75d682ea,f623abf4-c12b-4dd7-8be0-0bbbbd1f8778,2.923
4,1,552533cc-ae45-4270-93f3-4c4d75d682ea,6acc66f8-5c77-4144-b52d-5d3607ded77a,1.636
4,1,552533cc-ae45-4270-93f3-4c4d75d682ea,6dbe91d5-4abc-4755-b5a4-f28fe9fdea44,1.807
4,1,552533cc-ae45-4270-93f3-4c4d75d682ea,f734ed1d-800d-47ea-9089-7fc3a7e1330d,4.709
4,1,552533cc-ae45-4270-93f3-4c4d75d682ea,6e70ca0b-091d-41ea-858f-6c10ad829545,1.761
4,1,552533cc-ae45-4270-93f3-4c4d75d682ea,6f0858e3-8c2d-4433-bb3c-b99372b648e4,1.937
4,1,552533cc-ae45-4270-93f3-4c4d75d682ea,715d51dd-214b-48d0-9b84-76d1cf2cc840,3.061
4,1,552533cc-ae45-4270-93f3-4c4d75d682ea,723b70a4-1ebb-4f1e-a183-fb0ebfd7a1aa,3.285
4,1,552533cc-ae45-4270-93f3-4c4d75d682ea,74ff8c82-0fa2-4d79-b13b-dd74ebd323da,3.24
4,1,552533cc-ae45-4270-93f3-4c4d75d682ea,77691209-eb30-42c9-99f6-805c171fa608,3.399
4,1,552533cc-ae45-4270-93f3-4c4d75d682ea,7aaa9bbc-0573-4985-aa4c-3578a6d3b411,5.178
4,1,552533cc-ae45-4270-93f3-4c4d75d682ea,7b574caa-b316-4c93-86a1-efc6757aa9e4,1.518
4,1,552533cc-ae45-4270-93f3-4c4d75d682ea,7c6aec90-7426-4e37-9d64-32c6520a93e4,1.545
4,1,552533cc-ae45-4270-93f3-4c4d75d682ea,7d1a8853-7813-424e-90c3-34b63ce7f981,1.875
4,1,552533cc-ae45-4270-93f3-4c4d75d682ea,800c88c5-3180-4dca-8a0c-b1eaaee7ab72,1.494
4,1,552533cc-ae45-4270-93f3-4c4d75d682ea,81475f1c-6b9c-4b80-b06c-e471835ac367,1.615
4,1,552533cc-ae45-4270-93f3-4c4d75d682ea,f9813dff-bcc0-4ebd-8b9c-4a78d5c7f645,1.39
4,1,552533cc-ae45-4270-93f3-4c4d75d682ea,fafd521a-97b8-42b2-8525-b31d91c3829c,2.22
4,1,552533cc-ae45-4270-93f3-4c4d75d682ea,83bbb0ae-97b1-46c6-833e-67f03083ec17,2.053
4,1,552533cc-ae45-4270-93f3-4c4d75d682ea,855aa6cb-e72f-4f3e-8069-aa9eb4bade78,2.435
4,1,552533cc-ae45-4270-93f3-4c4d75d682ea,8625c9dd-0299-464a-84ee-1dff783be665,3.306
4,1,552533cc-ae45-4270-93f3-4c4d75d682ea,86bfcade-c503-4eff-bd18-90d8cc136da7,4.476
4,1,552533cc-ae45-4270-93f3-4c4d75d682ea,87f78b87-444e-4815-af02-1f113d002239,4.697
4,1,552533cc-ae45-4270-93f3-4c4d75d682ea,8b974dd2-112f-4b3c-a825-474d70d23f0b,2.951
4,1,552533cc-ae45-4270-93f3-4c4d75d682ea,8c115b05-7a7f-44fc-b664-823a14bd49e8,2.966
4,1,552533cc-ae45-4270-93f3-4c4d75d682ea,8e66d4d5-4524-400b-8343-77fc0322e2cb,2.119
4,1,552533cc-ae45-4270-93f3-4c4d75d682ea,8ff90ac9-42fc-4386-949f-3b3089fefefe,1.421
4,1,552533cc-ae45-4270-93f3-4c4d75d682ea,90ff6e3f-5400-4943-a54c-e03e0ce2c7cd,1.376
4,1,552533cc-ae45-4270-93f3-4c4d75d682ea,921c4711-dfde-42ff-9a5b-5e03c24f9327,1.78
4,1,552533cc-ae45-4270-93f3-4c4d75d682ea,931c978d-73a2-4a0f-9212-d92493258141,1.456
4,1,552533cc-ae45-4270-93f3-4c4d75d682ea,9500c595-1635-49a3-a89c-23b37e6d28ca,1.98
4,1,552533cc-ae45-4270-93f3-4c4d75d682ea,96d5b3b3-9228-4d6e-ae99-472e648f9f3b,2.839
4,1,552533cc-ae45-4270-93f3-4c4d75d682ea,97683353-6273-40e8-9fc2-219a20f19091,2.628
4,1,552533cc-ae45-4270-93f3-4c4d75d682ea,fd3ed5dc-e513-4fa9-af8d-92f750b8d6a0,1.367
4,1,552533cc-ae45-4270-93f3-4c4d75d682ea,996a2bd2-a846-4390-b163-79d1de30173f,1.31
4,1,552533cc-ae45-4270-93f3-4c4d75d682ea,99cd9841-5143-4016-9a35-9e3eecedc40d,1.249
4,1,552533cc-ae45-4270-93f3-4c4d75d682ea,9d423550-9226-4c5c-906d-1e1fcd8ea56e,1.313
4,1,552533cc-ae45-4270-93f3-4c4d75d682ea,9daaa540-a1c0-42da-9a44-880768e58b17,1.703
4,1,552533cc-ae45-4270-93f3-4c4d75d682ea,9e8cd91b-c2ae-417f-9ed2-118fbbda779a,1.361
4,1,552533cc-ae45-4270-93f3-4c4d75d682ea,9f55ebc0-0e3a-44a8-bbf6-f07a756bdb59,1.387
4,1,552533cc-ae45-4270-93f3-4c4d75d682ea,a0cd5511-6a36-472f-899a-08de4e9b1181,1.574
4,1,552533cc-ae45-4270-93f3-4c4d75d682ea,a1f121ae-4ba0-48f4-8170-e0053ac5b173,1.421
4,1,552533cc-ae45-4270-93f3-4c4d75d682ea,a319c7a7-8618-433c-a78b-cf30e67cd631,1.371
4,1,552533cc-ae45-4270-93f3-4c4d75d682ea,a5044886-5698-41f1-a2f7-671f29467f68,1.288
4,1,552533cc-ae45-4270-93f3-4c4d75d682ea,ff623d69-ef9d-4470-b049-c3bd635db045,1.339
4,1,552533cc-ae45-4270-93f3-4c4d75d682ea,a5a1c60c-76fe-4f78-8a31-2657c595a54d,1.592
4,1,552533cc-ae45-4270-93f3-4c4d75d682ea,a6fb5f33-fe5d-4801-9f61-8566be8dd87c,2.508
4,1,552533cc-ae45-4270-93f3-4c4d75d682ea,a95bc9d4-a120-4525-bc65-1bed97475f7b,1.846
4,1,552533cc-ae45-4270-93f3-4c4d75d682ea,ac1dacd0-3a6a-4969-8a73-1efc9d8a1166,1.673
4,1,552533cc-ae45-4270-93f3-4c4d75d682ea,adffffb8-cb9d-4170-8bf5-5b29425dc27b,1.401
4,1,552533cc-ae45-4270-93f3-4c4d75d682ea,aec5a293-9e76-4deb-b474-3ae367a45db7,1.081
4,1,552533cc-ae45-4270-93f3-4c4d75d682ea,b082e9f3-55a2-4766-82cf-09aba34c7d47,1.349
4,1,552533cc-ae45-4270-93f3-4c4d75d682ea,b1fdaf5b-497f-483a-a9b2-e9a6569bf585,1.097
4,1,552533cc-ae45-4270-93f3-4c4d75d682ea,b3bacefe-0afe-425d-b32b-3b95e52b50f0,0.948
4,1,552533cc-ae45-4270-93f3-4c4d75d682ea,b5bf54b7-df6b-46c6-8a3f-776179c2cf3d,1.06
4,1,552533cc-ae45-4270-93f3-4c4d75d682ea,b73a8709-b35f-4cb8-927c-0d5c6397fd7f,0.988
4,1,552533cc-ae45-4270-93f3-4c4d75d682ea,b8fc2b8d-1e61-43f5-8875-54721e01c96e,1.026
4,1,552533cc-ae45-4270-93f3-4c4d75d682ea,b9bf42f2-faf5-4330-9cfa-fac0bda238c1,1.288
4,1,552533cc-ae45-4270-93f3-4c4d75d682ea,c199dad0-5d89-4ffb-b358-618b9b4eaff8,1.367
4,1,552533cc-ae45-4270-93f3-4c4d75d682ea,c24cd107-b0f3-4c5d-a904-018bd4c39c49,1.608
4,1,552533cc-ae45-4270-93f3-4c4d75d682ea,c67964f2-d0c8-4da8-93e1-c647a6c0f4be,1.538
4,1,552533cc-ae45-4270-93f3-4c4d75d682ea,c83bbd3e-8fc4-480e-a16f-d4344c838ecd,1.751
4,1,552533cc-ae45-4270-93f3-4c4d75d682ea,c96d2cb3-8d25-4b6d-9fae-8475e36785ca,2.244
4,1,552533cc-ae45-4270-93f3-4c4d75d682ea,ca7e8c9d-6e9a-43f9-a272-fe779f827852,1.687
4,1,552533cc-ae45-4270-93f3-4c4d75d682ea,cc011b51-dfa7-4c10-a6c9-a3726527371f,2.871
4,1,552533cc-ae45-4270-93f3-4c4d75d682ea,cde46130-ed8f-44d6-aa4f-c891f33d7096,1.568
4,1,552533cc-ae45-4270-93f3-4c4d75d682ea,ceefb7b0-9528-4b9a-8d0e-97af053d3ef8,1.517
4,1,552533cc-ae45-4270-93f3-4c4d75d682ea,d05695b8-de22-45d9-8efd-937b6ad699fd,1.242
4,1,552533cc-ae45-4270-93f3-4c4d75d682ea,d1513f15-2bba-4909-a96e-5298650391e2,1.157
4,1,552533cc-ae45-4270-93f3-4c4d75d682ea,d310ed11-9b8a-4690-aa1b-ff2395bfbe9d,1.148
4,1,552533cc-ae45-4270-93f3-4c4d75d682ea,d5cbfa50-fa5d-4db3-a7df-47867557a703,1.187
4,1,552533cc-ae45-4270-93f3-4c4d75d682ea,d8830526-4659-4da9-840d-c4ffd69420c5,1.522
4,1,552533cc-ae45-4270-93f3-4c4d75d682ea,d9f4df39-5e90-475e-96eb-d16f8347a8c2,1.512
4,1,552533cc-ae45-4270-93f3-4c4d75d682ea,dbac618c-0fd4-4d84-98cf-cbba2cb4c7ec,1.248
4,1,552533cc-ae45-4270-93f3-4c4d75d682ea,dd44e53e-89a5-47d4-9798-1954d78533a5,1.871
4,1,552533cc-ae45-4270-93f3-4c4d75d682ea,df702af2-0313-4c65-8ab5-c3e92d1067ca,1.634
4,1,552533cc-ae45-4270-93f3-4c4d75d682ea,e18f60dd-773e-41e4-aa88-a73fe0a6bcdb,1.728
4,1,552533cc-ae45-4270-93f3-4c4d75d682ea,e24db5b9-f1f9-4b3e-9664-a9f6c20ad90f,1.257
4,1,552533cc-ae45-4270-93f3-4c4d75d682ea,e2c2dc1d-f5d8-4a54-9473-a10bfd36cab6,1.478
4,1,552533cc-ae45-4270-93f3-4c4d75d682ea,e6fee27c-7ea3-4f8e-99c8-d10ee0e1d826,1.297
4,1,552533cc-ae45-4270-93f3-4c4d75d682ea,e947303f-250f-4e21-9c8d-1f988d417803,0.912
4,1,552533cc-ae45-4270-93f3-4c4d75d682ea,eac86ca1-dd13-4ba5-8fa0-0813409c53ee,1.216
4,1,552533cc-ae45-4270-93f3-4c4d75d682ea,ec8f07f7-33f4-4f53-8636-3547d62ef438,1.394
4,1,552533cc-ae45-4270-93f3-4c4d75d682ea,edf1ceee-855d-4f3a-8f7f-0c32d04234f3,1.153
4,1,552533cc-ae45-4270-93f3-4c4d75d682ea,ef2470b6-352a-458c-8019-9329e5444571,1.458
4,1,552533cc-ae45-4270-93f3-4c4d75d682ea,f0f26c51-a36d-40ef-8e23-d9c8753d6d05,2.003
4,1,552533cc-ae45-4270-93f3-4c4d75d682ea,f226a247-4675-45b5-a77d-902de80111d0,3.409
4,1,552533cc-ae45-4270-93f3-4c4d75d682ea,f4ac4016-8ac8-469a-a633-8b8e39a96e20,2.542
4,1,552533cc-ae45-4270-93f3-4c4d75d682ea,f62177e5-4bf9-4d84-8cf5-1d904d4f24a8,3.151
4,1,552533cc-ae45-4270-93f3-4c4d75d682ea,f655d945-84a9-49bd-a4d1-d5a7276cfced,3.081
4,1,552533cc-ae45-4270-93f3-4c4d75d682ea,f7edd404-8ec9-46a0-bf4f-accc73ed3ab3,3.487
4,1,552533cc-ae45-4270-93f3-4c4d75d682ea,f9b5e170-762a-426b-9c9d-7dc2af39c855,1.127
4,1,552533cc-ae45-4270-93f3-4c4d75d682ea,fa93618a-a68b-45cd-aabf-cfea4ecd9abf,1.753
4,1,552533cc-ae45-4270-93f3-4c4d75d682ea,fbd731c2-d5f4-47ae-951f-6b7848a1606b,1.218
4,1,552533cc-ae45-4270-93f3-4c4d75d682ea,fdcf793d-a89b-45b0-82d4-b165f5b8254f,1.189
4,1,552533cc-ae45-4270-93f3-4c4d75d682ea,01ddc845-f143-4f21-8ffe-adc49bf39849,3.799
4,1,552533cc-ae45-4270-93f3-4c4d75d682ea,03374907-731a-4f39-8db5-01033a9a3693,1.905
4,1,552533cc-ae45-4270-93f3-4c4d75d682ea,081e2661-76ee-404e-889b-4417a2c68263,2.609
4,1,552533cc-ae45-4270-93f3-4c4d75d682ea,0a2527bc-b6be-48fc-89f3-6b3b3bd16f06,2.037
4,1,552533cc-ae45-4270-93f3-4c4d75d682ea,0b77facd-46ac-4f9e-824e-429089211727,2.141
4,1,552533cc-ae45-4270-93f3-4c4d75d682ea,0ca7ebff-355d-4e80-8116-ffec3d2ef96c,1.821
4,1,552533cc-ae45-4270-93f3-4c4d75d682ea,0e33a833-8876-4513-858a-657937ded829,1.477
4,1,552533cc-ae45-4270-93f3-4c4d75d682ea,0fbd0cb0-973a-41df-a6e2-75b0ff9884fd,1.662
4,1,552533cc-ae45-4270-93f3-4c4d75d682ea,10c41981-92bf-4bac-aa8b-bee133dfee2e,1.874
4,1,552533cc-ae45-4270-93f3-4c4d75d682ea,117d80a7-5f1e-42c7-9ca7-c2c3fb8d2791,1.414
4,1,552533cc-ae45-4270-93f3-4c4d75d682ea,130aed4c-e35f-4112-ad65-ff6bde50241f,1.68
4,1,552533cc-ae45-4270-93f3-4c4d75d682ea,15f3f18b-a312-41d2-8d1a-cfe242e9bc4f,1.532
4,1,552533cc-ae45-4270-93f3-4c4d75d682ea,1735c560-63ea-48fe-9cbd-908fb600fb0f,1.764
4,1,552533cc-ae45-4270-93f3-4c4d75d682ea,1a221e22-5a71-473a-bb2a-ffd2b43b47b2,1.441
4,1,552533cc-ae45-4270-93f3-4c4d75d682ea,1c1c4e0f-2643-4557-bcee-c7dd3a97946e,1.692
4,1,552533cc-ae45-4270-93f3-4c4d75d682ea,1fa177ce-8fec-4f3b-b799-e83035843b03,1.811
4,1,552533cc-ae45-4270-93f3-4c4d75d682ea,20afe14e-e641-462a-bf41-3c798f52808a,1.924
4,1,552533cc-ae45-4270-93f3-4c4d75d682ea,21958fb7-73c4-4e08-93c4-220c954c3ff7,2.516
4,1,552533cc-ae45-4270-93f3-4c4d75d682ea,244ba983-f75f-45d0-890e-56d2aaee916f,2.035
4,1,552533cc-ae45-4270-93f3-4c4d75d682ea,25c9b299-a6af-4f8a-b13c-be802cbe8c04,2.184
4,1,552533cc-ae45-4270-93f3-4c4d75d682ea,27e0a3da-c2ed-4afb-983f-5628b6680af5,2.073
4,1,552533cc-ae45-4270-93f3-4c4d75d682ea,28d24f34-4770-4d36-a463-a56101916947,2.01
4,1,552533cc-ae45-4270-93f3-4c4d75d682ea,2b4ed412-4ace-444e-945b-1e519872c999,1.806
4,1,552533cc-ae45-4270-93f3-4c4d75d682ea,2ea93d83-7cd3-48d2-9766-77f56a27cfb0,1.644
4,1,552533cc-ae45-4270-93f3-4c4d75d682ea,30177d30-9a14-470b-b51f-d45f049c1777,1.907
4,1,552533cc-ae45-4270-93f3-4c4d75d682ea,32da3998-af04-468f-84ed-74078f8a42e2,2.29
4,1,552533cc-ae45-4270-93f3-4c4d75d682ea,351622ba-5dea-4d8e-b655-0b5d2328fcc5,2.387
4,1,552533cc-ae45-4270-93f3-4c4d75d682ea,3639d738-f1a0-4ff4-9415-ab94677828f3,2.826
4,1,552533cc-ae45-4270-93f3-4c4d75d682ea,37e6d696-653a-41e1-a2bb-4e8bf571677e,2.302
4,1,552533cc-ae45-4270-93f3-4c4d75d682ea,39b0f70f-ab00-4bec-8efd-379ff318e2fc,1.95
4,1,552533cc-ae45-4270-93f3-4c4d75d682ea,3af5972c-98b4-4c5e-a03c-45004491ff2a,1.366
4,1,552533cc-ae45-4270-93f3-4c4d75d682ea,3ba9fc4a-ea48-491a-a3bc-63bb0b133968,1.503
4,1,552533cc-ae45-4270-93f3-4c4d75d682ea,3eb4160e-d029-4bb6-abb4-5eb83888bde0,1.453
4,1,552533cc-ae45-4270-93f3-4c4d75d682ea,3ec6372c-4cc7-4d33-9b3f-381dd62eb62b,1.282
4,1,552533cc-ae45-4270-93f3-4c4d75d682ea,409f184d-269b-4522-8fbb-e0971d579e9c,1.351
4,1,552533cc-ae45-4270-93f3-4c4d75d682ea,4379672b-3b63-4327-adc5-10c754c1220f,1.088
4,1,552533cc-ae45-4270-93f3-4c4d75d682ea,45657ec9-88f4-4ecc-bf57-ffa85b97b44c,1.163
4,1,552533cc-ae45-4270-93f3-4c4d75d682ea,477d8a0e-a47c-4bab-8a88-9eb13ba6e66c,1.348
4,1,552533cc-ae45-4270-93f3-4c4d75d682ea,48a9e240-9772-49d2-a714-c7501af763e6,1.558
4,1,552533cc-ae45-4270-93f3-4c4d75d682ea,499deebf-1162-4167-8c42-7df4d4489496,1.44
4,1,552533cc-ae45-4270-93f3-4c4d75d682ea,4bed68fd-c12b-41b7-a94a-d442ae9b227e,1.573
4,1,552533cc-ae45-4270-93f3-4c4d75d682ea,4d2996bc-4016-44a1-acb2-85ea219d42e8,2.037
4,1,552533cc-ae45-4270-93f3-4c4d75d682ea,4e9601f8-4b90-4e14-9401-80ec91e1939f,1.76
4,1,552533cc-ae45-4270-93f3-4c4d75d682ea,4fd50c76-b93f-4c68-8d64-a87d10613858,1.391
4,1,552533cc-ae45-4270-93f3-4c4d75d682ea,52642f50-dd67-4c4a-ab43-c8ce50831455,3.298
4,1,552533cc-ae45-4270-93f3-4c4d75d682ea,560dd075-d9d1-41c7-a444-bf3e0150f7f3,1.839
4,1,552533cc-ae45-4270-93f3-4c4d75d682ea,583c83dd-ce6e-4033-8b64-d0eeced07ca6,1.899
4,1,552533cc-ae45-4270-93f3-4c4d75d682ea,5a0e6c72-5bdf-4ce0-89d0-97ad1644352c,1.491
4,1,552533cc-ae45-4270-93f3-4c4d75d682ea,5d665e68-16f8-4a82-85bc-bfc9bb1f96c4,1.523
4,1,552533cc-ae45-4270-93f3-4c4d75d682ea,5db6c715-b695-4cc1-b96f-217c111b1267,1.749
4,1,552533cc-ae45-4270-93f3-4c4d75d682ea,5e84eecd-3c7a-44b3-af9b-179e8433f493,1.879
4,1,552533cc-ae45-4270-93f3-4c4d75d682ea,606e9e51-8cb2-4ddb-92ae-1afaadfe4974,1.789
4,1,552533cc-ae45-4270-93f3-4c4d75d682ea,61f49496-3f76-4552-b9e0-29e53d397ddf,2.352
4,1,552533cc-ae45-4270-93f3-4c4d75d682ea,6327c727-db53-4fb1-8242-f08201978fa7,2.394
4,1,552533cc-ae45-4270-93f3-4c4d75d682ea,63914d6a-dfca-4821-8150-ad94a834b293,1.678
4,1,552533cc-ae45-4270-93f3-4c4d75d682ea,662ca1b8-3cba-47a6-b376-153f5027156b,1.703
4,1,552533cc-ae45-4270-93f3-4c4d75d682ea,66eab800-596b-4843-bd11-81578d67ed6a,1.37
4,1,552533cc-ae45-4270-93f3-4c4d75d682ea,685e3727-1bf1-478c-883e-924e4c7165ca,2.373
4,1,552533cc-ae45-4270-93f3-4c4d75d682ea,68c8049a-3560-4437-a2cd-72ac009e8a69,1.722
4,1,552533cc-ae45-4270-93f3-4c4d75d682ea,695efece-98db-49ff-9b88-2e805f27ad03,1.626
4,1,552533cc-ae45-4270-93f3-4c4d75d682ea,6a52af64-a282-4672-a3ce-9576092238db,1.483
4,1,552533cc-ae45-4270-93f3-4c4d75d682ea,6ae24e2d-bd37-4986-ad77-153060470edd,1.666
4,1,552533cc-ae45-4270-93f3-4c4d75d682ea,6dda4a98-5f2b-47e6-9c35-d1e5c87ae886,1.784
4,1,552533cc-ae45-4270-93f3-4c4d75d682ea,6e27ca64-cbc2-48da-b156-bcac9d5a57a4,1.696
4,1,552533cc-ae45-4270-93f3-4c4d75d682ea,6f8ea597-363a-453a-8370-42c50cd2f156,1.983
4,1,552533cc-ae45-4270-93f3-4c4d75d682ea,7062ea1e-d18d-4b89-8475-9a951ad8212c,2.962
4,1,552533cc-ae45-4270-93f3-4c4d75d682ea,7206de8b-3993-4ed2-9f5c-9f06ab6bab0e,3.468
4,1,552533cc-ae45-4270-93f3-4c4d75d682ea,74e62d48-988d-4ba5-aa14-3176a4ef0614,2.898
4,1,552533cc-ae45-4270-93f3-4c4d75d682ea,799358e0-9f6c-485a-84fb-3e3f009bfc2b,3.319
4,1,552533cc-ae45-4270-93f3-4c4d75d682ea,7ab83836-e322-4df0-9877-40d726c70278,4.647
4,1,552533cc-ae45-4270-93f3-4c4d75d682ea,7b4fb063-817b-46a0-b439-55c21545aee4,1.118
4,1,552533cc-ae45-4270-93f3-4c4d75d682ea,7ba77e9d-6e09-4c91-aa61-d6ae5664879c,1.671
4,1,552533cc-ae45-4270-93f3-4c4d75d682ea,7ea81613-cbd7-498d-a01e-9dcd3ec45c03,1.629
4,1,552533cc-ae45-4270-93f3-4c4d75d682ea,7fd41879-8520-4c18-926a-3ca9568552c0,1.486
4,1,552533cc-ae45-4270-93f3-4c4d75d682ea,812c29d3-537f-47af-a370-e02c64a230a4,1.658
4,1,552533cc-ae45-4270-93f3-4c4d75d682ea,82219404-3e33-4b17-9cdd-57aa0df4fcb6,1.778
4,1,552533cc-ae45-4270-93f3-4c4d75d682ea,85aa460a-584a-433b-9555-eb994758e16e,2.158
4,1,552533cc-ae45-4270-93f3-4c4d75d682ea,85cdbe53-d14f-4ef6-b7b0-4b193be95aed,3.553
4,1,552533cc-ae45-4270-93f3-4c4d75d682ea,8780518e-847d-48ad-b582-15c17fe122cc,3.42
4,1,552533cc-ae45-4270-93f3-4c4d75d682ea,8af8413b-3f34-48da-b52f-18e50924d3c9,2.912
4,1,552533cc-ae45-4270-93f3-4c4d75d682ea,8bc9d09c-7726-45e8-8bca-064d49675ccb,3.389
4,1,552533cc-ae45-4270-93f3-4c4d75d682ea,8cb1eff8-9ad7-4e4a-ab5e-ac0ffeff45f4,2.735
4,1,552533cc-ae45-4270-93f3-4c4d75d682ea,8ea2d169-a321-4fe6-a3e1-3c43f89ffdbf,1.912
4,1,552533cc-ae45-4270-93f3-4c4d75d682ea,8f867939-c3cc-4a5f-9809-b4c7a46b3378,1.371
4,1,552533cc-ae45-4270-93f3-4c4d75d682ea,90bfa1f9-f3dd-4bfb-99b1-ec2d3686a653,1.383
4,1,552533cc-ae45-4270-93f3-4c4d75d682ea,923e78d3-da01-4fcc-a0bb-4231e4945370,1.758
4,1,552533cc-ae45-4270-93f3-4c4d75d682ea,93878afc-9510-4a2c-955f-bdf307892ce0,1.76
4,1,552533cc-ae45-4270-93f3-4c4d75d682ea,95c5a450-d9e7-4124-b311-7b91547256c4,1.928
4,1,552533cc-ae45-4270-93f3-4c4d75d682ea,95fe1804-fb49-44e3-9333-07e93ef1ffc3,2.231
4,1,552533cc-ae45-4270-93f3-4c4d75d682ea,970c55b7-8c2f-4991-b81d-b45451b8a053,2.136
4,1,552533cc-ae45-4270-93f3-4c4d75d682ea,977add52-39e7-445e-abf0-75b731fa9f31,1.572
4,1,552533cc-ae45-4270-93f3-4c4d75d682ea,99d34293-43b9-4643-b1be-6e40c581d5e9,1.461
4,1,552533cc-ae45-4270-93f3-4c4d75d682ea,9c18ba53-1af3-4a40-9244-6e02d77acdfd,1.365
4,1,552533cc-ae45-4270-93f3-4c4d75d682ea,9e0bceff-cc62-4a3f-8ffc-d72bfde3bd8b,1.599
4,1,552533cc-ae45-4270-93f3-4c4d75d682ea,9ecbdc44-5cd6-4868-9ae8-31edabc2c9b2,1.25
4,1,552533cc-ae45-4270-93f3-4c4d75d682ea,9f16b66f-c5a1-46e1-b7dc-8434afe6c8cb,1.444
4,1,552533cc-ae45-4270-93f3-4c4d75d682ea,a005568f-062a-490a-b835-4248b75ece1e,1.488
4,1,552533cc-ae45-4270-93f3-4c4d75d682ea,a1e84a40-c294-4a79-9fa7-0499ee11726d,1.244
4,1,552533cc-ae45-4270-93f3-4c4d75d682ea,a4b5650e-f4b9-4863-af78-3c13f305f162,1.195
4,1,552533cc-ae45-4270-93f3-4c4d75d682ea,a56fd96e-49f5-48c4-9464-6a167ffd3814,1.171
4,1,552533cc-ae45-4270-93f3-4c4d75d682ea,a65ddea4-a612-4c0e-9f67-c298413ab9f9,1.633
4,1,552533cc-ae45-4270-93f3-4c4d75d682ea,a6858283-4a4c-4ae6-8e69-397212de0a88,2.503
4,1,552533cc-ae45-4270-93f3-4c4d75d682ea,a991e076-33f0-46b9-acdc-b8da4a8771db,2.131
4,1,552533cc-ae45-4270-93f3-4c4d75d682ea,abc6d964-1d27-4fa9-9a95-e8f0d9cffbd6,1.926
4,1,552533cc-ae45-4270-93f3-4c4d75d682ea,ae1abff2-957b-41b6-b5b3-2017c2082868,1.294
4,1,552533cc-ae45-4270-93f3-4c4d75d682ea,b05b57f8-f01f-4e90-9b32-9d3aa9ac5eac,1.238
4,1,552533cc-ae45-4270-93f3-4c4d75d682ea,b1095a7e-5699-4ce0-b6cd-caf2645913c6,1.089
4,1,552533cc-ae45-4270-93f3-4c4d75d682ea,b237468d-536e-46df-8222-5c03b474a548,1.358
4,1,552533cc-ae45-4270-93f3-4c4d75d682ea,b50ff8ce-ad84-4623-936c-af6ceb2c5b54,0.954
4,1,552533cc-ae45-4270-93f3-4c4d75d682ea,b6ea216c-68a3-4728-9954-775f203ab9a8,1.046
4,1,552533cc-ae45-4270-93f3-4c4d75d682ea,b718254f-06d0-4b64-9e4f-f2bc9cdfcb97,1.03
4,1,552533cc-ae45-4270-93f3-4c4d75d682ea,b91b68ed-321d-4752-9294-01129983f844,0.994
4,1,552533cc-ae45-4270-93f3-4c4d75d682ea,bb796428-942d-4239-b4cc-7c1d95b2b146,1.063
4,1,552533cc-ae45-4270-93f3-4c4d75d682ea,bfbd4c6f-8b25-4fe9-8290-3361d70a477b,1.396
4,1,552533cc-ae45-4270-93f3-4c4d75d682ea,c2550136-c348-43c4-a8d0-06d9b6d96ff5,1.62
4,1,552533cc-ae45-4270-93f3-4c4d75d682ea,c502135d-2be2-4507-a85f-94438a7f04e4,1.692
4,1,552533cc-ae45-4270-93f3-4c4d75d682ea,c6e38215-746b-41ef-b1d0-f9f4980f7fdb,1.813
4,1,552533cc-ae45-4270-93f3-4c4d75d682ea,c8523885-3a41-4c6c-8031-07874b1ae1bd,1.971
4,1,552533cc-ae45-4270-93f3-4c4d75d682ea,cb7f13ef-3c95-4f98-b2ce-5f6c27ccdb57,1.891
4,1,552533cc-ae45-4270-93f3-4c4d75d682ea,cc8a8919-6c01-4245-8fc3-ea06d3c93ea2,2.357
4,1,552533cc-ae45-4270-93f3-4c4d75d682ea,cd4742b1-29c4-4be6-8b36-2e424ffbf021,1.668
4,1,552533cc-ae45-4270-93f3-4c4d75d682ea,cf13f7ee-5687-4f2c-8779-c1b4faef4694,1.383
4,1,552533cc-ae45-4270-93f3-4c4d75d682ea,d05e8390-922b-4d1d-9985-dd7b2fb9b47c,1.148
4,1,552533cc-ae45-4270-93f3-4c4d75d682ea,d19d49cc-5fab-4fdf-87ff-3e2fc3605664,1.103
4,1,552533cc-ae45-4270-93f3-4c4d75d682ea,d39bd974-484c-40f2-8e6f-8fc4a751edab,1.35
4,1,552533cc-ae45-4270-93f3-4c4d75d682ea,d67d0451-7236-418f-aae0-d2a546974542,1.218
4,1,552533cc-ae45-4270-93f3-4c4d75d682ea,d8ae57ec-fcde-448b-8414-cf121bfb7d64,1.489
4,1,552533cc-ae45-4270-93f3-4c4d75d682ea,d9710337-a756-4e6a-916c-6f56205f8c47,1.188
4,1,552533cc-ae45-4270-93f3-4c4d75d682ea,da4fd743-9dd6-4f81-8a8f-0ca82e343593,1.537
4,1,552533cc-ae45-4270-93f3-4c4d75d682ea,dd0e74c3-002f-47a3-9563-bd7fd39b81fa,1.524
4,1,552533cc-ae45-4270-93f3-4c4d75d682ea,de7b5ce5-b45d-451e-bd8c-07cad6e7e1b3,1.744
4,1,552533cc-ae45-4270-93f3-4c4d75d682ea,e0c59e93-da00-436b-affd-de39177cceb1,1.636
4,1,552533cc-ae45-4270-93f3-4c4d75d682ea,e24af022-777b-4cbb-ac59-0b0e11893bdf,1.696
4,1,552533cc-ae45-4270-93f3-4c4d75d682ea,e2a508e5-25ea-41e4-8d98-858cd8fca0b4,1.313
4,1,552533cc-ae45-4270-93f3-4c4d75d682ea,e34ef438-effd-41e7-b8ff-24cc8231cc55,1.131
4,1,552533cc-ae45-4270-93f3-4c4d75d682ea,e78cb3a1-43b1-4e40-82a9-5aa77344354c,1.323
4,1,552533cc-ae45-4270-93f3-4c4d75d682ea,ea4569cf-ad89-46d1-9343-a3a89834c8a6,1.337
4,1,552533cc-ae45-4270-93f3-4c4d75d682ea,eb4d0605-2d8c-4928-9d18-afcfde434077,1.368
4,1,552533cc-ae45-4270-93f3-4c4d75d682ea,ed8db0d1-87d5-4180-aeff-3595cae6e73e,1.371
4,1,552533cc-ae45-4270-93f3-4c4d75d682ea,ee445a3f-6570-46aa-9072-67fade454460,1.761
4,1,552533cc-ae45-4270-93f3-4c4d75d682ea,f019e2fb-a63e-42df-9528-ad63c41667f1,1.903
4,1,552533cc-ae45-4270-93f3-4c4d75d682ea,f23b01d7-d676-4830-ad3a-0ba469411e6b,3.647
4,1,552533cc-ae45-4270-93f3-4c4d75d682ea,f35d4d8b-dba6-416c-a4f4-f6f7c523f412,2.932
4,1,552533cc-ae45-4270-93f3-4c4d75d682ea,f554bfbf-46fe-4124-9e4d-a6dd3d1aa52c,3.362
4,1,552533cc-ae45-4270-93f3-4c4d75d682ea,f6a2a3b2-bf34-4650-82c5-05f59b4b0364,2.695
4,1,552533cc-ae45-4270-93f3-4c4d75d682ea,f93a8de2-290d-4199-b01b-d48a90a3369d,3.886
4,1,552533cc-ae45-4270-93f3-4c4d75d682ea,f9f2478c-2773-43de-b264-e0135c94f514,1.14
4,1,552533cc-ae45-4270-93f3-4c4d75d682ea,fa622543-874b-4557-a4d9-4fc128d3646e,1.454
4,1,552533cc-ae45-4270-93f3-4c4d75d682ea,fba1a1bb-c919-44e6-9b25-c08d3bbea6fa,1.694
4,1,552533cc-ae45-4270-93f3-4c4d75d682ea,ff07ef84-1fa6-4990-828f-674b34358395,1.369
4,2,33299859-df04-4ad0-9de6-e0c2c57d58c8,015cc2aa-e486-46bb-aecb-fad7c02f5c50,4.112
4,2,33299859-df04-4ad0-9de6-e0c2c57d58c8,01f09b65-b4d9-42bb-b088-520cc28df9d3,5.425
4,2,33299859-df04-4ad0-9de6-e0c2c57d58c8,0412d783-b938-4e49-9e70-73ffdd5cfc94,4.939
4,2,33299859-df04-4ad0-9de6-e0c2c57d58c8,0696d21a-e70c-44b6-ad65-fdceadae4e1e,2.612
4,2,33299859-df04-4ad0-9de6-e0c2c57d58c8,07b62567-8f91-4440-89a3-49847f2b268b,3.119
4,2,33299859-df04-4ad0-9de6-e0c2c57d58c8,086cb4b5-228c-4fc1-aebe-dc95b7fca863,1.215
4,2,33299859-df04-4ad0-9de6-e0c2c57d58c8,0a77b82c-414f-41c4-9d3f-b8d3bc47d892,1.649
4,2,33299859-df04-4ad0-9de6-e0c2c57d58c8,0b2efbac-5ecb-4f02-bded-aaa4a3e4466a,1.628
4,2,33299859-df04-4ad0-9de6-e0c2c57d58c8,0d127f24-7388-47fe-8c1a-648800981e50,1.769
4,2,33299859-df04-4ad0-9de6-e0c2c57d58c8,0f0d377a-6c4a-4380-86e9-ecba9e539757,1.855
4,2,33299859-df04-4ad0-9de6-e0c2c57d58c8,105a5dec-2f10-472f-a9a8-94bb1f94f8d8,1.283
4,2,33299859-df04-4ad0-9de6-e0c2c57d58c8,11fce66d-0ddc-44ab-a38e-bab630b93c99,3.424
4,2,33299859-df04-4ad0-9de6-e0c2c57d58c8,1425fd47-ae98-4214-8dcd-ef2cc4f342e4,4.722
4,2,33299859-df04-4ad0-9de6-e0c2c57d58c8,1722ecd7-ce10-45de-b23b-2b8a120c2d93,4.166
4,2,33299859-df04-4ad0-9de6-e0c2c57d58c8,18468042-8d6c-4cae-bf81-b2ead9c9017d,3.847
4,2,33299859-df04-4ad0-9de6-e0c2c57d58c8,1b8ee343-9ed7-4486-9e29-bfc7866cd0fb,3.165
4,2,33299859-df04-4ad0-9de6-e0c2c57d58c8,1dd774db-d811-41e0-8d38-14439be786f7,1.882
4,2,33299859-df04-4ad0-9de6-e0c2c57d58c8,1f7cc781-82c9-476d-9631-f6beaaf459ad,2.056
4,2,33299859-df04-4ad0-9de6-e0c2c57d58c8,202a41e8-6e33-44f7-848d-86325b8c2f36,1.817
4,2,33299859-df04-4ad0-9de6-e0c2c57d58c8,22dd3e42-2ce0-4cd6-a679-e3adfc0e4a9a,1.983
4,2,33299859-df04-4ad0-9de6-e0c2c57d58c8,24bdadee-4cfd-4a8b-b789-ac23ba79e02d,2.15
4,2,33299859-df04-4ad0-9de6-e0c2c57d58c8,275935ce-7718-4608-913b-4a04cc59d23d,2.075
4,2,33299859-df04-4ad0-9de6-e0c2c57d58c8,296f5001-4800-46c9-8b5d-10074f9ef87c,2.459
4,2,33299859-df04-4ad0-9de6-e0c2c57d58c8,2bc467d6-4426-4ee9-9a93-c5ea17d42f9b,2.621
4,2,33299859-df04-4ad0-9de6-e0c2c57d58c8,2fa3f436-b9fc-4358-a454-541b3f68446e,2.957
4,2,33299859-df04-4ad0-9de6-e0c2c57d58c8,312ad9df-154c-405d-acc9-e45096523008,3.193
4,2,33299859-df04-4ad0-9de6-e0c2c57d58c8,3146b159-d50e-40ac-893b-daf02339e316,6.341
4,2,33299859-df04-4ad0-9de6-e0c2c57d58c8,3331c262-d643-43bb-a3cc-b211735b6099,3.381
4,2,33299859-df04-4ad0-9de6-e0c2c57d58c8,3569cd3a-e8f8-47de-b91e-b31912f55222,4.215
4,2,33299859-df04-4ad0-9de6-e0c2c57d58c8,36a6f9d5-d532-4001-84da-6d8b36fe91dd,1.549
4,2,33299859-df04-4ad0-9de6-e0c2c57d58c8,383392c7-7a53-4e67-b356-d00ddb7cc729,1.523
4,2,33299859-df04-4ad0-9de6-e0c2c57d58c8,395f8b59-3afa-4b25-8281-68b5fef2b1b2,1.75
4,2,33299859-df04-4ad0-9de6-e0c2c57d58c8,3bddb6af-4c72-4a4b-a73e-99bd350b3070,1.692
4,2,33299859-df04-4ad0-9de6-e0c2c57d58c8,3cbfb669-36ad-4d82-aee9-57f64e155747,2.459
4,2,33299859-df04-4ad0-9de6-e0c2c57d58c8,3eb1bb42-9c13-4812-867b-d2ea67d53d53,1.926
4,2,33299859-df04-4ad0-9de6-e0c2c57d58c8,4000518f-3370-4514-a245-e461227526cd,2.019
4,2,33299859-df04-4ad0-9de6-e0c2c57d58c8,4331c4d4-58f5-41d7-b880-a6c6b5a9a87e,3.944
4,2,33299859-df04-4ad0-9de6-e0c2c57d58c8,44534c16-bbb2-4da5-93c9-8a80dc74a110,3.502
4,2,33299859-df04-4ad0-9de6-e0c2c57d58c8,4668db24-549c-4a27-ad04-220ad009c790,3.791
4,2,33299859-df04-4ad0-9de6-e0c2c57d58c8,47575604-1245-456c-b727-150b174ccfdc,2.063
4,2,33299859-df04-4ad0-9de6-e0c2c57d58c8,481c9ef0-af12-4c27-a524-ec407c851ce1,1.294
4,2,33299859-df04-4ad0-9de6-e0c2c57d58c8,4901fa47-8502-47b5-b90d-ea5f6ee4dd8d,1.292
4,2,33299859-df04-4ad0-9de6-e0c2c57d58c8,49a39442-7cd3-40f8-b7b7-1ebdc937a72d,2.119
4,2,33299859-df04-4ad0-9de6-e0c2c57d58c8,4bafedff-1ce7-493c-ad4c-f1c21955d80b,1.145
4,2,33299859-df04-4ad0-9de6-e0c2c57d58c8,4d4b2b3e-0fd3-4de3-b3ba-9e8954d45213,1.243
4,2,33299859-df04-4ad0-9de6-e0c2c57d58c8,4f34c42c-2dc6-4ce4-ac96-4ddf63348230,1.401
4,2,33299859-df04-4ad0-9de6-e0c2c57d58c8,50ac78d7-db09-4d31-8765-4a53b711ba63,1.098
4,2,33299859-df04-4ad0-9de6-e0c2c57d58c8,521d8c39-ac8c-43ff-80d5-92362ea6806e,1.157
4,2,33299859-df04-4ad0-9de6-e0c2c57d58c8,554871e0-39f9-4d4a-bfb7-0c34b0c82992,1.151
4,2,33299859-df04-4ad0-9de6-e0c2c57d58c8,57b6ffdb-580d-450f-bf4a-5abe93b30aed,1.419
4,2,33299859-df04-4ad0-9de6-e0c2c57d58c8,5929fd61-5517-4f94-9d09-01e3e5dbb2f8,1.668
4,2,33299859-df04-4ad0-9de6-e0c2c57d58c8,59e7a902-809d-43b1-baa8-e3ba9794cf6b,1.646
4,2,33299859-df04-4ad0-9de6-e0c2c57d58c8,5c6db081-5f21-4acf-b631-101f5bd068bd,1.335
4,2,33299859-df04-4ad0-9de6-e0c2c57d58c8,5e3bffa6-6313-4987-80d8-ba2e8a7dc2a7,1.479
4,2,33299859-df04-4ad0-9de6-e0c2c57d58c8,5fa010a3-6dfc-495c-a065-45f5461805ed,1.359
4,2,33299859-df04-4ad0-9de6-e0c2c57d58c8,6196b328-ef5b-4bf9-a77c-85ae2be7d5c8,1.289
4,2,33299859-df04-4ad0-9de6-e0c2c57d58c8,62e03516-ca91-4c39-9acb-ec9ecd42682c,1.308
4,2,33299859-df04-4ad0-9de6-e0c2c57d58c8,62f2ede1-ecef-40dc-bacd-1082c2ada4b3,1.46
4,2,33299859-df04-4ad0-9de6-e0c2c57d58c8,649fccc0-a4b2-4b0d-900a-6b2113658031,3.098
4,2,33299859-df04-4ad0-9de6-e0c2c57d58c8,663b831e-b095-495b-8108-e351cd4f0320,1.324
4,2,33299859-df04-4ad0-9de6-e0c2c57d58c8,66a5b474-837b-4277-846c-80cba855de5d,1.707
4,2,33299859-df04-4ad0-9de6-e0c2c57d58c8,6b2fe450-1b61-4d2a-befd-861627a76b1f,2.27
4,2,33299859-df04-4ad0-9de6-e0c2c57d58c8,6c338476-7527-44e6-9bcb-8b2bf31dc1ee,1.443
4,2,33299859-df04-4ad0-9de6-e0c2c57d58c8,6f934d83-fa3b-446d-a1af-bc79368b86d3,3.684
4,2,33299859-df04-4ad0-9de6-e0c2c57d58c8,70b1f907-5b73-4ffc-aeaf-3b2da6751109,3.566
4,2,33299859-df04-4ad0-9de6-e0c2c57d58c8,737ac369-ef18-4c18-bdc5-760127e1c3cc,5.281
4,2,33299859-df04-4ad0-9de6-e0c2c57d58c8,744a60b3-6da4-4a5c-b8c0-9074dcf2ca5b,1.426
4,2,33299859-df04-4ad0-9de6-e0c2c57d58c8,76556d89-64df-4d2f-8595-9b9da24328c2,2.187
4,2,33299859-df04-4ad0-9de6-e0c2c57d58c8,79d52b2e-0741-4f9b-9e8b-50b339b86c9b,1.698
4,2,33299859-df04-4ad0-9de6-e0c2c57d58c8,7babdb8d-a945-4889-a0b7-b11fc2c3ddbc,1.556
4,2,33299859-df04-4ad0-9de6-e0c2c57d58c8,7d82008a-f139-4c4a-895e-29c5d6731012,5.566
4,2,33299859-df04-4ad0-9de6-e0c2c57d58c8,80850381-c9be-4e65-9fb7-be17c5e61874,1.994
4,2,33299859-df04-4ad0-9de6-e0c2c57d58c8,84005e75-4fb4-47dd-9240-cdf0ffdcc30c,2.321
4,2,33299859-df04-4ad0-9de6-e0c2c57d58c8,8828b0ce-bc35-4e16-8cf8-d95b35894874,2.717
4,2,33299859-df04-4ad0-9de6-e0c2c57d58c8,00b51ed5-9039-4ac3-8a5e-f6a589d665dc,5.901
4,2,33299859-df04-4ad0-9de6-e0c2c57d58c8,01ca118d-2573-4772-8d93-8af337bae2d1,5.328
4,2,33299859-df04-4ad0-9de6-e0c2c57d58c8,02bf8ecb-d7df-4a89-ae97-2319118777d1,4.93
4,2,33299859-df04-4ad0-9de6-e0c2c57d58c8,05572287-ee4c-436b-8316-916810520a63,3.588
4,2,33299859-df04-4ad0-9de6-e0c2c57d58c8,897e49b1-4458-472e-8a70-abd66c1006a2,4.96
4,2,33299859-df04-4ad0-9de6-e0c2c57d58c8,8b64011d-5023-4a6d-bf9d-80603f665393,3.858
4,2,33299859-df04-4ad0-9de6-e0c2c57d58c8,8cad1e4c-bcf5-48e0-b278-f721fbc6c8ff,4.324
4,2,33299859-df04-4ad0-9de6-e0c2c57d58c8,8d89fc0a-c0c1-4923-81aa-4223d4a2bf7d,5.42
4,2,33299859-df04-4ad0-9de6-e0c2c57d58c8,8f341629-9fa1-439d-8b14-0c082386d9f6,1.508
4,2,33299859-df04-4ad0-9de6-e0c2c57d58c8,9006a36d-eb07-4761-954b-0d55a33d92ef,1.724
4,2,33299859-df04-4ad0-9de6-e0c2c57d58c8,910c6359-5f04-4b3a-bc1a-ff0d49f6c9d2,1.296
4,2,33299859-df04-4ad0-9de6-e0c2c57d58c8,94372506-6b87-4e40-aa7b-9ba0db33722a,1.528
4,2,33299859-df04-4ad0-9de6-e0c2c57d58c8,94ecdc10-d684-453e-9a6e-fae4f356c53d,1.822
4,2,33299859-df04-4ad0-9de6-e0c2c57d58c8,974320d0-7fe6-44dc-8a61-83eebc21b880,1.697
4,2,33299859-df04-4ad0-9de6-e0c2c57d58c8,984f0ba0-d91c-42af-b120-3d45fe8fa682,1.928
4,2,33299859-df04-4ad0-9de6-e0c2c57d58c8,9928f226-2a41-4053-bba7-8dc80e7f9a8c,2.525
4,2,33299859-df04-4ad0-9de6-e0c2c57d58c8,994f9bfc-f901-4642-a7be-f1c638ebe040,5.573
4,2,33299859-df04-4ad0-9de6-e0c2c57d58c8,9ca2f1d2-7238-4283-9e54-1f255e544afe,4.163
4,2,33299859-df04-4ad0-9de6-e0c2c57d58c8,9edc6ab7-4d05-4dfe-b9a0-ad365f4dcb1f,3.189
4,2,33299859-df04-4ad0-9de6-e0c2c57d58c8,9fa43bbe-4735-440a-a92b-273111ad08f9,1.555
4,2,33299859-df04-4ad0-9de6-e0c2c57d58c8,a183bddd-7e03-459c-964f-e42d0f558a46,1.413
4,2,33299859-df04-4ad0-9de6-e0c2c57d58c8,a3f898f1-0a06-4e27-9fb6-0cfd1b2a28b1,1.638
4,2,33299859-df04-4ad0-9de6-e0c2c57d58c8,a5531e74-00a2-4b8a-a609-43b5fe38be07,1.208
4,2,33299859-df04-4ad0-9de6-e0c2c57d58c8,a6c63720-ecef-4a2f-8dd5-4feb4713dfb6,1.196
4,2,33299859-df04-4ad0-9de6-e0c2c57d58c8,a7485dff-95b1-4c77-91ff-a0eb4a62791c,1.696
4,2,33299859-df04-4ad0-9de6-e0c2c57d58c8,a8c11b1e-b271-47dc-8b0c-93a488e09f13,1.718
4,2,33299859-df04-4ad0-9de6-e0c2c57d58c8,ab6fb95b-2811-4f22-88f1-48b4210bec0f,2.117
4,2,33299859-df04-4ad0-9de6-e0c2c57d58c8,ad72a66e-83f1-4c4b-a68f-5c0c3013069a,1.814
4,2,33299859-df04-4ad0-9de6-e0c2c57d58c8,ae020921-6499-4fb1-88c9-32bde576ec03,2.34
4,2,33299859-df04-4ad0-9de6-e0c2c57d58c8,b06d3701-425f-4ee0-9aa1-290636322d60,5.214
4,2,33299859-df04-4ad0-9de6-e0c2c57d58c8,b3092885-0abf-4c78-a716-9829636233cd,3.446
4,2,33299859-df04-4ad0-9de6-e0c2c57d58c8,b400014c-a696-4def-a31d-d62aaa811890,3.462
4,2,33299859-df04-4ad0-9de6-e0c2c57d58c8,b45d3985-868e-40b9-aed9-2ea4e1bf94bd,3.666
4,2,33299859-df04-4ad0-9de6-e0c2c57d58c8,b61ae11e-cb85-49d1-9a51-6d080400328f,1.68
4,2,33299859-df04-4ad0-9de6-e0c2c57d58c8,b8d1abef-0f31-413a-b5e7-45e3f1a12963,1.524
4,2,33299859-df04-4ad0-9de6-e0c2c57d58c8,b9a8a377-822f-4929-9ce6-ac425094aa62,1.29
4,2,33299859-df04-4ad0-9de6-e0c2c57d58c8,bb457131-554b-4529-96eb-5ee01e742937,0.906
4,2,33299859-df04-4ad0-9de6-e0c2c57d58c8,bc7cb1eb-02b9-4ccb-adee-5d0c60f30ea0,1.372
4,2,33299859-df04-4ad0-9de6-e0c2c57d58c8,bda13c34-0418-4e5c-bbfa-623d6fb08735,1.169
4,2,33299859-df04-4ad0-9de6-e0c2c57d58c8,bfe6d9db-7970-4748-9993-7847c8dd6113,1.52
4,2,33299859-df04-4ad0-9de6-e0c2c57d58c8,c11b26ea-ec16-4b71-afc0-3a242d2d6a9a,1.759
4,2,33299859-df04-4ad0-9de6-e0c2c57d58c8,c43d9809-a1c8-4cad-b33e-80c2d7eb918e,3.012
4,2,33299859-df04-4ad0-9de6-e0c2c57d58c8,c4f98d2a-3407-4b67-95e8-30037c90802d,2.093
4,2,33299859-df04-4ad0-9de6-e0c2c57d58c8,c66a5032-57cd-49ae-aa86-ad2e7d217b32,1.602
4,2,33299859-df04-4ad0-9de6-e0c2c57d58c8,c72237e1-90f9-4fd6-bf4f-6348e1a113ca,1.394
4,2,33299859-df04-4ad0-9de6-e0c2c57d58c8,c9579b23-9b53-492d-ba7c-b4e0cf18e66c,1.35
4,2,33299859-df04-4ad0-9de6-e0c2c57d58c8,cbbf8d5b-a0df-454c-8195-dff37a54dd96,1.034
4,2,33299859-df04-4ad0-9de6-e0c2c57d58c8,cca47cd0-2b5b-4d1e-bb57-e5fcf5cfaf63,0.99
4,2,33299859-df04-4ad0-9de6-e0c2c57d58c8,cf72e237-5037-452d-98b6-2dc80e7e6070,1.03
4,2,33299859-df04-4ad0-9de6-e0c2c57d58c8,d15834be-c632-4435-9544-8b8ddcf2e8c4,0.957
4,2,33299859-df04-4ad0-9de6-e0c2c57d58c8,d1980803-99cd-4f73-bf8e-b70b1c51fc6d,0.912
4,2,33299859-df04-4ad0-9de6-e0c2c57d58c8,d34af8d4-9e51-4be4-b9c2-170fe8e3f4f8,1.1
4,2,33299859-df04-4ad0-9de6-e0c2c57d58c8,d3fdb9a5-d609-4e10-a19f-d277625b6ec7,1.133
4,2,33299859-df04-4ad0-9de6-e0c2c57d58c8,d4d1f254-a4cb-423b-bc24-5ec91bff057b,1.323
4,2,33299859-df04-4ad0-9de6-e0c2c57d58c8,d6367b4e-3312-41d3-9aaa-295a55f3e5bf,1.338
4,2,33299859-df04-4ad0-9de6-e0c2c57d58c8,d7382fca-ea01-499c-8f1b-ea6f21fe2d1a,2.12
4,2,33299859-df04-4ad0-9de6-e0c2c57d58c8,d8c068bb-420d-4283-ace2-009648441b82,1.709
4,2,33299859-df04-4ad0-9de6-e0c2c57d58c8,da8d2843-6885-4072-b3ec-16e7c9d8f8ab,1.586
4,2,33299859-df04-4ad0-9de6-e0c2c57d58c8,dcaee8ee-769f-497f-9f09-c8d6efd22aa3,1.383
4,2,33299859-df04-4ad0-9de6-e0c2c57d58c8,de4b99e2-c707-4967-88eb-8ed99d2cd3c4,1.422
4,2,33299859-df04-4ad0-9de6-e0c2c57d58c8,df259d0a-5598-424b-b8e0-243cc9073bad,1.097
4,2,33299859-df04-4ad0-9de6-e0c2c57d58c8,dfdbc94c-6b52-4e93-a3e3-77673721fab8,1.472
4,2,33299859-df04-4ad0-9de6-e0c2c57d58c8,e10d8401-b2a6-488a-b557-d480e15a8237,1.168
4,2,33299859-df04-4ad0-9de6-e0c2c57d58c8,e36cfc4f-a573-4d71-abdd-0b161bb4497e,1.592
4,2,33299859-df04-4ad0-9de6-e0c2c57d58c8,e4972102-7baa-45dc-bad2-addea6212b52,1.597
4,2,33299859-df04-4ad0-9de6-e0c2c57d58c8,e4f3c183-3a3d-42e6-81c0-ffa55f7e5214,1.685
4,2,33299859-df04-4ad0-9de6-e0c2c57d58c8,e8450d55-2e36-4374-bff5-a98da8ec2988,1.657
4,2,33299859-df04-4ad0-9de6-e0c2c57d58c8,ea454fd0-e79a-45c4-9910-e967f6e308a0,2.803
4,2,33299859-df04-4ad0-9de6-e0c2c57d58c8,ea9f3e6a-e2dd-4fbf-9076-c34259afd2ae,4.032
4,2,33299859-df04-4ad0-9de6-e0c2c57d58c8,edfdc9ce-861a-46bc-b9da-00af17c234ef,5.962
4,2,33299859-df04-4ad0-9de6-e0c2c57d58c8,f0dd276e-db11-4f09-85d1-84446b440a78,2.026
4,2,33299859-df04-4ad0-9de6-e0c2c57d58c8,f2429c57-db10-46fa-9084-9c1f9eeb4bef,2.135
4,2,33299859-df04-4ad0-9de6-e0c2c57d58c8,f4439a54-34ed-4232-8806-ef0533f98076,1.261
4,2,33299859-df04-4ad0-9de6-e0c2c57d58c8,f5aa68dc-a812-4064-b6e8-be7b7aa6cfb8,1.485
4,2,33299859-df04-4ad0-9de6-e0c2c57d58c8,f6f82e23-06d1-4007-9dc5-fc16b2e81981,1.117
4,2,33299859-df04-4ad0-9de6-e0c2c57d58c8,f894fabe-e851-43c8-965a-bbc355871b9a,1.048
4,2,33299859-df04-4ad0-9de6-e0c2c57d58c8,fa39de7c-0f8b-4a8a-90cc-5ca500f256ec,1.331
4,2,33299859-df04-4ad0-9de6-e0c2c57d58c8,fd683b5a-a716-4121-a11b-b62bae106e6a,1.942
4,2,33299859-df04-4ad0-9de6-e0c2c57d58c8,fec06723-3eff-4397-a0a9-db88d3a7768f,1.553
4,2,33299859-df04-4ad0-9de6-e0c2c57d58c8,ffc5db2e-f3f4-45a5-afee-3822e65aaec4,2.656
4,2,33299859-df04-4ad0-9de6-e0c2c57d58c8,077ad4cd-0c60-495f-b0f8-f3ecefb4b013,3.576
4,2,33299859-df04-4ad0-9de6-e0c2c57d58c8,089ed7d4-2250-449c-86e3-d2561a8482b0,1.581
4,2,33299859-df04-4ad0-9de6-e0c2c57d58c8,0a34ef85-711e-4fac-b75c-6d2c5cb7413e,1.313
4,2,33299859-df04-4ad0-9de6-e0c2c57d58c8,0ac4de2b-fa98-4c66-862b-caea1c33d5b7,1.78
4,2,33299859-df04-4ad0-9de6-e0c2c57d58c8,0c6c9d41-2181-4d99-9249-e3b278d2ffa3,1.173
4,2,33299859-df04-4ad0-9de6-e0c2c57d58c8,0df96fd5-0b97-4a6f-b15b-bdef3853ef7e,1.322
4,2,33299859-df04-4ad0-9de6-e0c2c57d58c8,0fef9392-c527-404b-a8ad-13dd965fa6fe,1.191
4,2,33299859-df04-4ad0-9de6-e0c2c57d58c8,123d4390-b22c-49d0-86fa-820cef59305a,2.775
4,2,33299859-df04-4ad0-9de6-e0c2c57d58c8,139a8317-e0e5-4d39-a869-b49dfa080f3b,3.828
4,2,33299859-df04-4ad0-9de6-e0c2c57d58c8,170fcd8e-3938-4de5-86bf-f108becb6991,4.219
4,2,33299859-df04-4ad0-9de6-e0c2c57d58c8,1752ca1a-ae01-4c3f-a3dc-d6f8e8f22c9a,3.992
4,2,33299859-df04-4ad0-9de6-e0c2c57d58c8,1962101e-3fff-4939-b8a5-df95e8301a26,4.029
4,2,33299859-df04-4ad0-9de6-e0c2c57d58c8,1c4c0dad-8a76-4704-be6b-d2dbfe8ca363,2.204
4,2,33299859-df04-4ad0-9de6-e0c2c57d58c8,1f6f4907-583e-4c72-abc2-b2c3750bec1c,2.093
4,2,33299859-df04-4ad0-9de6-e0c2c57d58c8,207b51f7-c5b1-48dc-b594-d798d4806b22,1.85
4,2,33299859-df04-4ad0-9de6-e0c2c57d58c8,22b1536c-16cb-4267-af14-944032eda598,1.639
4,2,33299859-df04-4ad0-9de6-e0c2c57d58c8,27172b19-1888-4c07-ba4e-85a392bef390,1.884
4,2,33299859-df04-4ad0-9de6-e0c2c57d58c8,28d68c8f-d481-4fbe-abd0-2c918c8a9b7a,2.613
4,2,33299859-df04-4ad0-9de6-e0c2c57d58c8,2b51cb3f-07fd-46b8-8fcc-bfc2b4b0461c,1.92
4,2,33299859-df04-4ad0-9de6-e0c2c57d58c8,2e165325-2624-489c-9c53-0a5044277e91,2.015
4,2,33299859-df04-4ad0-9de6-e0c2c57d58c8,2f1dca90-aa10-4c71-a127-63e1592869e1,3.173
4,2,33299859-df04-4ad0-9de6-e0c2c57d58c8,30af65fe-9463-4862-bbc7-244de1380059,3.329
4,2,33299859-df04-4ad0-9de6-e0c2c57d58c8,31694f38-73af-4fff-bcd9-e5f80329e33d,6.993
4,2,33299859-df04-4ad0-9de6-e0c2c57d58c8,33479fde-4122-4efd-929d-0f009aa849de,3.167
4,2,33299859-df04-4ad0-9de6-e0c2c57d58c8,35073e1d-0983-477d-ba97-7f9a255092d4,4.062
4,2,33299859-df04-4ad0-9de6-e0c2c57d58c8,360d390a-bfaf-4a1c-b681-9edaffa71765,1.685
4,2,33299859-df04-4ad0-9de6-e0c2c57d58c8,37bf4862-cda9-436b-94eb-17e8bee41c3a,1.591
4,2,33299859-df04-4ad0-9de6-e0c2c57d58c8,3add6838-1f24-4c75-9e62-b0a81fb0daa8,1.889
4,2,33299859-df04-4ad0-9de6-e0c2c57d58c8,3af8aa04-49d5-46e6-b824-84e14ce22aad,1.783
4,2,33299859-df04-4ad0-9de6-e0c2c57d58c8,3d48c4f7-e45d-41cc-926b-85c9807bed97,2.538
4,2,33299859-df04-4ad0-9de6-e0c2c57d58c8,3eb78ef0-3537-4144-a45b-8d1f0a0b3143,1.816
4,2,33299859-df04-4ad0-9de6-e0c2c57d58c8,40125e3a-6cbc-4b9d-a38d-690dac550d29,2.449
4,2,33299859-df04-4ad0-9de6-e0c2c57d58c8,405dd4c2-de46-4dc9-84c4-d08969fa323c,3.744
4,2,33299859-df04-4ad0-9de6-e0c2c57d58c8,4418dfb0-08ad-465a-907e-9b917992628f,3.591
4,2,33299859-df04-4ad0-9de6-e0c2c57d58c8,4504b6dd-596d-4803-aa5b-6bf08cc43eb3,4.408
4,2,33299859-df04-4ad0-9de6-e0c2c57d58c8,469b30a0-4f64-453e-9b27-67167878c86c,2.154
4,2,33299859-df04-4ad0-9de6-e0c2c57d58c8,4788b6e8-df8c-45b5-ac61-0b5355a49772,1.689
4,2,33299859-df04-4ad0-9de6-e0c2c57d58c8,4910422b-41b5-42ba-9cee-461644e30888,1.362
4,2,33299859-df04-4ad0-9de6-e0c2c57d58c8,4b147e04-9dda-4910-bc14-1bbb1455e88f,1.835
4,2,33299859-df04-4ad0-9de6-e0c2c57d58c8,4bd59a2e-80c8-4985-bd3e-52b6fc0e56f5,1.295
4,2,33299859-df04-4ad0-9de6-e0c2c57d58c8,4e8d8309-1199-476d-9fc9-8fb5f7146082,1.322
4,2,33299859-df04-4ad0-9de6-e0c2c57d58c8,4f8af954-7ccb-4c23-9d55-3a466cd3d573,1.087
4,2,33299859-df04-4ad0-9de6-e0c2c57d58c8,51589a02-f87a-40e6-a5eb-44137dadf468,1.09
4,2,33299859-df04-4ad0-9de6-e0c2c57d58c8,52909ab5-b448-4297-8798-7b7a8f202748,1.111
4,2,33299859-df04-4ad0-9de6-e0c2c57d58c8,54b23a72-f2e0-40a9-96b5-5aead1c33718,1.115
4,2,33299859-df04-4ad0-9de6-e0c2c57d58c8,5717a1ea-f95f-492f-8fd4-e38418d5cd94,1.287
4,2,33299859-df04-4ad0-9de6-e0c2c57d58c8,58f0061f-d2f0-46ba-ac37-78018750497f,1.584
4,2,33299859-df04-4ad0-9de6-e0c2c57d58c8,59557dbf-efb1-4d6e-9163-ea829eb71efd,1.556
4,2,33299859-df04-4ad0-9de6-e0c2c57d58c8,5a1c483e-c63e-4175-8e38-41db070df95b,1.488
4,2,33299859-df04-4ad0-9de6-e0c2c57d58c8,5cb4c706-4c43-4042-a6a0-2e9843d6bfe2,1.657
4,2,33299859-df04-4ad0-9de6-e0c2c57d58c8,5eb1d955-d2f3-4099-8774-7d456c239480,1.407
4,2,33299859-df04-4ad0-9de6-e0c2c57d58c8,60b001cc-1c32-4d42-a68e-8beb4c1d2b10,1.437
4,2,33299859-df04-4ad0-9de6-e0c2c57d58c8,61d40c9c-1fa5-4648-a1ab-34340b04db9b,1.374
4,2,33299859-df04-4ad0-9de6-e0c2c57d58c8,63dca1cc-bd07-473e-a19e-bee98a56302f,1.456
4,2,33299859-df04-4ad0-9de6-e0c2c57d58c8,647c877d-202f-4bbd-92a3-62c2e6b91732,2.714
4,2,33299859-df04-4ad0-9de6-e0c2c57d58c8,66863979-ec5e-4276-b16f-b4c433e45bee,1.477
4,2,33299859-df04-4ad0-9de6-e0c2c57d58c8,6695a8cd-b36e-4d58-b8ea-bf2d0da94cbb,1.846
4,2,33299859-df04-4ad0-9de6-e0c2c57d58c8,68a13c84-1588-4f6c-8154-6534af9d52f8,2.373
4,2,33299859-df04-4ad0-9de6-e0c2c57d58c8,6ece786c-140d-42ce-a0ac-a7718b0c4022,1.281
4,2,33299859-df04-4ad0-9de6-e0c2c57d58c8,70266d8e-fc08-43dd-aa9e-c4a16c50d672,4.07
4,2,33299859-df04-4ad0-9de6-e0c2c57d58c8,708e10a1-5525-435b-989f-78940cdbb5ab,3.964
4,2,33299859-df04-4ad0-9de6-e0c2c57d58c8,723b2a66-033a-467f-bc03-23f583b337cc,5.433
4,2,33299859-df04-4ad0-9de6-e0c2c57d58c8,74a7a44c-ca65-4923-941b-464f7ce5ddf3,1.743
4,2,33299859-df04-4ad0-9de6-e0c2c57d58c8,7998db29-e181-4734-98d6-ea092ebd1cc9,2.379
4,2,33299859-df04-4ad0-9de6-e0c2c57d58c8,7b984e0b-1e95-4c53-b4de-49a5dfbd96a2,1.568
4,2,33299859-df04-4ad0-9de6-e0c2c57d58c8,7cd7c64b-3203-41c1-b2a7-5b74aba0eccd,1.443
4,2,33299859-df04-4ad0-9de6-e0c2c57d58c8,7e27ba2f-8179-458c-a190-9e092a64117f,5.249
4,2,33299859-df04-4ad0-9de6-e0c2c57d58c8,8059a8f2-689d-48e1-a1c1-330aaf7aede9,2.031
4,2,33299859-df04-4ad0-9de6-e0c2c57d58c8,842f7786-e161-44fb-8bdd-55ec46295ead,2.235
4,2,33299859-df04-4ad0-9de6-e0c2c57d58c8,8910a497-8bb0-48f2-a01c-ede5cd942380,2.565
4,2,33299859-df04-4ad0-9de6-e0c2c57d58c8,8921f7fa-2d40-4890-a916-859b609fd333,5.146
4,2,33299859-df04-4ad0-9de6-e0c2c57d58c8,8a79cc43-d72a-4990-9490-c6a00133edb4,4.946
4,2,33299859-df04-4ad0-9de6-e0c2c57d58c8,8ba679bb-08d6-40fa-a8ab-531b605d7751,3.088
4,2,33299859-df04-4ad0-9de6-e0c2c57d58c8,8ce3013e-e6f9-44db-9dbd-5237e5279f95,6.381
4,2,33299859-df04-4ad0-9de6-e0c2c57d58c8,8e0681ed-3086-4b26-a3ca-718e02bd23d7,1.669
4,2,33299859-df04-4ad0-9de6-e0c2c57d58c8,8ffa16c0-a6ab-4d69-accb-20db8178ae8e,1.991
4,2,33299859-df04-4ad0-9de6-e0c2c57d58c8,90f0acaf-e0de-423a-91cb-9f1778cb3e06,1.481
4,2,33299859-df04-4ad0-9de6-e0c2c57d58c8,92127de3-3106-40c2-82a4-5acb15d63977,1.405
4,2,33299859-df04-4ad0-9de6-e0c2c57d58c8,9466bb26-a1d9-4299-85cc-ffbc840063a5,1.623
4,2,33299859-df04-4ad0-9de6-e0c2c57d58c8,00025aa5-0229-46ca-a4a6-c68ae7a79343,6.357
4,2,33299859-df04-4ad0-9de6-e0c2c57d58c8,96d28a96-b235-47a4-9f71-2b491a168c4c,2.088
4,2,33299859-df04-4ad0-9de6-e0c2c57d58c8,97f5d78d-6b73-442e-995a-adb1160bdc91,1.956
4,2,33299859-df04-4ad0-9de6-e0c2c57d58c8,98d918b3-7956-4660-a8ea-ca9d82e4470b,2.047
4,2,33299859-df04-4ad0-9de6-e0c2c57d58c8,01bfb643-610b-47c0-8784-f13959e27242,5.001
4,2,33299859-df04-4ad0-9de6-e0c2c57d58c8,04d4c309-52bb-4e42-9e6c-0a139ed6f751,4.577
4,2,33299859-df04-4ad0-9de6-e0c2c57d58c8,9b720592-33d2-4615-bfcc-ad6352b5a420,1.993
4,2,33299859-df04-4ad0-9de6-e0c2c57d58c8,9d8c30da-05e5-439c-a1a6-6be7b503cc44,4.464
4,2,33299859-df04-4ad0-9de6-e0c2c57d58c8,9f6756a3-d5c4-4d2b-8edb-d3e54f65399d,2.204
4,2,33299859-df04-4ad0-9de6-e0c2c57d58c8,a108be39-86aa-447d-b38f-66b2d75c1c16,1.652
4,2,33299859-df04-4ad0-9de6-e0c2c57d58c8,06c84d6d-6956-41cb-b6ff-556254d083b0,2.245
4,2,33299859-df04-4ad0-9de6-e0c2c57d58c8,0836b558-b2a8-44eb-8f1c-959821444bd1,4.604
4,2,33299859-df04-4ad0-9de6-e0c2c57d58c8,09acbd84-57ae-4f81-9049-96c748c7f677,0.987
4,2,33299859-df04-4ad0-9de6-e0c2c57d58c8,0a74825b-e5fc-492e-a0dd-1f88d28e9ee3,1.588
4,2,33299859-df04-4ad0-9de6-e0c2c57d58c8,a34bd204-05e3-469c-89db-ec02e5113d25,1.635
4,2,33299859-df04-4ad0-9de6-e0c2c57d58c8,a5005947-2ef6-4a9d-b026-bfa9e42a69b9,1.258
4,2,33299859-df04-4ad0-9de6-e0c2c57d58c8,a595b30e-cb53-4d76-aaa6-3fd9ccbdb452,0.995
4,2,33299859-df04-4ad0-9de6-e0c2c57d58c8,0ab83b6b-1dc7-4892-8210-4a66db831703,1.475
4,2,33299859-df04-4ad0-9de6-e0c2c57d58c8,0b39254f-f343-41d6-a107-65227f1f1799,1.962
4,2,33299859-df04-4ad0-9de6-e0c2c57d58c8,0edfb5bf-2694-46b5-8729-cc460f4a60bc,1.356
4,2,33299859-df04-4ad0-9de6-e0c2c57d58c8,11180531-4489-435f-b80a-999efc079a94,1.068
4,2,33299859-df04-4ad0-9de6-e0c2c57d58c8,126f0eeb-d56e-433a-94f5-e9cea361a0f1,2.971
4,2,33299859-df04-4ad0-9de6-e0c2c57d58c8,a6a92948-bd10-4bf3-8c43-9d71fb11cca4,1.231
4,2,33299859-df04-4ad0-9de6-e0c2c57d58c8,a80c595f-715a-46ab-8223-b06e552bdec1,1.697
4,2,33299859-df04-4ad0-9de6-e0c2c57d58c8,a9565e80-5ace-4052-9290-4e243dfb031f,1.712
4,2,33299859-df04-4ad0-9de6-e0c2c57d58c8,a9dcb12d-48f3-4240-aa6c-d3feda19c27c,1.917
4,2,33299859-df04-4ad0-9de6-e0c2c57d58c8,145053ca-dbfb-421e-b4a1-eb346a70ae71,3.815
4,2,33299859-df04-4ad0-9de6-e0c2c57d58c8,1675adce-b14d-4101-a260-0970b9d464f3,4.451
4,2,33299859-df04-4ad0-9de6-e0c2c57d58c8,abe4462b-f765-4f84-bc8f-d25629ab94d3,1.825
4,2,33299859-df04-4ad0-9de6-e0c2c57d58c8,17eb1acf-d3f3-4909-86d8-568d91663255,3.978
4,2,33299859-df04-4ad0-9de6-e0c2c57d58c8,af8d2475-5532-4ee9-a8fb-e35184b2637e,2.116
4,2,33299859-df04-4ad0-9de6-e0c2c57d58c8,1aafe85a-c853-4269-a1c9-868352bfd1dc,3.341
4,2,33299859-df04-4ad0-9de6-e0c2c57d58c8,1dd0419c-461e-461d-827e-45556e94f814,1.653
4,2,33299859-df04-4ad0-9de6-e0c2c57d58c8,b1964efa-4450-4b54-8a4e-0b0de3fb53ce,5.53
4,2,33299859-df04-4ad0-9de6-e0c2c57d58c8,b1bdd8aa-2500-4081-b34c-bd91ccf418dc,4.262
4,2,33299859-df04-4ad0-9de6-e0c2c57d58c8,b3d8f0c9-6a98-4c28-b688-94356fdecd5a,5.116
4,2,33299859-df04-4ad0-9de6-e0c2c57d58c8,b53cf44b-63f8-497a-8e8e-cad10d481754,2.247
4,2,33299859-df04-4ad0-9de6-e0c2c57d58c8,b7bfb443-d2af-4b57-8161-4e603b7f50a9,1.468
4,2,33299859-df04-4ad0-9de6-e0c2c57d58c8,b909ac4c-b83c-44d5-a242-1cb09f2e21fd,1.339
4,2,33299859-df04-4ad0-9de6-e0c2c57d58c8,b9f1d0e8-b85c-4269-9238-c4f5bc2063ff,1.237
4,2,33299859-df04-4ad0-9de6-e0c2c57d58c8,bbb3c1aa-9894-412d-ace1-91004a208989,1.084
4,2,33299859-df04-4ad0-9de6-e0c2c57d58c8,1efa6a19-1e2a-4a6a-9b8e-ebd4b23b9e7b,2.092
4,2,33299859-df04-4ad0-9de6-e0c2c57d58c8,bd4e9722-cf08-4bd5-8399-1fa2478a4fdf,1.677
4,2,33299859-df04-4ad0-9de6-e0c2c57d58c8,bfad451e-ac09-4e09-9028-8b88342d2cac,1.286
4,2,33299859-df04-4ad0-9de6-e0c2c57d58c8,c10972c8-6c3a-463f-84e1-f1ac07612b56,1.596
4,2,33299859-df04-4ad0-9de6-e0c2c57d58c8,c16e756c-08ce-4900-be38-da196e4f5303,1.886
4,2,33299859-df04-4ad0-9de6-e0c2c57d58c8,c44613cc-ed2d-44d7-aa38-a7ce352b5d5f,2.908
4,2,33299859-df04-4ad0-9de6-e0c2c57d58c8,c659e08b-b56f-495c-8a13-f8728b06126d,2.013
4,2,33299859-df04-4ad0-9de6-e0c2c57d58c8,c6cac4b7-1579-44f2-ad68-c425ee183df6,1.897
4,2,33299859-df04-4ad0-9de6-e0c2c57d58c8,c847cf76-235d-405c-9a1f-c09ecab88bf8,1.141
4,2,33299859-df04-4ad0-9de6-e0c2c57d58c8,2144a834-83c3-4454-96af-b6732a19e2d5,2.076
4,2,33299859-df04-4ad0-9de6-e0c2c57d58c8,233304c9-b65d-4781-b702-1386f33aa8ba,2.147
4,2,33299859-df04-4ad0-9de6-e0c2c57d58c8,23af957f-3360-456f-8900-0aac891d6f9b,2.033
4,2,33299859-df04-4ad0-9de6-e0c2c57d58c8,28721715-b51a-4426-9489-691538e5d879,2.029
4,2,33299859-df04-4ad0-9de6-e0c2c57d58c8,2b144e1a-a72b-4c6d-977b-c94ffc20830a,2.738
4,2,33299859-df04-4ad0-9de6-e0c2c57d58c8,2c71f8d6-3439-45c0-85cf-d76881dc7bee,2.808
4,2,33299859-df04-4ad0-9de6-e0c2c57d58c8,3007ec03-6614-45e7-a6ee-2320f417757e,3.182
4,2,33299859-df04-4ad0-9de6-e0c2c57d58c8,ca7dab3b-54ec-49ff-98b4-c31fb15327ac,1.105
4,2,33299859-df04-4ad0-9de6-e0c2c57d58c8,cabffca4-998a-4cd6-85bc-496a92f38f78,0.964
4,2,33299859-df04-4ad0-9de6-e0c2c57d58c8,cd521c25-b626-4b5f-a93d-b36d412841e8,1.154
4,2,33299859-df04-4ad0-9de6-e0c2c57d58c8,cf6fb99e-af33-4af3-b563-c12f1b4b67a5,1.066
4,2,33299859-df04-4ad0-9de6-e0c2c57d58c8,d156d361-fde0-41ae-8995-fe609266e5dd,0.962
4,2,33299859-df04-4ad0-9de6-e0c2c57d58c8,d1d6d792-4e73-49ff-aebf-6c1d2f931d19,0.89
4,2,33299859-df04-4ad0-9de6-e0c2c57d58c8,d281f3d5-3b7b-4455-a260-260677e6dfb3,1.041
4,2,33299859-df04-4ad0-9de6-e0c2c57d58c8,30243e5f-b2c5-420d-aaee-cfe7248a847f,3.61
4,2,33299859-df04-4ad0-9de6-e0c2c57d58c8,d3d7de86-bc82-4e28-a5f6-4d18d0bc5948,1.285
4,2,33299859-df04-4ad0-9de6-e0c2c57d58c8,d5973e1a-28e7-471f-a242-b69c62e921c1,1.411
4,2,33299859-df04-4ad0-9de6-e0c2c57d58c8,d653e568-81ad-4077-9522-189fab403f33,1.268
4,2,33299859-df04-4ad0-9de6-e0c2c57d58c8,d84de00c-8f50-4185-b576-dd93357e3688,3.236
4,2,33299859-df04-4ad0-9de6-e0c2c57d58c8,32096f88-e37c-4ff8-8b03-603a398a9fe2,6.855
4,2,33299859-df04-4ad0-9de6-e0c2c57d58c8,3304d9a7-17e8-4b79-9960-614769e56dec,3.011
4,2,33299859-df04-4ad0-9de6-e0c2c57d58c8,339c3227-d034-41a9-bac2-b1f56d88fc4c,2.36
4,2,33299859-df04-4ad0-9de6-e0c2c57d58c8,d91cb8b8-2806-4f6f-b0f9-ef7fc900612a,1.032
4,2,33299859-df04-4ad0-9de6-e0c2c57d58c8,dab37bc8-975b-41ec-9818-d2dbfd1c4b90,1.789
4,2,33299859-df04-4ad0-9de6-e0c2c57d58c8,db2d8908-22f0-4a40-a9f4-d712fadb0190,1.216
4,2,33299859-df04-4ad0-9de6-e0c2c57d58c8,dd0d872a-b5d7-44da-969d-ceebfbde36ed,1.423
4,2,33299859-df04-4ad0-9de6-e0c2c57d58c8,df206240-755d-4f98-9a45-6107725db56e,1.42
4,2,33299859-df04-4ad0-9de6-e0c2c57d58c8,dfec9afa-dc84-4776-8b76-cb7e9178895c,1.224
4,2,33299859-df04-4ad0-9de6-e0c2c57d58c8,e09a7d94-00ca-4c10-8215-cc6eddc85c74,1.247
4,2,33299859-df04-4ad0-9de6-e0c2c57d58c8,e3810e52-e2b8-4fa5-bd7e-09d8ba0fc519,1.559
4,2,33299859-df04-4ad0-9de6-e0c2c57d58c8,e4c496d9-5be5-4e11-ab11-b5b76e8d9d14,1.673
4,2,33299859-df04-4ad0-9de6-e0c2c57d58c8,366ac25a-50af-4a7a-b187-b8982800f655,1.939
4,2,33299859-df04-4ad0-9de6-e0c2c57d58c8,38fd55c4-6ad6-4eec-a481-6e295f3fe254,1.435
4,2,33299859-df04-4ad0-9de6-e0c2c57d58c8,39d1553b-f1c4-442f-ae2b-d700e5c44d17,2.084
4,2,33299859-df04-4ad0-9de6-e0c2c57d58c8,3c205396-8e8f-42b7-80a5-71d6d091150c,1.816
4,2,33299859-df04-4ad0-9de6-e0c2c57d58c8,3c2c3c41-718f-491f-9b04-34b9928a6865,2.51
4,2,33299859-df04-4ad0-9de6-e0c2c57d58c8,3d7a3cb1-76f2-474a-b2dc-54e0f44e3617,2.058
4,2,33299859-df04-4ad0-9de6-e0c2c57d58c8,400679a9-297b-43b8-85c6-e68a5df6aa7a,2.164
4,2,33299859-df04-4ad0-9de6-e0c2c57d58c8,42341f54-c59d-42d5-8e9a-25523fac5213,3.885
4,2,33299859-df04-4ad0-9de6-e0c2c57d58c8,44560275-7fd4-4225-aedb-b2f8378ce92f,2.213
4,2,33299859-df04-4ad0-9de6-e0c2c57d58c8,46559156-4804-471f-a399-2cb07dcf3ada,4.191
4,2,33299859-df04-4ad0-9de6-e0c2c57d58c8,e7195336-95ad-4375-9e3f-71fb328c38cf,1.887
4,2,33299859-df04-4ad0-9de6-e0c2c57d58c8,e959dc1f-1224-49ed-8a7e-9e8e8bd60268,1.64
4,2,33299859-df04-4ad0-9de6-e0c2c57d58c8,ea0aca9b-db2f-4178-914d-621aae416f8f,2.97
4,2,33299859-df04-4ad0-9de6-e0c2c57d58c8,eb5d2624-22c0-4fb8-9950-cff0cd691fae,3.805
4,2,33299859-df04-4ad0-9de6-e0c2c57d58c8,ece933b3-ab34-4e22-9b70-b835e3476cdb,6.534
4,2,33299859-df04-4ad0-9de6-e0c2c57d58c8,ee52f788-6687-4a80-a40d-8c1298f33f94,2.755
4,2,33299859-df04-4ad0-9de6-e0c2c57d58c8,f2f0e0ea-8fd6-45ba-bd6c-dd953c5d8127,2.513
4,2,33299859-df04-4ad0-9de6-e0c2c57d58c8,f48778e6-dddf-49f9-aa32-19823b6070d2,1.395
4,2,33299859-df04-4ad0-9de6-e0c2c57d58c8,f6387edc-71b2-49e8-9fe9-3af7b92a9cbc,1.299
4,2,33299859-df04-4ad0-9de6-e0c2c57d58c8,f6ac32a8-8839-40f1-ac02-ec6f03b7bf4b,1.091
4,2,33299859-df04-4ad0-9de6-e0c2c57d58c8,f87b3189-f7f6-49c3-8a34-e240b7be120b,1.125
4,2,33299859-df04-4ad0-9de6-e0c2c57d58c8,fab0f715-8271-4ce6-9ff4-c6306cc24716,1.491
4,2,33299859-df04-4ad0-9de6-e0c2c57d58c8,fc17d568-c4ff-4157-9492-6e4d0dc26b5c,1.739
4,2,33299859-df04-4ad0-9de6-e0c2c57d58c8,feead8fb-2d1c-4929-8383-ab35beb84d7c,1.778
4,2,33299859-df04-4ad0-9de6-e0c2c57d58c8,ff8c2bdf-cb89-43c2-8a82-7106279e4962,2.596
4,2,33299859-df04-4ad0-9de6-e0c2c57d58c8,468317f9-50b6-4d56-8cb7-d7ea55d69bc5,2.405
4,2,33299859-df04-4ad0-9de6-e0c2c57d58c8,475c97e4-9cf0-4921-a89e-0a24d56090ce,1.46
4,2,33299859-df04-4ad0-9de6-e0c2c57d58c8,4949b53b-f97f-4f81-9101-13099bec5d6a,1.585
4,2,33299859-df04-4ad0-9de6-e0c2c57d58c8,4ba2858d-d781-4bc8-bd08-79f0bf49553e,1.952
4,2,33299859-df04-4ad0-9de6-e0c2c57d58c8,4be08b72-85aa-443c-95f8-acff430e003e,1.15
4,2,33299859-df04-4ad0-9de6-e0c2c57d58c8,4e3eadfe-920d-4159-82c0-86937f3db84d,1.332
4,2,33299859-df04-4ad0-9de6-e0c2c57d58c8,4f2126bf-2f38-453e-83fc-cc83cb07da20,1.407
4,2,33299859-df04-4ad0-9de6-e0c2c57d58c8,4fbe00c3-50fb-484a-856d-243e58734c28,1.285
4,2,33299859-df04-4ad0-9de6-e0c2c57d58c8,51ea00a5-e057-4cbe-bdf6-c8aea879830f,1.188
4,2,33299859-df04-4ad0-9de6-e0c2c57d58c8,54fa6e8c-4b68-44a6-bd54-fb758ff59857,1.421
4,2,33299859-df04-4ad0-9de6-e0c2c57d58c8,57820ac1-a6fa-4e50-a19e-37a58319a87b,1.491
4,2,33299859-df04-4ad0-9de6-e0c2c57d58c8,58fbc58d-87b4-481e-9b60-5690d41ccd8d,1.746
4,2,33299859-df04-4ad0-9de6-e0c2c57d58c8,59e656f6-aa3c-4d9f-b995-d96a9060c940,2.132
4,2,33299859-df04-4ad0-9de6-e0c2c57d58c8,5a4580f5-347b-463e-ba12-a0e18184c999,1.573
4,2,33299859-df04-4ad0-9de6-e0c2c57d58c8,5e08185d-b07e-43c6-a94e-13d6862ea613,1.457
4,2,33299859-df04-4ad0-9de6-e0c2c57d58c8,5f758b22-5a9f-4a93-b45c-66744c8006ca,1.365
4,2,33299859-df04-4ad0-9de6-e0c2c57d58c8,61338fd5-63f4-4fbd-817b-2f63d66a0255,1.295
4,2,33299859-df04-4ad0-9de6-e0c2c57d58c8,62b330b0-e6da-49ad-a2e1-0837a452f7be,1.547
4,2,33299859-df04-4ad0-9de6-e0c2c57d58c8,62ea0856-1cea-46f6-921a-649f12b80864,1.386
4,2,33299859-df04-4ad0-9de6-e0c2c57d58c8,6420758e-87c4-49e2-ada8-186243c6455f,2.701
4,2,33299859-df04-4ad0-9de6-e0c2c57d58c8,659fd298-a6ec-4025-9d92-e4284bef9a1f,1.624
4,2,33299859-df04-4ad0-9de6-e0c2c57d58c8,66d6e0d9-149b-4a8f-87ff-331e82a03910,1.625
4,2,33299859-df04-4ad0-9de6-e0c2c57d58c8,6752d8eb-c919-4564-8059-58f79e26876b,2.158
4,2,33299859-df04-4ad0-9de6-e0c2c57d58c8,6b8430ea-e8a0-4c5b-bf97-5cbb3d8eb988,1.328
4,2,33299859-df04-4ad0-9de6-e0c2c57d58c8,6f678fd4-c47d-41ca-a268-d69e1a373f48,4.273
4,2,33299859-df04-4ad0-9de6-e0c2c57d58c8,70524e94-106a-4ab0-b798-b315b06f64a5,3.412
4,2,33299859-df04-4ad0-9de6-e0c2c57d58c8,737885ed-695b-4317-939d-9478fca5220b,5.359
4,2,33299859-df04-4ad0-9de6-e0c2c57d58c8,7461cb08-dc6e-43c3-a3ef-18bf6aa0ecf3,1.39
4,2,33299859-df04-4ad0-9de6-e0c2c57d58c8,76317b6b-adc3-4ca9-92a2-d9e7938ac76f,2.161
4,2,33299859-df04-4ad0-9de6-e0c2c57d58c8,799b11ec-ca7f-4709-a017-7ab3c6c7de1e,1.53
4,2,33299859-df04-4ad0-9de6-e0c2c57d58c8,7c01a89a-01ce-4aaf-a4b4-bd1dbca4eb59,1.602
4,2,33299859-df04-4ad0-9de6-e0c2c57d58c8,7d034cf2-6a41-406b-adc9-a107d5d22015,5.602
4,2,33299859-df04-4ad0-9de6-e0c2c57d58c8,812c4c23-02da-4bd0-a15b-a3a2d5a12207,1.998
4,2,33299859-df04-4ad0-9de6-e0c2c57d58c8,83218f99-6230-496d-9b31-151541b8ea84,2.253
4,2,33299859-df04-4ad0-9de6-e0c2c57d58c8,861be170-af9b-4d1d-bc7d-f1b63f456eb1,2.708
4,2,33299859-df04-4ad0-9de6-e0c2c57d58c8,89c3bf30-22da-49ea-976a-795494cf6ed8,5.438
4,2,33299859-df04-4ad0-9de6-e0c2c57d58c8,8a23b49d-3bb7-4d3e-aa8b-f287edfbd706,4.518
4,2,33299859-df04-4ad0-9de6-e0c2c57d58c8,8bd29970-4ab2-4340-84e2-4574f9e5ff65,3.415
4,2,33299859-df04-4ad0-9de6-e0c2c57d58c8,8dc3a3eb-379f-490a-a0bd-01366716d1d4,5.841
4,2,33299859-df04-4ad0-9de6-e0c2c57d58c8,8f42d5d4-7e98-49e9-bcb4-dbef8afecf3f,1.491
4,2,33299859-df04-4ad0-9de6-e0c2c57d58c8,90abf381-eb99-4c63-88b9-c45f85d7ee7d,1.516
4,2,33299859-df04-4ad0-9de6-e0c2c57d58c8,920b8974-5f5a-46a0-a14a-f48f15551395,1.162
4,2,33299859-df04-4ad0-9de6-e0c2c57d58c8,925e0723-f974-410a-88b0-908b58149245,1.325
4,2,33299859-df04-4ad0-9de6-e0c2c57d58c8,961c1e86-1866-442c-82a3-00275f161f7c,1.675
4,2,33299859-df04-4ad0-9de6-e0c2c57d58c8,96bf6c79-6f64-4106-a18d-45333d1b67f2,1.757
4,2,33299859-df04-4ad0-9de6-e0c2c57d58c8,97ffd32f-2033-4fdf-b171-7e980f0ae91f,2.091
4,2,33299859-df04-4ad0-9de6-e0c2c57d58c8,98b1c4a3-5ef3-492c-9e1a-9af7c1a66840,2.31
4,2,33299859-df04-4ad0-9de6-e0c2c57d58c8,999389a6-37b9-421e-8eeb-739e0052eda0,5.975
4,2,33299859-df04-4ad0-9de6-e0c2c57d58c8,9e3bcf30-4be4-4c56-8e2e-4659be7e6b00,2.414
4,2,33299859-df04-4ad0-9de6-e0c2c57d58c8,9f724315-6866-4cb4-929f-2f2207523728,2.137
4,2,33299859-df04-4ad0-9de6-e0c2c57d58c8,a1106f3c-ccb8-48e5-aeb2-7ccb27bd59c9,1.582
4,2,33299859-df04-4ad0-9de6-e0c2c57d58c8,a2ea2252-b468-48a9-bbfb-1557094f950a,1.702
4,2,33299859-df04-4ad0-9de6-e0c2c57d58c8,a44af504-e93b-4af8-88a4-0a1d930baac7,1.622
4,2,33299859-df04-4ad0-9de6-e0c2c57d58c8,a573f647-3503-4af8-89a8-875be01d530b,1.014
4,2,33299859-df04-4ad0-9de6-e0c2c57d58c8,a6cd386e-584e-4d6b-84f0-477a6d4909ea,1.168
4,2,33299859-df04-4ad0-9de6-e0c2c57d58c8,a8b58fbd-dd8a-45c6-9cfa-8ca2e2035a7f,1.398
4,2,33299859-df04-4ad0-9de6-e0c2c57d58c8,a9474d83-21e1-4da0-9233-ab416aa69bae,1.667
4,2,33299859-df04-4ad0-9de6-e0c2c57d58c8,a98c2b8b-b7b4-4d47-9a31-9351eb69db89,1.946
4,2,33299859-df04-4ad0-9de6-e0c2c57d58c8,ac08164c-1a65-494b-bcc9-a026e560d72c,2.076
4,2,33299859-df04-4ad0-9de6-e0c2c57d58c8,aebfe676-12fe-489f-b2d5-06b029e67f1e,2.115
4,2,33299859-df04-4ad0-9de6-e0c2c57d58c8,b171ecc0-d8c3-4d51-8d37-376b0fd4a1c5,5.336
4,2,33299859-df04-4ad0-9de6-e0c2c57d58c8,b2c0a001-0937-4655-9df8-f5c1119ac2a5,4.364
4,2,33299859-df04-4ad0-9de6-e0c2c57d58c8,b31dfd81-9469-4083-a9ea-470f68d9f457,4.791
4,2,33299859-df04-4ad0-9de6-e0c2c57d58c8,b4152fee-51b2-4bb2-a0c8-a2e950ddde5b,3.928
4,2,33299859-df04-4ad0-9de6-e0c2c57d58c8,b5eeae8d-e079-43af-8c85-896f32171f8d,1.81
4,2,33299859-df04-4ad0-9de6-e0c2c57d58c8,b803d17e-1244-4c4a-b76a-4db7a0a71f4a,1.532
4,2,33299859-df04-4ad0-9de6-e0c2c57d58c8,b988429c-79e2-4e15-a742-7021f04649f6,1.16
4,2,33299859-df04-4ad0-9de6-e0c2c57d58c8,bb43bde3-fa0d-438c-bc99-4b5dc24601a1,1.169
4,2,33299859-df04-4ad0-9de6-e0c2c57d58c8,bc0e13bd-38ae-40f9-8d1c-35b64e64c4c3,1.382
4,2,33299859-df04-4ad0-9de6-e0c2c57d58c8,bddadda9-bba5-434c-8109-2f34fd3e3d01,1.233
4,2,33299859-df04-4ad0-9de6-e0c2c57d58c8,c04015e1-749c-41d1-844d-a165b0bdae39,1.644
4,2,33299859-df04-4ad0-9de6-e0c2c57d58c8,c279dda9-0ad1-4c71-8601-ca480f2e69df,2.058
4,2,33299859-df04-4ad0-9de6-e0c2c57d58c8,c496b00e-d086-491c-95b1-b1cd483e9040,3.459
4,2,33299859-df04-4ad0-9de6-e0c2c57d58c8,c58e405b-f375-4c11-9506-3c7aa10adb9a,1.98
4,2,33299859-df04-4ad0-9de6-e0c2c57d58c8,c6e17212-4487-4656-ada8-073bf6e6c17b,2.051
4,2,33299859-df04-4ad0-9de6-e0c2c57d58c8,c8577e2a-1ccf-4fd0-ba79-c627378a59e6,1.433
4,2,33299859-df04-4ad0-9de6-e0c2c57d58c8,ca63c4bb-1a45-48ae-a80d-ae8c2e3d2021,1.159
4,2,33299859-df04-4ad0-9de6-e0c2c57d58c8,cafc1719-4eb5-44ca-bac4-01da802d9857,0.931
4,2,33299859-df04-4ad0-9de6-e0c2c57d58c8,cc463d6c-1a8c-4cf5-b33b-9cbdc21e6b70,0.989
4,2,33299859-df04-4ad0-9de6-e0c2c57d58c8,cd699482-73fe-46d6-bca0-a442cb0561a1,0.92
4,2,33299859-df04-4ad0-9de6-e0c2c57d58c8,d0471ada-c947-4c76-afba-34073355dd06,0.864
4,2,33299859-df04-4ad0-9de6-e0c2c57d58c8,d1eb46ba-3473-431e-933d-e8ef8be8929c,1.035
4,2,33299859-df04-4ad0-9de6-e0c2c57d58c8,d33e6fd5-60f6-4e43-92f4-bc604fa391d8,0.975
4,2,33299859-df04-4ad0-9de6-e0c2c57d58c8,d39a520d-e887-42d9-98b4-19750dc28098,1.21
4,2,33299859-df04-4ad0-9de6-e0c2c57d58c8,d4d46a9c-7546-4d4c-8b91-6f13bfa864b1,1.311
4,2,33299859-df04-4ad0-9de6-e0c2c57d58c8,d5f324e6-3ddd-46ce-995a-f28f732ff080,1.503
4,2,33299859-df04-4ad0-9de6-e0c2c57d58c8,d67a02b5-ca5e-4e7a-b5a5-00cdb773c7d3,2.921
4,2,33299859-df04-4ad0-9de6-e0c2c57d58c8,d86b2c8e-5b94-40d5-8840-d713dba31c0a,1.165
4,2,33299859-df04-4ad0-9de6-e0c2c57d58c8,d950cb10-d766-458e-bda5-a520fe04c765,1.711
4,2,33299859-df04-4ad0-9de6-e0c2c57d58c8,dcb1e32b-7c3a-4950-b344-6056d628e8de,1.327
4,2,33299859-df04-4ad0-9de6-e0c2c57d58c8,ddb8c62a-cc3a-4c6e-96d5-745709c45cd5,1.175
4,2,33299859-df04-4ad0-9de6-e0c2c57d58c8,de862cc0-eb06-4093-814e-61d3bccf5b17,1.439
4,2,33299859-df04-4ad0-9de6-e0c2c57d58c8,e0081e13-a0b5-4dd1-b7f6-b287673cf91d,1.461
4,2,33299859-df04-4ad0-9de6-e0c2c57d58c8,e1dd9ed9-9cc3-4681-9c95-662a4b895375,1.306
4,2,33299859-df04-4ad0-9de6-e0c2c57d58c8,e2241bf5-5940-43aa-b201-b16148a9fcc8,1.961
4,2,33299859-df04-4ad0-9de6-e0c2c57d58c8,e40faa6e-d571-427d-8fb6-cdb81d768f20,1.602
4,2,33299859-df04-4ad0-9de6-e0c2c57d58c8,e7388b0f-c4bb-40fb-8239-708fad3e44ef,1.568
4,2,33299859-df04-4ad0-9de6-e0c2c57d58c8,ea0076e9-c548-4912-a6b0-732eb44cf7a7,1.472
4,2,33299859-df04-4ad0-9de6-e0c2c57d58c8,ea843a30-77ba-4782-b22b-ab3cab581cec,2.779
4,2,33299859-df04-4ad0-9de6-e0c2c57d58c8,ebbae00d-6bec-4c82-9c08-371f36d20240,3.173
4,2,33299859-df04-4ad0-9de6-e0c2c57d58c8,ece2b943-d635-4845-8020-9d7ce2b6a72f,5.41
4,2,33299859-df04-4ad0-9de6-e0c2c57d58c8,f1c0841f-adfc-44d6-9ae1-e529fc165c98,2.191
4,2,33299859-df04-4ad0-9de6-e0c2c57d58c8,f21cc338-9ac7-493e-9c2c-580aba4319e0,3.03
4,2,33299859-df04-4ad0-9de6-e0c2c57d58c8,f470ca49-9b15-4917-ac89-852e792c080e,1.378
4,2,33299859-df04-4ad0-9de6-e0c2c57d58c8,f5abb9db-f68c-478c-9a06-a4d708192551,1.305
4,2,33299859-df04-4ad0-9de6-e0c2c57d58c8,f7d5b279-2188-44c5-ad68-7788db68bff5,1.077
4,2,33299859-df04-4ad0-9de6-e0c2c57d58c8,f8276428-a530-440d-80de-21262f796591,1.105
4,2,33299859-df04-4ad0-9de6-e0c2c57d58c8,f9b1bb99-8966-4776-9a29-1d0b442a7d60,1.302
4,2,33299859-df04-4ad0-9de6-e0c2c57d58c8,fc6322a0-410c-4265-88ce-db6b63331198,2.3
4,2,33299859-df04-4ad0-9de6-e0c2c57d58c8,feb178c0-048d-429f-bb34-e2a7086c600f,1.381
4,2,33299859-df04-4ad0-9de6-e0c2c57d58c8,ffbcd568-3575-4ef1-a59d-b55948a6597c,2.584
4,2,33299859-df04-4ad0-9de6-e0c2c57d58c8,00bee41d-72fe-42a2-b376-0c33462d2d80,7.176
4,2,33299859-df04-4ad0-9de6-e0c2c57d58c8,01e8d9fc-d37e-4c61-b75b-f6b839a53064,5.167
4,2,33299859-df04-4ad0-9de6-e0c2c57d58c8,023ec300-a95e-42c2-b086-f882f831a183,6.316
4,2,33299859-df04-4ad0-9de6-e0c2c57d58c8,05c219f0-6835-4a92-bae0-50fb5eaa0c72,3.175
4,2,33299859-df04-4ad0-9de6-e0c2c57d58c8,06dfa094-6830-4a7e-b615-c61d646c522b,4.505
4,2,33299859-df04-4ad0-9de6-e0c2c57d58c8,089857d4-66d6-4afc-9208-32ddbf2f565a,1.572
4,2,33299859-df04-4ad0-9de6-e0c2c57d58c8,09c2bd6d-5067-4df0-aecc-3fecd0fd3ac5,1.285
4,2,33299859-df04-4ad0-9de6-e0c2c57d58c8,0a7d19c3-8a6e-4048-ac68-b0e35c7d1c61,1.292
4,2,33299859-df04-4ad0-9de6-e0c2c57d58c8,0d012d65-fcbd-4436-9138-bedaf996a83d,1.288
4,2,33299859-df04-4ad0-9de6-e0c2c57d58c8,0d507a71-559d-44b1-927d-d3006e99b2f7,1.391
4,2,33299859-df04-4ad0-9de6-e0c2c57d58c8,1102efdd-e3d6-4206-bc6a-561e1c3a8bf0,1.009
4,2,33299859-df04-4ad0-9de6-e0c2c57d58c8,13058cbf-5fab-4c0b-aecb-9b825d286995,2.761
4,2,33299859-df04-4ad0-9de6-e0c2c57d58c8,146a79fe-746c-4533-b691-c7089183124e,3.865
4,2,33299859-df04-4ad0-9de6-e0c2c57d58c8,173246dc-8ff9-4b63-a659-6013f65e854a,4.44
4,2,33299859-df04-4ad0-9de6-e0c2c57d58c8,1779831d-b25c-4a41-8d40-d0ec9dd0df4d,3.618
4,2,33299859-df04-4ad0-9de6-e0c2c57d58c8,1a8a0e14-81e3-4ee9-bf96-86a1b4a1f2eb,3.363
4,2,33299859-df04-4ad0-9de6-e0c2c57d58c8,1bcd3087-b31a-41cd-a476-d2e7ab55490c,2.011
4,2,33299859-df04-4ad0-9de6-e0c2c57d58c8,1e82fcd8-0a78-4cd5-a179-8b211dc84a87,2.072
4,2,33299859-df04-4ad0-9de6-e0c2c57d58c8,20f6e5bc-9a1c-4ea2-a013-cb9d72fc7445,2.094
4,2,33299859-df04-4ad0-9de6-e0c2c57d58c8,22082fe1-bcb2-4c64-9166-a81b704b1922,1.742
4,2,33299859-df04-4ad0-9de6-e0c2c57d58c8,242615e3-4d45-4c31-9c5a-87f21a60514f,2.215
4,2,33299859-df04-4ad0-9de6-e0c2c57d58c8,28349392-eca9-4f4b-9e61-1914eeadd75b,2.323
4,2,33299859-df04-4ad0-9de6-e0c2c57d58c8,2b42a50c-f396-46b6-b2ed-df4f0bcbbad9,2.641
4,2,33299859-df04-4ad0-9de6-e0c2c57d58c8,2c2bbba2-7c33-4017-8528-16efdaaaee3a,2.487
4,2,33299859-df04-4ad0-9de6-e0c2c57d58c8,2eddc281-9091-459d-a29b-625c15669b88,3.102
4,2,33299859-df04-4ad0-9de6-e0c2c57d58c8,30f53f50-db31-4ba5-aca0-c3ead953a2e1,3.641
4,2,33299859-df04-4ad0-9de6-e0c2c57d58c8,3295fd62-efce-45a3-8b66-4b0b69c0e644,4.08
4,2,33299859-df04-4ad0-9de6-e0c2c57d58c8,33623ccf-6da0-43bf-863b-3212c4458336,2.933
4,2,33299859-df04-4ad0-9de6-e0c2c57d58c8,35026236-ffd9-4908-b1f9-848dc0f2874b,2.675
4,2,33299859-df04-4ad0-9de6-e0c2c57d58c8,3605cb4b-98c2-4abb-b7b1-b826976cee00,1.68
4,2,33299859-df04-4ad0-9de6-e0c2c57d58c8,382531ef-60ae-4499-ac13-b4154697ae30,1.784
4,2,33299859-df04-4ad0-9de6-e0c2c57d58c8,3adf7ee0-5239-4b58-aced-4f3945ecbdb5,2.024
4,2,33299859-df04-4ad0-9de6-e0c2c57d58c8,3b4b00c2-f558-4f9d-b7c3-2327593294c3,1.729
4,2,33299859-df04-4ad0-9de6-e0c2c57d58c8,3d21b9ac-47ae-42e1-b07f-6b8a3133b9cb,2.54
4,2,33299859-df04-4ad0-9de6-e0c2c57d58c8,3fbc2ede-bf58-49d7-8cee-93a010077664,1.825
4,2,33299859-df04-4ad0-9de6-e0c2c57d58c8,3ffabfaf-9f42-446b-a637-1b1c061a100f,1.942
4,2,33299859-df04-4ad0-9de6-e0c2c57d58c8,42130d15-5fae-48b1-aca1-21dacdda3d1f,3.458
4,2,33299859-df04-4ad0-9de6-e0c2c57d58c8,43d49f52-5864-45cb-9917-5af2ae725177,3.594
4,2,33299859-df04-4ad0-9de6-e0c2c57d58c8,46522bf3-8856-45d5-bc5d-6b7d2d80116e,4.772
4,2,33299859-df04-4ad0-9de6-e0c2c57d58c8,46bba891-7e00-4872-9cc7-ca262e9d4aad,2.488
4,2,33299859-df04-4ad0-9de6-e0c2c57d58c8,48512d07-63f2-4ced-8bb3-429902a981d2,1.356
4,2,33299859-df04-4ad0-9de6-e0c2c57d58c8,49641be5-ea4f-4085-a62c-743b7bf213b4,1.279
4,2,33299859-df04-4ad0-9de6-e0c2c57d58c8,4a936e8b-3b01-422b-8a6f-09135bdfb91c,1.717
4,2,33299859-df04-4ad0-9de6-e0c2c57d58c8,4bd08820-dba5-493c-bdec-2ee920dcd153,1.308
4,2,33299859-df04-4ad0-9de6-e0c2c57d58c8,4bebb4c5-025f-404d-90bf-f248e31ddaa8,1.111
4,2,33299859-df04-4ad0-9de6-e0c2c57d58c8,4f1de96e-3c3e-4741-9ba9-76cc908c77ef,1.214
4,2,33299859-df04-4ad0-9de6-e0c2c57d58c8,4fa50413-506c-4880-89d4-8acd158c81d4,1.162
4,2,33299859-df04-4ad0-9de6-e0c2c57d58c8,51c53229-88f1-4d43-a0d7-231e0701ecee,1.225
4,2,33299859-df04-4ad0-9de6-e0c2c57d58c8,535fc799-516e-47cb-a908-42b56e0cc40b,1.247
4,2,33299859-df04-4ad0-9de6-e0c2c57d58c8,589dc307-e05d-4d39-bab1-2e9cb6e1ff0e,1.494
4,2,33299859-df04-4ad0-9de6-e0c2c57d58c8,591a5256-abfe-4edd-8cb8-ecf6a1d98981,1.789
4,2,33299859-df04-4ad0-9de6-e0c2c57d58c8,59f606ab-1b19-42e6-9245-9ddfe981c7de,1.848
4,2,33299859-df04-4ad0-9de6-e0c2c57d58c8,5adcd248-69c4-4c8e-921c-08c21122a51c,1.919
4,2,33299859-df04-4ad0-9de6-e0c2c57d58c8,5e9fe888-9123-4f00-84b1-9a3532d2b498,1.659
4,2,33299859-df04-4ad0-9de6-e0c2c57d58c8,60961efb-9f09-42af-89be-fc4601fae970,1.351
4,2,33299859-df04-4ad0-9de6-e0c2c57d58c8,6101f7b6-75b3-40eb-bb52-328d94870d9f,1.335
4,2,33299859-df04-4ad0-9de6-e0c2c57d58c8,62319551-dee0-42a9-87c1-fb77dbdf399e,1.376
4,2,33299859-df04-4ad0-9de6-e0c2c57d58c8,62f19234-0ab2-49ae-afb6-f3c9cbfb7019,1.57
4,2,33299859-df04-4ad0-9de6-e0c2c57d58c8,6509b09d-334d-42c6-ba63-80a0a2a31311,3.024
4,2,33299859-df04-4ad0-9de6-e0c2c57d58c8,66564487-4d81-4fa5-af73-1b12e123dc86,1.788
4,2,33299859-df04-4ad0-9de6-e0c2c57d58c8,66e9c195-86bb-4805-9f06-dbf3f3065050,1.626
4,2,33299859-df04-4ad0-9de6-e0c2c57d58c8,6a972742-b6a4-45d0-b323-5f5afd7ab331,2.24
4,2,33299859-df04-4ad0-9de6-e0c2c57d58c8,6bfdabc3-aa00-4669-9859-00aa03e84953,1.356
4,2,33299859-df04-4ad0-9de6-e0c2c57d58c8,70461f05-95d7-4734-a558-82a293f6d922,3.342
4,2,33299859-df04-4ad0-9de6-e0c2c57d58c8,7160cb86-a39e-4a9f-82cf-f4b3bd85c01d,2.733
4,2,33299859-df04-4ad0-9de6-e0c2c57d58c8,73e76598-d10e-4772-aea5-d7fefe84f617,1.842
4,2,33299859-df04-4ad0-9de6-e0c2c57d58c8,7549eacb-8f18-4527-b2e6-58d5336f7328,1.258
4,2,33299859-df04-4ad0-9de6-e0c2c57d58c8,77e89de6-4d71-481f-8154-13c2da818ae4,2.295
4,2,33299859-df04-4ad0-9de6-e0c2c57d58c8,7a513365-1ec4-4cf5-89c3-d12a8dd065cf,1.3
4,2,33299859-df04-4ad0-9de6-e0c2c57d58c8,7ccd76f7-75c4-4ba1-b49e-d5d18f8dd5ef,1.438
4,2,33299859-df04-4ad0-9de6-e0c2c57d58c8,7fcbec74-9659-4b9f-8bee-ee28c5e94616,4.961
4,2,33299859-df04-4ad0-9de6-e0c2c57d58c8,824f6064-7745-4b22-a308-01ef51797c63,1.976
4,2,33299859-df04-4ad0-9de6-e0c2c57d58c8,82cc225c-5248-4228-8032-ba242fe9db06,2.259
4,2,33299859-df04-4ad0-9de6-e0c2c57d58c8,888505b6-aeaf-4e2b-a026-c373f2fc0813,2.604
4,2,33299859-df04-4ad0-9de6-e0c2c57d58c8,8a125a9e-329f-4206-9ebe-5fe986ba65fd,5.692
4,2,33299859-df04-4ad0-9de6-e0c2c57d58c8,8ad74831-2c4f-49be-80c2-017ec8d6d277,3.87
4,2,33299859-df04-4ad0-9de6-e0c2c57d58c8,8bb93860-804b-4dbb-916e-7714319fba38,4.126
4,2,33299859-df04-4ad0-9de6-e0c2c57d58c8,8d51acb0-d1bf-4658-9931-17ee03a23f8e,8.112
4,2,33299859-df04-4ad0-9de6-e0c2c57d58c8,8e9b1d28-dca5-4f6e-b93f-3ccde568c23f,1.417
4,2,33299859-df04-4ad0-9de6-e0c2c57d58c8,8fcd07b6-650c-4ac1-83a2-709114352b66,1.841
4,2,33299859-df04-4ad0-9de6-e0c2c57d58c8,91a901cb-d1ad-4337-a7fa-9c27e96534ee,1.303
4,2,33299859-df04-4ad0-9de6-e0c2c57d58c8,9238f398-671f-4113-a7aa-d3c89c92209d,1.343
4,2,33299859-df04-4ad0-9de6-e0c2c57d58c8,943d470a-0285-4a7e-8970-f5ae45bbdbee,1.683
4,2,33299859-df04-4ad0-9de6-e0c2c57d58c8,97af09f7-6d43-4ffa-beb4-b5f152a07a5b,2.171
4,2,33299859-df04-4ad0-9de6-e0c2c57d58c8,982f0416-9eba-400e-8fc1-12f050c6b27f,1.966
4,2,33299859-df04-4ad0-9de6-e0c2c57d58c8,98add052-a49c-480a-bddb-1e6e37dcf88e,2.056
4,2,33299859-df04-4ad0-9de6-e0c2c57d58c8,9a56c0d0-129a-4e4b-88e3-96451d2bf0c5,3.914
4,2,33299859-df04-4ad0-9de6-e0c2c57d58c8,9dfbf814-58b6-4f6d-961f-d785716b5d04,3.349
4,2,33299859-df04-4ad0-9de6-e0c2c57d58c8,9f29806c-6fbd-4fb3-85de-7f7d08b8744c,2.137
4,2,33299859-df04-4ad0-9de6-e0c2c57d58c8,a06ee713-4dee-4416-a5b2-b1dccf8e2185,1.83
4,2,33299859-df04-4ad0-9de6-e0c2c57d58c8,a2d054b2-853e-4ffa-9a2c-a072bd676d21,1.803
4,2,33299859-df04-4ad0-9de6-e0c2c57d58c8,a41baf8a-01e0-4d31-bce4-7074b4ab17fe,1.219
4,2,33299859-df04-4ad0-9de6-e0c2c57d58c8,a6963aa8-10a9-4ac2-8b67-60b7db45dd6b,1.325
4,2,33299859-df04-4ad0-9de6-e0c2c57d58c8,a6f33160-4549-45a5-8d1e-df8008ffac90,1.299
4,2,33299859-df04-4ad0-9de6-e0c2c57d58c8,a6f56ca9-e305-451a-950f-b8f26ed28e24,1.463
4,2,33299859-df04-4ad0-9de6-e0c2c57d58c8,a8ed1e5d-0e46-4f71-a34a-43b9cac91832,1.655
4,2,33299859-df04-4ad0-9de6-e0c2c57d58c8,aa3cd470-d8ae-460e-b703-dfd57fb3e686,2.14
4,2,33299859-df04-4ad0-9de6-e0c2c57d58c8,ac037200-38a7-4076-afa8-17336064590e,1.891
4,2,33299859-df04-4ad0-9de6-e0c2c57d58c8,b02ed00c-eee2-4fda-a032-c80a5ae08063,2.761
4,2,33299859-df04-4ad0-9de6-e0c2c57d58c8,b0573137-c937-4ea8-a71c-9e8097ee3e81,4.781
4,2,33299859-df04-4ad0-9de6-e0c2c57d58c8,b1bc5e43-64c3-41e0-99a9-2f559ba0307a,4.154
4,2,33299859-df04-4ad0-9de6-e0c2c57d58c8,b40877b9-91eb-4df8-acef-b20f44b40e95,3.425
4,2,33299859-df04-4ad0-9de6-e0c2c57d58c8,b487e1b9-fa3c-48bb-912d-7697097b34c9,3.073
4,2,33299859-df04-4ad0-9de6-e0c2c57d58c8,b6d27677-8d36-4e9f-aa0d-1d48b5cfc87e,1.602
4,2,33299859-df04-4ad0-9de6-e0c2c57d58c8,b85c79c2-e18d-4326-b432-e2ee02c63b65,1.625
4,2,33299859-df04-4ad0-9de6-e0c2c57d58c8,ba32c7b1-a70f-4e02-ae65-8aa025157647,1.052
4,2,33299859-df04-4ad0-9de6-e0c2c57d58c8,bb818357-c20c-4b6d-b35f-31f1d1f4aa19,0.9
4,2,33299859-df04-4ad0-9de6-e0c2c57d58c8,bc9ec4aa-d18d-49b2-8d87-3ea192ba6eb3,1.474
4,2,33299859-df04-4ad0-9de6-e0c2c57d58c8,bdfbb806-eff6-433c-a21d-a2e179f81da8,1.107
4,2,33299859-df04-4ad0-9de6-e0c2c57d58c8,c0b22248-4c31-4f18-84c8-2496ff18d16a,1.602
4,2,33299859-df04-4ad0-9de6-e0c2c57d58c8,c1fd06c1-cf7d-4bc0-8c21-190ff1f796f1,2.056
4,2,33299859-df04-4ad0-9de6-e0c2c57d58c8,c384f9d4-24e7-4134-a126-86ec94d47bdb,3.12
4,2,33299859-df04-4ad0-9de6-e0c2c57d58c8,c4a03abc-5f11-4ee9-8b52-ecd9e051faf4,2.044
4,2,33299859-df04-4ad0-9de6-e0c2c57d58c8,c6af90a7-485c-4ea2-bc72-4fe3f4cc7ec4,1.55
4,2,33299859-df04-4ad0-9de6-e0c2c57d58c8,c79788cf-4f09-4ffc-a59c-64dd67d1910d,1.215
4,2,33299859-df04-4ad0-9de6-e0c2c57d58c8,c8f3b566-cea0-4416-a475-7f51641a88ca,1.272
4,2,33299859-df04-4ad0-9de6-e0c2c57d58c8,ca8dfa14-9e8e-4f3e-93cf-85bb3f3e80d1,1.135
4,2,33299859-df04-4ad0-9de6-e0c2c57d58c8,cbe909f1-dce1-406b-81a2-c834f6658c87,1.011
4,2,33299859-df04-4ad0-9de6-e0c2c57d58c8,cdc1061a-a276-4c0d-a7eb-94f70f854b86,0.923
4,2,33299859-df04-4ad0-9de6-e0c2c57d58c8,cfc0d33e-442c-4516-b34d-60ea8a176a6a,0.878
4,2,33299859-df04-4ad0-9de6-e0c2c57d58c8,d22014c8-d8e7-4b77-b4bb-5d8f32aebf08,1.02
4,2,33299859-df04-4ad0-9de6-e0c2c57d58c8,d2c971d0-1776-4b6f-b8e2-68232c88eeb2,1.011
4,2,33299859-df04-4ad0-9de6-e0c2c57d58c8,d3c2ea57-4f17-4029-aa57-88a8e3389b5e,0.992
4,2,33299859-df04-4ad0-9de6-e0c2c57d58c8,d5582d35-da94-4a37-baac-4eabce9871a3,1.278
4,2,33299859-df04-4ad0-9de6-e0c2c57d58c8,d5db9979-22e3-4d55-b6dd-11dc97013063,1.523
4,2,33299859-df04-4ad0-9de6-e0c2c57d58c8,d802da66-be7b-46b7-95ee-197398ac7a86,2.525
4,2,33299859-df04-4ad0-9de6-e0c2c57d58c8,d881ff9c-d6bc-458f-9481-c7f574c984e5,1.707
4,2,33299859-df04-4ad0-9de6-e0c2c57d58c8,dac743f3-ef24-4b1c-a3f7-e55bef9b261c,1.449
4,2,33299859-df04-4ad0-9de6-e0c2c57d58c8,dc78ec81-94f1-4116-80a5-655137682a48,1.568
4,2,33299859-df04-4ad0-9de6-e0c2c57d58c8,de38d04b-f4f5-488b-8794-b8255a3ca483,1.233
4,2,33299859-df04-4ad0-9de6-e0c2c57d58c8,df7d63a2-6901-4308-9f54-c7fd1126a50d,1.155
4,2,33299859-df04-4ad0-9de6-e0c2c57d58c8,df7d89fa-6b7c-4775-bba8-4fd4b79925f7,1.282
4,2,33299859-df04-4ad0-9de6-e0c2c57d58c8,e082fe65-f91b-42d0-bf15-2c270910eb85,1.202
4,2,33299859-df04-4ad0-9de6-e0c2c57d58c8,e22393f2-4eb5-4b5f-a492-f0614f41a689,1.611
4,2,33299859-df04-4ad0-9de6-e0c2c57d58c8,e482cf25-9b1d-44b0-b398-59b6622db72d,1.463
4,2,33299859-df04-4ad0-9de6-e0c2c57d58c8,e6bb22b7-03e5-43f3-802a-c595a0518f2e,1.719
4,2,33299859-df04-4ad0-9de6-e0c2c57d58c8,e8893236-538f-46d2-8ed3-fcdcbf089351,1.631
4,2,33299859-df04-4ad0-9de6-e0c2c57d58c8,ea373d93-3d56-49e7-aadb-9a83d6279757,3.184
4,2,33299859-df04-4ad0-9de6-e0c2c57d58c8,eb88fd0a-f343-4b04-b70e-6a02429b5a39,3.075
4,2,33299859-df04-4ad0-9de6-e0c2c57d58c8,ec102397-ce40-43b6-87f4-d8a467fe80bb,5.3
4,2,33299859-df04-4ad0-9de6-e0c2c57d58c8,eea80f9b-f31a-45c9-90cd-8bb96453e4fb,2.95
4,2,33299859-df04-4ad0-9de6-e0c2c57d58c8,f1c0ddf4-30b3-43fc-81ae-8ced7375144b,2.648
4,2,33299859-df04-4ad0-9de6-e0c2c57d58c8,f3161817-c3d5-4f27-9b4b-246f0b4874fe,1.277
4,2,33299859-df04-4ad0-9de6-e0c2c57d58c8,f4ee42b1-22f2-4d4d-9583-8b43ce57eadd,1.213
4,2,33299859-df04-4ad0-9de6-e0c2c57d58c8,f647a73a-2ebe-4d76-a313-1c187115f8b6,1.149
4,2,33299859-df04-4ad0-9de6-e0c2c57d58c8,f8277d4a-7336-420a-81d6-0abdb3604b36,1.297
4,2,33299859-df04-4ad0-9de6-e0c2c57d58c8,fa92174a-5272-4a1b-b8f2-ad36b66d1678,1.531
4,2,33299859-df04-4ad0-9de6-e0c2c57d58c8,fc3afd8d-17eb-46bc-8173-b0effe4271ef,2.033
4,2,33299859-df04-4ad0-9de6-e0c2c57d58c8,fde40e58-233f-4024-906b-e6cd30d67a72,1.827
4,2,33299859-df04-4ad0-9de6-e0c2c57d58c8,ff518c38-8aed-457e-9958-d6950b9ff19c,2.82
4,3,567f1466-885c-451e-933c-f525a4e53f83,01461344-f2c6-4aed-a179-452a1d81a91b,3.171
4,3,567f1466-885c-451e-933c-f525a4e53f83,02ea6232-7bbf-414d-b21e-d3f7bc5dda65,4.835
4,3,567f1466-885c-451e-933c-f525a4e53f83,04078f87-637c-4ff5-8673-122e90f5da96,1.925
4,3,567f1466-885c-451e-933c-f525a4e53f83,0679d83a-676b-4916-94f6-d15c19f0ca21,1.908
4,3,567f1466-885c-451e-933c-f525a4e53f83,07992ddc-c738-494a-9d55-3a2969207695,1.84
4,3,567f1466-885c-451e-933c-f525a4e53f83,0a79cd06-3247-4a24-8526-e2ec9beba3a8,1.847
4,3,567f1466-885c-451e-933c-f525a4e53f83,0d24e2a1-4d9d-4953-82ba-53d94d8fc765,2.021
4,3,567f1466-885c-451e-933c-f525a4e53f83,0e5d9a8d-bee1-46dc-9253-7b9832c8e25b,2.071
4,3,567f1466-885c-451e-933c-f525a4e53f83,1037a3a1-8eff-4c00-b678-ef5f4edbacff,2.206
4,3,567f1466-885c-451e-933c-f525a4e53f83,124e1fd2-ed62-46c6-9a73-f4686a5aad76,1.894
4,3,567f1466-885c-451e-933c-f525a4e53f83,1439ed63-f23d-4936-86af-808c08f6bd17,1.308
4,3,567f1466-885c-451e-933c-f525a4e53f83,1578a479-9d53-4be2-ab83-c2740263c952,1.496
4,3,567f1466-885c-451e-933c-f525a4e53f83,188a5790-19a0-4372-84ff-3829c4713ead,1.569
4,3,567f1466-885c-451e-933c-f525a4e53f83,18c1f7ef-0cce-4619-83b0-6aa3fdd0ea09,1.775
4,3,567f1466-885c-451e-933c-f525a4e53f83,1a90865d-8be2-49fa-aaa5-0dece10be688,2.275
4,3,567f1466-885c-451e-933c-f525a4e53f83,1bd887da-5e92-4466-8f57-6bf540766124,1.626
4,3,567f1466-885c-451e-933c-f525a4e53f83,1f2f4551-2059-44fe-b239-55bed6d7b8f4,5.394
4,3,567f1466-885c-451e-933c-f525a4e53f83,202b730e-12d4-44b0-a7c5-1aaab94fd52b,1.56
4,3,567f1466-885c-451e-933c-f525a4e53f83,22b88080-cbca-489a-a177-3b16899308d5,1.489
4,3,567f1466-885c-451e-933c-f525a4e53f83,23fd0490-f1f2-4f76-9616-dd8fa084898a,1.687
4,3,567f1466-885c-451e-933c-f525a4e53f83,26a57d62-d4fa-48dd-8766-3e27a90c3f97,1.922
4,3,567f1466-885c-451e-933c-f525a4e53f83,283a34a8-b78b-4e75-b468-14865fe72828,2.414
4,3,567f1466-885c-451e-933c-f525a4e53f83,29654754-2e96-41ae-839f-9eb97d55fd8b,2.482
4,3,567f1466-885c-451e-933c-f525a4e53f83,2c3434ed-4da9-4695-9ca6-53fc8a1a9952,2.332
4,3,567f1466-885c-451e-933c-f525a4e53f83,2e994f4f-84b9-44e5-b06c-1879a880b3a6,3.434
4,3,567f1466-885c-451e-933c-f525a4e53f83,2f7568d2-5e04-4536-8d98-170a1393caed,5.674
4,3,567f1466-885c-451e-933c-f525a4e53f83,334e9fa8-aadb-4c75-8d76-5b3dfb27632c,5.098
4,3,567f1466-885c-451e-933c-f525a4e53f83,34ee6df7-d45e-40f8-9efb-9c2116f9862e,4.114
4,3,567f1466-885c-451e-933c-f525a4e53f83,368cbca2-4c43-468d-8c08-3366ea0a6f66,1.767
4,3,567f1466-885c-451e-933c-f525a4e53f83,3727e3bf-f592-439a-9427-3f71b6f949b9,1.371
4,3,567f1466-885c-451e-933c-f525a4e53f83,39ff4273-c74c-456e-b519-5155b1f9f879,1.413
4,3,567f1466-885c-451e-933c-f525a4e53f83,3b9c3c6a-436a-4106-8b67-80ef0c79a675,1.649
4,3,567f1466-885c-451e-933c-f525a4e53f83,3f046125-8473-45f7-8440-f0f89ea259e8,1.935
4,3,567f1466-885c-451e-933c-f525a4e53f83,40280627-f19d-47f5-9539-c6c6d58c90d9,2.489
4,3,567f1466-885c-451e-933c-f525a4e53f83,42d0dead-b477-4464-bb84-7eb6464cce88,2.443
4,3,567f1466-885c-451e-933c-f525a4e53f83,4630caeb-4f97-44e9-9cb3-1b8f8af07fd6,4.192
4,3,567f1466-885c-451e-933c-f525a4e53f83,48b79a13-1147-482c-b602-af02726969e8,3.646
4,3,567f1466-885c-451e-933c-f525a4e53f83,48ee40bd-e9f8-450f-a0e5-e71dc9c663db,3.372
4,3,567f1466-885c-451e-933c-f525a4e53f83,4be7b2a5-f98d-4a20-8f4c-03d260ba1f4a,4.55
4,3,567f1466-885c-451e-933c-f525a4e53f83,4cf12bf8-ec8e-46d5-804b-c9b52fbf3434,2.909
4,3,567f1466-885c-451e-933c-f525a4e53f83,504796c7-17b9-4e2e-876c-bfb85b5c1602,2.054
4,3,567f1466-885c-451e-933c-f525a4e53f83,50e0d469-782e-4c19-8dc0-541e95ee74a9,1.577
4,3,567f1466-885c-451e-933c-f525a4e53f83,525b7cba-6fbe-4a64-bd46-0b7908c32b35,1.595
4,3,567f1466-885c-451e-933c-f525a4e53f83,52b68715-932e-4455-88dc-34103ab511cb,1.782
4,3,567f1466-885c-451e-933c-f525a4e53f83,52f3c320-02b5-4ad2-97e7-9a766fd38d24,1.657
4,3,567f1466-885c-451e-933c-f525a4e53f83,55ac0938-2fa1-4b5d-8dc0-97b338de6680,1.784
4,3,567f1466-885c-451e-933c-f525a4e53f83,564a6f86-d516-4b23-9f20-5ebecc022211,1.846
4,3,567f1466-885c-451e-933c-f525a4e53f83,56d817a7-6d5a-4df1-a155-16a455f669c0,1.975
4,3,567f1466-885c-451e-933c-f525a4e53f83,57ae412a-6182-4967-b299-f63fa5c3d4d1,1.584
4,3,567f1466-885c-451e-933c-f525a4e53f83,5a51dc6e-f69d-42e5-a772-e3b4c88b66d3,1.839
4,3,567f1466-885c-451e-933c-f525a4e53f83,5ac13ef9-82c1-499f-bf90-e7eb6702bd9e,1.642
4,3,567f1466-885c-451e-933c-f525a4e53f83,5af28ddc-7186-479c-aeed-a372610c4937,1.174
4,3,567f1466-885c-451e-933c-f525a4e53f83,5c4d0cce-1494-4cbe-8a24-a3b91539fe22,1.205
4,3,567f1466-885c-451e-933c-f525a4e53f83,5cae5241-7e45-4cea-96b1-689ed613463b,1.088
4,3,567f1466-885c-451e-933c-f525a4e53f83,5d3ce1b5-4d9a-4df2-af92-c02ce97a16b5,0.946
4,3,567f1466-885c-451e-933c-f525a4e53f83,5fce3309-9fcc-4b78-b9c4-13ada306fab5,1.076
4,3,567f1466-885c-451e-933c-f525a4e53f83,637aa14b-f9b4-4a9e-aff1-a1c97b9356c5,1.082
4,3,567f1466-885c-451e-933c-f525a4e53f83,63d0e651-1526-4b7b-a503-e7e806f0ee31,1.362
4,3,567f1466-885c-451e-933c-f525a4e53f83,658eaf16-e5f3-4dcc-8d1f-d95b421adf15,1.338
4,3,567f1466-885c-451e-933c-f525a4e53f83,661d752d-fa97-4adf-85bd-a57a9bd51dc3,1.258
4,3,567f1466-885c-451e-933c-f525a4e53f83,6941596d-bcdd-435e-9bc3-f10c8730b347,1.766
4,3,567f1466-885c-451e-933c-f525a4e53f83,6a12a357-6bef-406c-ba32-039aa96c2ab7,1.715
4,3,567f1466-885c-451e-933c-f525a4e53f83,6adee6a9-f801-4b0c-a315-e81d82fc6708,2.062
4,3,567f1466-885c-451e-933c-f525a4e53f83,6bb0cc5d-5611-4c8c-a491-b12ddeb610ad,1.674
4,3,567f1466-885c-451e-933c-f525a4e53f83,6c51e365-c4fe-4a75-99cb-0d37acc09e4c,3.119
4,3,567f1466-885c-451e-933c-f525a4e53f83,6ef478e8-20ab-42b1-8d6f-533cfa2a3003,1.867
4,3,567f1466-885c-451e-933c-f525a4e53f83,6fe5eb04-0b91-4d09-be93-9a98fe2c3593,1.427
4,3,567f1466-885c-451e-933c-f525a4e53f83,71a6f80e-78d4-481e-bbbb-e4ed87779119,1.42
4,3,567f1466-885c-451e-933c-f525a4e53f83,73c5d36c-092b-46fb-9c83-9ac5c854441e,1.386
4,3,567f1466-885c-451e-933c-f525a4e53f83,7628a2f8-3a66-4eb5-a41d-e564cef24037,1.546
4,3,567f1466-885c-451e-933c-f525a4e53f83,769689fa-95e3-4f1d-a59b-d46a47faae00,1.898
4,3,567f1466-885c-451e-933c-f525a4e53f83,77a21d72-d8c8-4af0-aeff-0c02334611b6,2.102
4,3,567f1466-885c-451e-933c-f525a4e53f83,7b224041-7519-4171-9c6c-1167dd3a340f,3.186
4,3,567f1466-885c-451e-933c-f525a4e53f83,7c8597ca-a35a-4be3-8ec9-8dbe8b79c56a,4.102
4,3,567f1466-885c-451e-933c-f525a4e53f83,7dfd5956-c41b-49ef-84d5-323e720a8489,4.487
4,3,567f1466-885c-451e-933c-f525a4e53f83,7ee1653c-b385-465b-b20e-598ed5728e75,3.638
4,3,567f1466-885c-451e-933c-f525a4e53f83,81cc1b08-04ab-42aa-a0f8-47d0fe8f28d0,3.779
4,3,567f1466-885c-451e-933c-f525a4e53f83,83a3fee5-1a83-4e5a-b83e-c4b4ba0b2a2e,2.116
4,3,567f1466-885c-451e-933c-f525a4e53f83,84bc7b16-5b09-4d33-a96c-3f501c4cef62,1.929
4,3,567f1466-885c-451e-933c-f525a4e53f83,871928e5-4a6b-47ce-8e04-a948bc4e02d6,1.154
4,3,567f1466-885c-451e-933c-f525a4e53f83,888a3f97-4bec-4a8d-8e6a-8ade72a4be4c,1.355
4,3,567f1466-885c-451e-933c-f525a4e53f83,890e302d-fedc-402f-b0a7-3297ec655030,1.621
4,3,567f1466-885c-451e-933c-f525a4e53f83,8ad480a2-b145-40a3-b5a1-590f0cd21f64,1.485
4,3,567f1466-885c-451e-933c-f525a4e53f83,8c3c521f-1df7-40c8-ae6b-38e9967c4822,1.646
4,3,567f1466-885c-451e-933c-f525a4e53f83,8edbd447-59b4-42d2-8153-422a9a233ce4,1.908
4,3,567f1466-885c-451e-933c-f525a4e53f83,912e7133-92d3-4d57-b4b0-2a40f0e3ab56,1.965
4,3,567f1466-885c-451e-933c-f525a4e53f83,91b2b50a-2d3c-4278-8690-36ddaf633838,2.933
4,3,567f1466-885c-451e-933c-f525a4e53f83,92ca4502-06b7-4f70-a36c-145ea2fdf674,2.983
4,3,567f1466-885c-451e-933c-f525a4e53f83,94218688-63a2-4456-8207-fd49e24d0014,2.248
4,3,567f1466-885c-451e-933c-f525a4e53f83,95955fed-45fc-4d4c-acb3-ff4ab22b4732,2.328
4,3,567f1466-885c-451e-933c-f525a4e53f83,96aa07e1-91e0-4af3-8293-af1299498b4e,0.888
4,3,567f1466-885c-451e-933c-f525a4e53f83,97ec099e-50ad-4599-beb1-4abdb517a150,0.793
4,3,567f1466-885c-451e-933c-f525a4e53f83,9a3c60c1-2925-4b2c-9f9c-6d04d115dae4,1.207
4,3,567f1466-885c-451e-933c-f525a4e53f83,9c4f60df-b544-446d-812e-6cfe047f86cf,1.411
4,3,567f1466-885c-451e-933c-f525a4e53f83,9f1cdaf5-38cd-45bb-b132-87de1fda00e5,1.898
4,3,567f1466-885c-451e-933c-f525a4e53f83,a00daea6-de7e-4d00-beea-d9395811a614,1.939
4,3,567f1466-885c-451e-933c-f525a4e53f83,a1409989-c892-4af6-9a1f-d17afdd61db7,2.352
4,3,567f1466-885c-451e-933c-f525a4e53f83,a305c144-f65e-4b84-8969-647b21e4eb54,2.575
4,3,567f1466-885c-451e-933c-f525a4e53f83,a3b67aca-8329-4128-946e-52bb4354bf1b,4.973
4,3,567f1466-885c-451e-933c-f525a4e53f83,a4100ea1-6c45-4fd2-8b8f-fc274f04cb14,4.18
4,3,567f1466-885c-451e-933c-f525a4e53f83,a5716c15-7f3b-485c-909f-c4767cd3bc50,3.644
4,3,567f1466-885c-451e-933c-f525a4e53f83,a7f35d67-212f-4c44-8190-40b3e984b8af,2.193
4,3,567f1466-885c-451e-933c-f525a4e53f83,aba8efd9-2127-4a5b-bd2b-18ac2af79161,1.687
4,3,567f1466-885c-451e-933c-f525a4e53f83,ae46f0ef-322c-4058-85b2-8f132dcdb33f,1.245
4,3,567f1466-885c-451e-933c-f525a4e53f83,aed9e060-b204-42a6-8802-345216157722,1.235
4,3,567f1466-885c-451e-933c-f525a4e53f83,b01fa9d5-018b-47c3-9d16-0ceec9472e99,1.155
4,3,567f1466-885c-451e-933c-f525a4e53f83,b154980d-53cf-4651-b0aa-accace4c46e6,1.313
4,3,567f1466-885c-451e-933c-f525a4e53f83,b2d12cff-c30b-46fb-82b5-f408bdcc86e0,1.472
4,3,567f1466-885c-451e-933c-f525a4e53f83,b41dd82f-c24e-40e5-b8f2-7af115c546b9,2.318
4,3,567f1466-885c-451e-933c-f525a4e53f83,b67376dd-bf68-49ef-93eb-7725f78504bc,2.508
4,3,567f1466-885c-451e-933c-f525a4e53f83,b7d1a9c9-1ddb-4c6a-9917-2515731c90cd,3.385
4,3,567f1466-885c-451e-933c-f525a4e53f83,b82202de-a6cf-43e8-8b10-8d5e7a72af9b,3.087
4,3,567f1466-885c-451e-933c-f525a4e53f83,b855fe33-4b16-4861-955a-c421a712d0df,2.779
4,3,567f1466-885c-451e-933c-f525a4e53f83,bc2a02c5-3ac8-46ca-919b-985a0c259f3e,3.663
4,3,567f1466-885c-451e-933c-f525a4e53f83,be9a769f-e502-43e1-b7fe-a32aaae63a45,2.304
4,3,567f1466-885c-451e-933c-f525a4e53f83,c09567af-778f-47a0-a191-2cc5463fbde7,1.537
4,3,567f1466-885c-451e-933c-f525a4e53f83,c30f10b8-8142-4fb1-869b-c57188d9cc27,1.221
4,3,567f1466-885c-451e-933c-f525a4e53f83,c5e39457-ffa9-4bcd-87e2-49cea5498c37,1.059
4,3,567f1466-885c-451e-933c-f525a4e53f83,c69f2f40-f5a3-4f02-8a1d-13decfa5e252,1.286
4,3,567f1466-885c-451e-933c-f525a4e53f83,c766d3d7-b8ee-466f-85fb-b005c26fdc1e,1.307
4,3,567f1466-885c-451e-933c-f525a4e53f83,c91b3456-4609-42fe-a5f9-e914b1cb2122,1.332
4,3,567f1466-885c-451e-933c-f525a4e53f83,cb4d4fca-f9ad-4b75-8a81-7c9815db9f2a,1.444
4,3,567f1466-885c-451e-933c-f525a4e53f83,cc2b9eb4-b8e5-4ba5-90de-3dd178663f2e,1.687
4,3,567f1466-885c-451e-933c-f525a4e53f83,cd2f29e9-5188-48c7-951f-5dff29b0ea0d,1.598
4,3,567f1466-885c-451e-933c-f525a4e53f83,d13026f8-4fc8-4966-ab1f-ca1e61e3f6aa,1.069
4,3,567f1466-885c-451e-933c-f525a4e53f83,d2af3eb4-b9b6-4428-8bba-552c237c8e3b,0.737
4,3,567f1466-885c-451e-933c-f525a4e53f83,d302b451-0ed9-42aa-ac46-3624ad62f138,0.946
4,3,567f1466-885c-451e-933c-f525a4e53f83,d37ce21f-1625-4789-be2e-d2e07571c3c4,1.221
4,3,567f1466-885c-451e-933c-f525a4e53f83,d6205d5d-586a-4adc-9fd9-81d49c9978df,1.18
4,3,567f1466-885c-451e-933c-f525a4e53f83,d8852537-05dc-4a85-8937-5b8643c7286b,1.025
4,3,567f1466-885c-451e-933c-f525a4e53f83,da107295-ce4c-47ab-b1b0-a5a4c07206ab,0.797
4,3,567f1466-885c-451e-933c-f525a4e53f83,dc2615e8-d844-48fe-abc3-94b2ebfee83d,0.932
4,3,567f1466-885c-451e-933c-f525a4e53f83,dce1ec6b-ef54-478c-9727-11cc1742dfb2,1.031
4,3,567f1466-885c-451e-933c-f525a4e53f83,df4f76f1-9e22-4559-9be0-0aeba5eb9f6e,1.146
4,3,567f1466-885c-451e-933c-f525a4e53f83,e0042e23-53f3-4120-ab8c-044930a80da9,1.251
4,3,567f1466-885c-451e-933c-f525a4e53f83,e69fe047-0ec9-4028-9aa2-3318420d440f,1.421
4,3,567f1466-885c-451e-933c-f525a4e53f83,e85e9b7a-56c2-4f42-bb79-148b66d3e1ca,1.667
4,3,567f1466-885c-451e-933c-f525a4e53f83,eb39ef9e-162e-4243-9b18-b40bd2742bb2,1.843
4,3,567f1466-885c-451e-933c-f525a4e53f83,ed1d51dd-7bac-42ed-961c-25cd8f1c1961,2.289
4,3,567f1466-885c-451e-933c-f525a4e53f83,ee2cceb1-1ba0-43e1-8783-147052a2e15f,3.36
4,3,567f1466-885c-451e-933c-f525a4e53f83,ef1489f8-d67e-4905-8c4f-3871115c7ba9,1.993
4,3,567f1466-885c-451e-933c-f525a4e53f83,f0167bd2-9d1d-445a-a618-440e914a2843,1.576
4,3,567f1466-885c-451e-933c-f525a4e53f83,f2be0a63-9bc5-4204-97b2-c749984838de,1.452
4,3,567f1466-885c-451e-933c-f525a4e53f83,f412a067-5e61-4db1-a181-acac5899f083,0.899
4,3,567f1466-885c-451e-933c-f525a4e53f83,f689f61f-b74e-44fd-b50d-2698eecda2d8,1.028
4,3,567f1466-885c-451e-933c-f525a4e53f83,f82b417d-9cbc-456e-834a-3914fbe44697,1.119
4,3,567f1466-885c-451e-933c-f525a4e53f83,f9a1ef3e-775f-4c5f-96d3-c0256f426208,1.322
4,3,567f1466-885c-451e-933c-f525a4e53f83,fae456ea-fc8f-4a50-a6c6-8d8b311de3f5,1.254
4,3,567f1466-885c-451e-933c-f525a4e53f83,fe008700-9223-4a09-9dde-ad16df8ef5a6,1.727
4,3,567f1466-885c-451e-933c-f525a4e53f83,ff6c27c2-6fda-49ec-9910-c29bfa1228b7,1.27
4,3,567f1466-885c-451e-933c-f525a4e53f83,00536a9b-8e1a-4c6d-bea9-dd6ba6852765,5.729
4,3,567f1466-885c-451e-933c-f525a4e53f83,03023042-719a-4852-89dc-c5de94e05538,4.806
4,3,567f1466-885c-451e-933c-f525a4e53f83,03e6153b-cb9d-485f-b58e-944cb405f2a4,1.879
4,3,567f1466-885c-451e-933c-f525a4e53f83,0580ec4d-1029-4780-aef8-7bf6a62efa78,1.944
4,3,567f1466-885c-451e-933c-f525a4e53f83,075d3fe0-9f69-4105-a0d5-fb8fd5a07961,1.69
4,3,567f1466-885c-451e-933c-f525a4e53f83,0a622f80-a765-4453-8a21-c3ed615a412c,1.935
4,3,567f1466-885c-451e-933c-f525a4e53f83,0cc46ff8-9529-4fad-a856-9cdd1e4fb8bf,2.033
4,3,567f1466-885c-451e-933c-f525a4e53f83,0d289829-75b6-4ba9-86b5-02fd182834c8,1.99
4,3,567f1466-885c-451e-933c-f525a4e53f83,108d3932-ea3f-4e19-b215-ec026f01be34,2.229
4,3,567f1466-885c-451e-933c-f525a4e53f83,1272bdd9-a698-41db-a17e-b6ecff1ff9e6,2.581
4,3,567f1466-885c-451e-933c-f525a4e53f83,15492327-41fd-4273-8a79-baccff2a8196,1.183
4,3,567f1466-885c-451e-933c-f525a4e53f83,16f1df79-2391-4831-8fa3-c0c0d7793e78,1.474
4,3,567f1466-885c-451e-933c-f525a4e53f83,1773ba58-3946-4ec5-931d-b2fa26f157c9,1.462
4,3,567f1466-885c-451e-933c-f525a4e53f83,194897c7-29da-4df2-b3f3-d1fb0b154ab3,1.809
4,3,567f1466-885c-451e-933c-f525a4e53f83,1ae29bf6-dd2a-49e3-9e62-eb2f85bfd9bf,2.168
4,3,567f1466-885c-451e-933c-f525a4e53f83,1b3daa3e-d4d2-4550-96b5-2616b143aade,1.722
4,3,567f1466-885c-451e-933c-f525a4e53f83,1e19c44b-3dea-4bfd-8374-7cec32a60bad,5.722
4,3,567f1466-885c-451e-933c-f525a4e53f83,20e948d5-7224-4267-bd85-85628ed95fed,1.447
4,3,567f1466-885c-451e-933c-f525a4e53f83,2333ea3a-1c7d-49ed-9b41-d34f08eb47f5,1.653
4,3,567f1466-885c-451e-933c-f525a4e53f83,253a5e78-fcc8-42d4-b34b-1ba5c226fbab,1.709
4,3,567f1466-885c-451e-933c-f525a4e53f83,27bbb674-9841-49c4-9de8-654529519973,1.81
4,3,567f1466-885c-451e-933c-f525a4e53f83,282f2b87-c354-4aab-adb2-ed036847491f,2.223
4,3,567f1466-885c-451e-933c-f525a4e53f83,28d16fb5-bb6e-4cec-a2ec-36ce05476a3c,2.277
4,3,567f1466-885c-451e-933c-f525a4e53f83,2d15ed77-6709-4ed8-b449-e2201b20a5d4,2.89
4,3,567f1466-885c-451e-933c-f525a4e53f83,2f53b202-3073-45dd-a5af-b19e348a9792,2.862
4,3,567f1466-885c-451e-933c-f525a4e53f83,2ffa59f4-10b9-477c-8308-a3a8e0f446bb,5.303
4,3,567f1466-885c-451e-933c-f525a4e53f83,33bb57ee-258f-4810-a232-63f1f28a8d89,4.903
4,3,567f1466-885c-451e-933c-f525a4e53f83,34d03c16-1483-4359-a3c7-8848be4a9934,3.563
4,3,567f1466-885c-451e-933c-f525a4e53f83,367485e5-7bfc-47f8-a2ff-9a9081c5d8c9,1.888
4,3,567f1466-885c-451e-933c-f525a4e53f83,371f4d0b-2b80-4dc9-8311-afbec3327550,1.386
4,3,567f1466-885c-451e-933c-f525a4e53f83,37d47d48-6f59-4713-b0e1-aaae3ed73a37,1.557
4,3,567f1466-885c-451e-933c-f525a4e53f83,3b4e91e0-922f-48fb-ab5d-486d7786293b,1.49
4,3,567f1466-885c-451e-933c-f525a4e53f83,3dc0023c-4b96-49ea-9762-da22c9b1fd6a,1.823
4,3,567f1466-885c-451e-933c-f525a4e53f83,40f21d7f-64a2-4364-b57e-f26ebd2d1634,2.233
4,3,567f1466-885c-451e-933c-f525a4e53f83,44b73202-2f74-4e49-9da6-3d35ca72d5d0,2.654
4,3,567f1466-885c-451e-933c-f525a4e53f83,46431130-7c9c-462e-8119-033b57009e4c,4.172
4,3,567f1466-885c-451e-933c-f525a4e53f83,48525d5b-de82-4246-8a3e-84c4b4e86bd7,3.685
4,3,567f1466-885c-451e-933c-f525a4e53f83,4a65ce54-8a71-4293-b38b-60d0913debd7,3.804
4,3,567f1466-885c-451e-933c-f525a4e53f83,4af46fe5-ae90-4dff-8619-1785b72b8137,4.519
4,3,567f1466-885c-451e-933c-f525a4e53f83,4cab5f58-6d07-491c-962c-2cb876b36672,3.261
4,3,567f1466-885c-451e-933c-f525a4e53f83,4f54e68f-20ad-4619-9a23-e12f0f821a54,2.174
4,3,567f1466-885c-451e-933c-f525a4e53f83,512e795a-25f2-4864-a42d-d39f32cdb5d9,1.532
4,3,567f1466-885c-451e-933c-f525a4e53f83,51b665a3-0854-4a9b-90a1-1209dcd7432f,1.543
4,3,567f1466-885c-451e-933c-f525a4e53f83,52bb45af-f21b-44c1-9844-154fe946eb85,2.243
4,3,567f1466-885c-451e-933c-f525a4e53f83,52bb5716-e3cc-47e0-87b1-e61b9f0e683b,1.617
4,3,567f1466-885c-451e-933c-f525a4e53f83,54d68842-3298-4c14-8721-254eee8fa5e8,1.8
4,3,567f1466-885c-451e-933c-f525a4e53f83,55f1ffb9-96cd-4a2d-8c21-1e96132f595c,1.873
4,3,567f1466-885c-451e-933c-f525a4e53f83,5746bfcb-ba85-472e-9ae9-1c71c1798c62,1.931
4,3,567f1466-885c-451e-933c-f525a4e53f83,58118267-0873-4a32-bdee-66dffec24400,1.689
4,3,567f1466-885c-451e-933c-f525a4e53f83,587164f1-91f6-4bb0-bed0-929ac4e76af0,1.917
4,3,567f1466-885c-451e-933c-f525a4e53f83,5a6bebef-ee59-4e5b-a0fa-de0fc86e295f,1.434
4,3,567f1466-885c-451e-933c-f525a4e53f83,5c2925a4-ca0b-4ca9-8ca8-0b9cc95c7ecc,1.319
4,3,567f1466-885c-451e-933c-f525a4e53f83,5c9b974d-0b06-4ea8-8269-5ecde13e2691,1.076
4,3,567f1466-885c-451e-933c-f525a4e53f83,5cffc584-57c3-4fea-acf7-712d6788f477,1.045
4,3,567f1466-885c-451e-933c-f525a4e53f83,5f43eb9c-a8e2-427f-9e78-703193ee4324,1.021
4,3,567f1466-885c-451e-933c-f525a4e53f83,603720ae-a4ba-4846-ad8e-86a275e7d970,1.026
4,3,567f1466-885c-451e-933c-f525a4e53f83,62f9aa72-0b36-4a0a-b393-7e4308bb6a0e,0.986
4,3,567f1466-885c-451e-933c-f525a4e53f83,63a7ed68-c66f-4147-be2c-a100989e123f,1.257
4,3,567f1466-885c-451e-933c-f525a4e53f83,6407e27c-f32d-4559-84bd-abb365e34b3c,1.355
4,3,567f1466-885c-451e-933c-f525a4e53f83,6590a27e-fc8e-47c8-9399-0c78b783dd03,1.472
4,3,567f1466-885c-451e-933c-f525a4e53f83,66e865c8-9adc-4db8-9806-2c9d19a3c66c,1.511
4,3,567f1466-885c-451e-933c-f525a4e53f83,699730ee-e28d-436d-8af1-4367299c46f9,1.912
4,3,567f1466-885c-451e-933c-f525a4e53f83,6a13ccf9-729b-4689-a8a8-3ef0da4ebd62,1.828
4,3,567f1466-885c-451e-933c-f525a4e53f83,6bbf419a-a2cc-435a-a042-e962ec20e300,2.264
4,3,567f1466-885c-451e-933c-f525a4e53f83,6ce03a35-6351-4f60-83de-1791f663baa1,2.734
4,3,567f1466-885c-451e-933c-f525a4e53f83,6e8dced0-6403-4929-8506-be65ca0ab666,1.71
4,3,567f1466-885c-451e-933c-f525a4e53f83,7081fc29-c4c8-4f48-bc43-0db1a51c37b3,1.453
4,3,567f1466-885c-451e-933c-f525a4e53f83,719eedd6-4d8d-4e71-8234-b28695fb31aa,1.479
4,3,567f1466-885c-451e-933c-f525a4e53f83,74fc9a06-c0ec-4504-9c11-f9e0e4975b40,1.473
4,3,567f1466-885c-451e-933c-f525a4e53f83,7598c3f1-bf6d-4f3e-81cc-9903f965445d,1.541
4,3,567f1466-885c-451e-933c-f525a4e53f83,76e9d148-7881-45ca-943c-f07cbce46cb8,2.208
4,3,567f1466-885c-451e-933c-f525a4e53f83,7a8b2368-a8e8-46b4-a77c-b64ce8922061,2.312
4,3,567f1466-885c-451e-933c-f525a4e53f83,7b5d4157-ab81-4867-8682-3751e53afe1b,2.63
4,3,567f1466-885c-451e-933c-f525a4e53f83,7d0cad24-1edf-4f1f-9cdd-ff8378c37894,3.603
4,3,567f1466-885c-451e-933c-f525a4e53f83,7e26b272-16d1-4672-9957-b34ddd7cb2a5,4.001
4,3,567f1466-885c-451e-933c-f525a4e53f83,81549cbf-d10f-4acb-9a2e-0ce4ad822085,2.876
4,3,567f1466-885c-451e-933c-f525a4e53f83,819005af-cd93-491c-a03a-9db393df9a98,3.787
4,3,567f1466-885c-451e-933c-f525a4e53f83,8337c64f-a396-4a8d-88d5-28fadeb0bffe,2.419
4,3,567f1466-885c-451e-933c-f525a4e53f83,844d42cd-6c33-4a71-9b40-2811eb880af1,1.734
4,3,567f1466-885c-451e-933c-f525a4e53f83,85a87183-a61d-419e-b952-8e7861de6a56,1.314
4,3,567f1466-885c-451e-933c-f525a4e53f83,880ea2ad-8d5b-4fc7-898e-a039f5015551,1.326
4,3,567f1466-885c-451e-933c-f525a4e53f83,899090ab-db5a-48d5-a510-67eb2b6c28f5,1.595
4,3,567f1466-885c-451e-933c-f525a4e53f83,8b48ff45-bdf6-496f-b6e9-87df866e77fe,1.508
4,3,567f1466-885c-451e-933c-f525a4e53f83,8d49354d-7610-41cd-b7a5-8ee9c7b8d30c,1.766
4,3,567f1466-885c-451e-933c-f525a4e53f83,8da0244e-f70f-4e72-8b5c-e6ebb1749e73,1.922
4,3,567f1466-885c-451e-933c-f525a4e53f83,8fc3b5a2-18a8-4bc5-b18e-fcefeaaf1ce6,2.498
4,3,567f1466-885c-451e-933c-f525a4e53f83,9154c957-6dc4-42eb-987b-1e55fdb783fc,2.947
4,3,567f1466-885c-451e-933c-f525a4e53f83,928dbba4-4bc0-44f8-a3dc-a95fe34164c9,3.086
4,3,567f1466-885c-451e-933c-f525a4e53f83,938b3982-b0e2-445d-8ac0-fbe8de8249e5,3.043
4,3,567f1466-885c-451e-933c-f525a4e53f83,95953de5-85b0-4f22-898b-e2162a40ba69,2.045
4,3,567f1466-885c-451e-933c-f525a4e53f83,9643ecb0-6e1d-471e-a276-8f57dbf2d4aa,1.608
4,3,567f1466-885c-451e-933c-f525a4e53f83,973ba416-c62a-46be-a672-50e9b6e858d0,1.3
4,3,567f1466-885c-451e-933c-f525a4e53f83,9991ed21-84ff-4e83-9357-362eb22e88d8,1.292
4,3,567f1466-885c-451e-933c-f525a4e53f83,9b8a08cd-f98e-4e86-994f-f5e90a2c8588,1.656
4,3,567f1466-885c-451e-933c-f525a4e53f83,9f123c51-4d5b-49cc-ac66-3d5f39b9a79d,1.765
4,3,567f1466-885c-451e-933c-f525a4e53f83,9f58852c-575b-4046-90dc-2e11c77af0a3,1.954
4,3,567f1466-885c-451e-933c-f525a4e53f83,a117559e-b970-44ea-91a4-fd630cc6ffa7,1.978
4,3,567f1466-885c-451e-933c-f525a4e53f83,a2e85728-7cf9-4777-9ef1-a291919faa67,2.569
4,3,567f1466-885c-451e-933c-f525a4e53f83,a3454893-ebda-4a79-8274-27324e0a2eb6,5.439
4,3,567f1466-885c-451e-933c-f525a4e53f83,a5073a1f-a622-40b3-82b1-ebf40caa8746,3.031
4,3,567f1466-885c-451e-933c-f525a4e53f83,a658137b-54c4-4b8a-b076-4fbb5d828bf8,2.885
4,3,567f1466-885c-451e-933c-f525a4e53f83,a756f872-579b-48cd-8ba0-de2ed45e01ae,2.369
4,3,567f1466-885c-451e-933c-f525a4e53f83,a9fa06ea-eadd-4739-a608-530e378d81ff,1.764
4,3,567f1466-885c-451e-933c-f525a4e53f83,abe84d3f-7fba-4cd8-844c-cd3415cdcab2,1.464
4,3,567f1466-885c-451e-933c-f525a4e53f83,ae5d730d-19d7-4a40-aa0d-b45ca942ea17,1.203
4,3,567f1466-885c-451e-933c-f525a4e53f83,afeb4387-4235-4a59-b305-0581816cd7ac,1.437
4,3,567f1466-885c-451e-933c-f525a4e53f83,b0d098b6-cd59-44b2-b0e2-04f20312392f,1.514
4,3,567f1466-885c-451e-933c-f525a4e53f83,b254f80d-bcd1-47cc-ad30-9807cdf2f581,1.582
4,3,567f1466-885c-451e-933c-f525a4e53f83,b3b630a3-416b-45bb-951a-717ab617c198,1.81
4,3,567f1466-885c-451e-933c-f525a4e53f83,b595b736-eda7-4796-8707-bd10341cb753,2.461
4,3,567f1466-885c-451e-933c-f525a4e53f83,b7e6dfe3-fcd9-450f-88af-7ec3e4e3b90a,3.089
4,3,567f1466-885c-451e-933c-f525a4e53f83,b7f773a5-0de3-4057-8d97-573b0d2cf0ba,2.76
4,3,567f1466-885c-451e-933c-f525a4e53f83,b874454b-5986-4cc0-8d32-59bde6bb2d89,3.066
4,3,567f1466-885c-451e-933c-f525a4e53f83,bc6e7ee3-f2de-4ce1-a389-438a482b480e,3.124
4,3,567f1466-885c-451e-933c-f525a4e53f83,be62263f-9055-4522-a937-a000ce859e14,2.154
4,3,567f1466-885c-451e-933c-f525a4e53f83,c1f88ac9-529d-4f10-90a7-1f985b3ce3e9,1.469
4,3,567f1466-885c-451e-933c-f525a4e53f83,c3a9348a-26b6-43cc-b091-d7bcb6b8280e,1.546
4,3,567f1466-885c-451e-933c-f525a4e53f83,c566a24c-a14b-4e57-8f74-91dfa5a1a107,1.256
4,3,567f1466-885c-451e-933c-f525a4e53f83,c6c85c0a-d737-4ae4-a65a-7c169eb0f5a9,1.144
4,3,567f1466-885c-451e-933c-f525a4e53f83,c88bc1bb-7334-42f0-a269-b3d7fac9777d,1.372
4,3,567f1466-885c-451e-933c-f525a4e53f83,c930b460-3406-41e3-8086-60d58e078561,1.302
4,3,567f1466-885c-451e-933c-f525a4e53f83,ca00c061-ee08-4529-affa-9e48480c9a8b,1.381
4,3,567f1466-885c-451e-933c-f525a4e53f83,cc8adeb3-1924-498d-9078-514cdc01817f,1.591
4,3,567f1466-885c-451e-933c-f525a4e53f83,cddb20f3-01b7-4767-ab42-b6ec2f30601b,1.498
4,3,567f1466-885c-451e-933c-f525a4e53f83,d257c9f1-b3e9-406d-b0e5-e4a390f5acb4,0.97
4,3,567f1466-885c-451e-933c-f525a4e53f83,d2f88618-77f3-4292-9dc0-8db391491d6e,0.864
4,3,567f1466-885c-451e-933c-f525a4e53f83,d3675d3d-9811-4d56-bba9-ae7f221dad85,1.1
4,3,567f1466-885c-451e-933c-f525a4e53f83,d50be0ae-590d-435f-ba43-6f07db1c3d84,0.897
4,3,567f1466-885c-451e-933c-f525a4e53f83,d6b454af-c4c5-4032-9f93-7808e17582e4,1.032
4,3,567f1466-885c-451e-933c-f525a4e53f83,d84a16b9-319a-4829-8b52-84217a192a75,0.912
4,3,567f1466-885c-451e-933c-f525a4e53f83,d9d31c3b-1c17-446d-b4ba-6bc26554235e,0.82
4,3,567f1466-885c-451e-933c-f525a4e53f83,da95b967-9f41-46a4-b33c-87e8b1125b7a,1.161
4,3,567f1466-885c-451e-933c-f525a4e53f83,ddeee266-4d31-490b-9291-deabb13ccfd1,1.585
4,3,567f1466-885c-451e-933c-f525a4e53f83,df73c1ba-c3e9-41ef-8a93-faf59d6be8fe,1.53
4,3,567f1466-885c-451e-933c-f525a4e53f83,e17fb644-3c41-4a23-80d1-eb1fa2082bda,1.275
4,3,567f1466-885c-451e-933c-f525a4e53f83,e3bbb370-a27d-4695-be79-53a2f5f90b14,1.656
4,3,567f1466-885c-451e-933c-f525a4e53f83,e8bc38fe-a19d-4db5-9ff6-f59a6b1d3946,1.787
4,3,567f1466-885c-451e-933c-f525a4e53f83,e8e02fee-f274-4dce-b31a-3ad86c8e6999,2.05
4,3,567f1466-885c-451e-933c-f525a4e53f83,edbfff0d-28a8-4251-bc5b-8ac212a0f717,1.936
4,3,567f1466-885c-451e-933c-f525a4e53f83,ee055722-d427-4782-8f80-7a7fc20a8ef1,3.308
4,3,567f1466-885c-451e-933c-f525a4e53f83,f012cc38-e679-4303-9b67-1928856c61c5,1.326
4,3,567f1466-885c-451e-933c-f525a4e53f83,f111c8b2-1ca2-42a8-8f2e-585a45e8268c,1.462
4,3,567f1466-885c-451e-933c-f525a4e53f83,f253d6b0-5d41-43bd-8015-61e45f24d90b,1.24
4,3,567f1466-885c-451e-933c-f525a4e53f83,f3b33262-7769-43ca-96fe-f0e47f9a8493,1.439
4,3,567f1466-885c-451e-933c-f525a4e53f83,f472aa07-9922-461e-968f-e63c6c534487,1.227
4,3,567f1466-885c-451e-933c-f525a4e53f83,f7f93f38-8497-43c7-863f-4679d1923256,1.236
4,3,567f1466-885c-451e-933c-f525a4e53f83,f8f4615a-9d63-4110-8609-0a771b3abdde,1.733
4,3,567f1466-885c-451e-933c-f525a4e53f83,fabc4aff-76c2-4386-85ef-a4a2db1a3424,1.616
4,3,567f1466-885c-451e-933c-f525a4e53f83,fceaac6a-ee7c-4d8d-8704-f6ba7b62dc75,0.781
4,3,567f1466-885c-451e-933c-f525a4e53f83,fe55adc1-1b45-4826-a5d1-e1a86ff5e4ca,2.315
4,3,567f1466-885c-451e-933c-f525a4e53f83,0063aaf8-7ab1-4cff-b1f0-0e12aab4ae11,5.143
4,3,567f1466-885c-451e-933c-f525a4e53f83,03621d5c-7602-45d6-925b-8938670ab59d,5.007
4,3,567f1466-885c-451e-933c-f525a4e53f83,042475d7-d39e-4e24-b874-cd9c3e0abd22,2.158
4,3,567f1466-885c-451e-933c-f525a4e53f83,06f21411-5ffd-4359-906b-ec35ca02e5e9,1.692
4,3,567f1466-885c-451e-933c-f525a4e53f83,07e8e6bf-3c48-4d8f-a2ef-f6c9dbc1fb62,1.87
4,3,567f1466-885c-451e-933c-f525a4e53f83,0a05d63d-af56-482e-9536-b6afdb249596,1.726
4,3,567f1466-885c-451e-933c-f525a4e53f83,0ab7b53a-e854-4fd1-855c-43a0fef413e6,2.069
4,3,567f1466-885c-451e-933c-f525a4e53f83,0dfb0450-d152-45e7-bea5-cd96a5a68c0c,1.904
4,3,567f1466-885c-451e-933c-f525a4e53f83,0f7b486d-a34b-4b4e-a296-21769c6347df,2.283
4,3,567f1466-885c-451e-933c-f525a4e53f83,11321e23-6b32-4c6e-a64d-ada93cde38b1,2.074
4,3,567f1466-885c-451e-933c-f525a4e53f83,12bee12e-ef2b-4d50-a4ce-2655246e9c86,1.385
4,3,567f1466-885c-451e-933c-f525a4e53f83,15e98a72-d8a7-4a72-b797-e6ab314f4e35,1.598
4,3,567f1466-885c-451e-933c-f525a4e53f83,1791906f-ed0c-41bd-a2eb-28803cce1ecc,1.627
4,3,567f1466-885c-451e-933c-f525a4e53f83,199ecada-7bc3-4b50-9b7a-a20ab6ae6886,1.974
4,3,567f1466-885c-451e-933c-f525a4e53f83,1a3ff62e-fce7-477a-a00b-c091e095660a,2.232
4,3,567f1466-885c-451e-933c-f525a4e53f83,1ce5c3da-49d9-4acb-b22f-c566ee6f6aa7,1.797
4,3,567f1466-885c-451e-933c-f525a4e53f83,1f8fe989-2415-4991-b5d2-46adeb7ec256,5.365
4,3,567f1466-885c-451e-933c-f525a4e53f83,22799f53-537d-42c0-9c64-63a575e3ee51,1.425
4,3,567f1466-885c-451e-933c-f525a4e53f83,22dbf376-db9f-4736-8cb7-c51bd604f0b8,1.54
4,3,567f1466-885c-451e-933c-f525a4e53f83,24257fe1-ead4-42a5-b7f0-1308f5fbdd0d,1.674
4,3,567f1466-885c-451e-933c-f525a4e53f83,25b14ea0-14c0-42bf-bc75-e292592d436b,1.752
4,3,567f1466-885c-451e-933c-f525a4e53f83,285c8011-3a1e-491f-9d57-78055db9c620,2.021
4,3,567f1466-885c-451e-933c-f525a4e53f83,2ad84dea-cc2b-4296-9b8c-5554614129b5,2.339
4,3,567f1466-885c-451e-933c-f525a4e53f83,2c14481c-2727-4704-9a3e-e757b8f98755,2.617
4,3,567f1466-885c-451e-933c-f525a4e53f83,2d9077e8-eab2-411b-96fd-d41f72fa8e37,3.221
4,3,567f1466-885c-451e-933c-f525a4e53f83,31428257-4809-48eb-98dc-e88fe2a4c2a7,5.001
4,3,567f1466-885c-451e-933c-f525a4e53f83,32acc547-0407-4a97-8f0f-3f7c00bf757a,4.773
4,3,567f1466-885c-451e-933c-f525a4e53f83,33f51232-8fb2-4d09-908d-ebaeff787f3c,4.069
4,3,567f1466-885c-451e-933c-f525a4e53f83,3549f633-25b2-4051-92a6-0a8b400b3e8e,1.772
4,3,567f1466-885c-451e-933c-f525a4e53f83,36d75e19-f286-415c-a954-3c5e2fd1c776,1.515
4,3,567f1466-885c-451e-933c-f525a4e53f83,384d9b37-0cb7-4bc4-a02b-200b62417604,1.523
4,3,567f1466-885c-451e-933c-f525a4e53f83,3a077d62-6a8a-4fab-9916-af993eba8794,1.556
4,3,567f1466-885c-451e-933c-f525a4e53f83,3d62d386-bc85-494f-8f38-ab25a285237b,1.858
4,3,567f1466-885c-451e-933c-f525a4e53f83,4177c660-c9c6-4164-8880-b07c75f55ad0,2.659
4,3,567f1466-885c-451e-933c-f525a4e53f83,44279305-c90a-4e98-84e6-a2c6f0c16aff,2.455
4,3,567f1466-885c-451e-933c-f525a4e53f83,452598ad-6fa4-49d2-8e42-dc55f66bbefa,4.141
4,3,567f1466-885c-451e-933c-f525a4e53f83,467b69be-3c77-4e40-a9ea-c820d9a97d2e,3.89
4,3,567f1466-885c-451e-933c-f525a4e53f83,4acfac5a-91ee-422e-b827-331bb3e4be40,3.746
4,3,567f1466-885c-451e-933c-f525a4e53f83,4c927b9b-063c-4c52-a310-bb5288326fa0,3.81
4,3,567f1466-885c-451e-933c-f525a4e53f83,4f515b5e-ba6d-435f-a786-4cc54e2dafcf,3.385
4,3,567f1466-885c-451e-933c-f525a4e53f83,50921886-d44a-4b5b-bd84-39813150f7cb,2.012
4,3,567f1466-885c-451e-933c-f525a4e53f83,5158bdee-12c1-4a51-9a11-d460d6d0bd92,1.794
4,3,567f1466-885c-451e-933c-f525a4e53f83,5239000e-4701-4262-bf92-b0a42c965835,1.608
4,3,567f1466-885c-451e-933c-f525a4e53f83,5260b9d1-fe57-4d55-9339-d924e832595f,1.698
4,3,567f1466-885c-451e-933c-f525a4e53f83,53377782-5a2b-410f-b5ee-8995f9c432e4,1.828
4,3,567f1466-885c-451e-933c-f525a4e53f83,55aca554-3f83-4fc4-be6f-4b97774d666d,1.923
4,3,567f1466-885c-451e-933c-f525a4e53f83,56bb7382-9484-4454-818a-c12cb27f1514,2.079
4,3,567f1466-885c-451e-933c-f525a4e53f83,57470b87-cc0d-4fff-9157-73137c98b57d,1.861
4,3,567f1466-885c-451e-933c-f525a4e53f83,5839dfd8-ffc6-49b9-8ec2-18702d831a85,1.622
4,3,567f1466-885c-451e-933c-f525a4e53f83,58bf1e2d-9c19-49d9-a18d-d582e5903965,1.933
4,3,567f1466-885c-451e-933c-f525a4e53f83,5aae7ee5-3df1-4bdb-b4cf-349a9e687ae6,1.626
4,3,567f1466-885c-451e-933c-f525a4e53f83,5c0e54e8-7435-40eb-9195-3694e7030ca0,1.371
4,3,567f1466-885c-451e-933c-f525a4e53f83,5c8fa97a-b82b-4d0f-9088-39644076d605,1.046
4,3,567f1466-885c-451e-933c-f525a4e53f83,5d023c95-903c-4bd5-9d0d-92072962cf21,1.065
4,3,567f1466-885c-451e-933c-f525a4e53f83,5f2dfdf0-6082-452f-b6f8-df9567464b03,1.095
4,3,567f1466-885c-451e-933c-f525a4e53f83,60a9ee6a-2489-4e3c-888f-ac591c71f26a,1.001
4,3,567f1466-885c-451e-933c-f525a4e53f83,61a426a9-98de-44ea-91a1-b25cd9984049,0.998
4,3,567f1466-885c-451e-933c-f525a4e53f83,638e728e-b915-4ce1-a4f9-883e386dd29a,1.233
4,3,567f1466-885c-451e-933c-f525a4e53f83,656b9e6e-3f55-4e3a-bd9f-0c55cf429d44,1.477
4,3,567f1466-885c-451e-933c-f525a4e53f83,66b0cac1-d647-4c6f-a1b1-e71d2e0ff7f0,1.377
4,3,567f1466-885c-451e-933c-f525a4e53f83,69949c6a-78ff-4c18-8a17-cb60785596cc,1.559
4,3,567f1466-885c-451e-933c-f525a4e53f83,69d9a8d0-2f67-4498-8363-f5e1fd94f8b6,1.97
4,3,567f1466-885c-451e-933c-f525a4e53f83,6aa7e3eb-db00-4731-b806-f9f1c83f0e37,2.038
4,3,567f1466-885c-451e-933c-f525a4e53f83,6c2b50d8-93dc-4817-bda2-fd602f7f5471,1.637
4,3,567f1466-885c-451e-933c-f525a4e53f83,6d43cf6e-d977-4ad2-a452-a1d27a8ec0d4,1.783
4,3,567f1466-885c-451e-933c-f525a4e53f83,6f315677-3acd-4f2a-9471-dfe4d81748f7,1.613
4,3,567f1466-885c-451e-933c-f525a4e53f83,7104e095-173a-4723-8aae-b6af3c391248,1.309
4,3,567f1466-885c-451e-933c-f525a4e53f83,714202d9-34a8-410f-afe0-26571432cdd2,1.33
4,3,567f1466-885c-451e-933c-f525a4e53f83,72b08756-cba1-4b56-83cc-eff3e9054318,1.689
4,3,567f1466-885c-451e-933c-f525a4e53f83,75d82c90-0757-4b73-bbd4-9f5452b5d50d,1.489
4,3,567f1466-885c-451e-933c-f525a4e53f83,779092b9-3032-4c11-8f90-c720d0bfeb2d,1.869
4,3,567f1466-885c-451e-933c-f525a4e53f83,7b10567e-7bd2-4c62-a409-645c4360414d,2.326
4,3,567f1466-885c-451e-933c-f525a4e53f83,7c64ed0d-feb3-4ccf-8e7e-2b51e401f8a0,2.475
4,3,567f1466-885c-451e-933c-f525a4e53f83,7d364ab1-76dc-4f7d-a818-d3400bff47fd,2.915
4,3,567f1466-885c-451e-933c-f525a4e53f83,7eab986c-0276-4b62-9662-8c1471904ce1,3.997
4,3,567f1466-885c-451e-933c-f525a4e53f83,805aeecb-b245-4eb8-9ff9-62f1236db230,3.357
4,3,567f1466-885c-451e-933c-f525a4e53f83,8237abd5-ebf8-4d0d-bd78-5cdce155981b,3.815
4,3,567f1466-885c-451e-933c-f525a4e53f83,842bb69a-3a15-4638-b98f-bfad56705569,2.546
4,3,567f1466-885c-451e-933c-f525a4e53f83,84fa5c83-02a8-484e-84ba-31457ca77cde,2.023
4,3,567f1466-885c-451e-933c-f525a4e53f83,86d7f2be-d63f-4869-bb63-66127da63d48,1.128
4,3,567f1466-885c-451e-933c-f525a4e53f83,888ab177-93f1-4ca6-a3ae-589040766bac,1.427
4,3,567f1466-885c-451e-933c-f525a4e53f83,88c58a3b-e647-4bb8-a801-e660744fc363,1.586
4,3,567f1466-885c-451e-933c-f525a4e53f83,89d959d0-142e-4f8b-b13f-d2127db54cd1,1.588
4,3,567f1466-885c-451e-933c-f525a4e53f83,8b911199-94d9-47b3-ad65-0ccc094b2641,1.816
4,3,567f1466-885c-451e-933c-f525a4e53f83,8dad799e-ae51-4345-8445-24a28e3b2e86,1.895
4,3,567f1466-885c-451e-933c-f525a4e53f83,900baf84-7d0d-4abe-b88b-a491eca8d600,2.262
4,3,567f1466-885c-451e-933c-f525a4e53f83,92736346-4b51-4c12-8ac2-68ad2bbb09e8,3.337
4,3,567f1466-885c-451e-933c-f525a4e53f83,931edd76-4da5-499a-ae3e-778c2ced687c,2.852
4,3,567f1466-885c-451e-933c-f525a4e53f83,93bddd1b-83f5-4d00-bed8-76d31936041e,2.626
4,3,567f1466-885c-451e-933c-f525a4e53f83,94dd9f50-3360-416d-8136-3785e13b9900,2.391
4,3,567f1466-885c-451e-933c-f525a4e53f83,960cd833-6dac-4add-9550-0fc26a7a4c61,1.773
4,3,567f1466-885c-451e-933c-f525a4e53f83,97025db9-d792-478e-98d7-21f54f5c17ed,1.31
4,3,567f1466-885c-451e-933c-f525a4e53f83,999dbe76-7297-4a55-acc6-2410ce790819,1.201
4,3,567f1466-885c-451e-933c-f525a4e53f83,9a937165-090e-42d3-8fef-347b0f1de8af,1.597
4,3,567f1466-885c-451e-933c-f525a4e53f83,9f05e7c2-3149-4235-ae93-f1623482c2ff,1.627
4,3,567f1466-885c-451e-933c-f525a4e53f83,9f3a8386-5bd0-4e5d-8e3e-d4010719cb9b,1.716
4,3,567f1466-885c-451e-933c-f525a4e53f83,a02a71b9-0693-4612-ab67-711785a87495,2.158
4,3,567f1466-885c-451e-933c-f525a4e53f83,a1d32538-d86e-4365-9fdd-bbf18ccd54ed,3.152
4,3,567f1466-885c-451e-933c-f525a4e53f83,a407744e-8687-40a8-a98c-a7bc80b499c7,6.066
4,3,567f1466-885c-451e-933c-f525a4e53f83,a46a2dfa-b0f0-436c-a5b6-7fa367faa289,3.432
4,3,567f1466-885c-451e-933c-f525a4e53f83,a5a8d7e8-bf65-49f7-bf9c-f00a33ad0025,3.093
4,3,567f1466-885c-451e-933c-f525a4e53f83,a7350621-2b8e-4c15-b266-c3065853a9e1,2.572
4,3,567f1466-885c-451e-933c-f525a4e53f83,ab276627-ebad-4b12-9773-d112a0c247f3,1.634
4,3,567f1466-885c-451e-933c-f525a4e53f83,ad6522bf-33e4-404f-958d-4cded9646fea,1.443
4,3,567f1466-885c-451e-933c-f525a4e53f83,af5b1ac5-01f7-49d0-93e3-e790542d56d3,1.4
4,3,567f1466-885c-451e-933c-f525a4e53f83,aff340a6-eb83-464b-a7fb-7eff1638e3e5,1.327
4,3,567f1466-885c-451e-933c-f525a4e53f83,b08a8668-8156-4985-816f-9bc45af22add,1.536
4,3,567f1466-885c-451e-933c-f525a4e53f83,b2a00896-d939-48a3-bf13-a599a5a1363b,1.549
4,3,567f1466-885c-451e-933c-f525a4e53f83,b3926b2a-c5c6-485b-b5e7-a8ede67d0864,1.823
4,3,567f1466-885c-451e-933c-f525a4e53f83,b436c214-b304-413c-82c2-2847facfea5b,2.159
4,3,567f1466-885c-451e-933c-f525a4e53f83,b6a57632-31b6-4100-b769-e013d6708094,4.33
4,3,567f1466-885c-451e-933c-f525a4e53f83,b81b3071-f0d3-413e-bd3b-f8e0c14f3459,3.048
4,3,567f1466-885c-451e-933c-f525a4e53f83,b927430d-57b7-42cb-a1bf-c76765eb1135,2.664
4,3,567f1466-885c-451e-933c-f525a4e53f83,bc750ff6-9bb5-4347-9359-313ca4093fe5,3.064
4,3,567f1466-885c-451e-933c-f525a4e53f83,bf485ba4-01ab-4d84-b17e-a9f6a12de771,2.97
4,3,567f1466-885c-451e-933c-f525a4e53f83,c1fafd6a-78ff-49ea-a7c3-e63ba6a9ee05,1.253
4,3,567f1466-885c-451e-933c-f525a4e53f83,c2bc754f-24f0-44a7-ad64-a8dd8cde70da,1.279
4,3,567f1466-885c-451e-933c-f525a4e53f83,c467c3ba-092a-43e8-9539-a89234ad02b4,1.291
4,3,567f1466-885c-451e-933c-f525a4e53f83,c6515b6c-ef3c-4085-a0cf-608409c87b30,1.324
4,3,567f1466-885c-451e-933c-f525a4e53f83,c8d72a77-485b-4f09-84ff-469e5934e4a3,1.567
4,3,567f1466-885c-451e-933c-f525a4e53f83,c9d785a3-035a-469a-9c9f-dd6d9aeb5585,1.412
4,3,567f1466-885c-451e-933c-f525a4e53f83,cbfb8d2b-346b-464c-ad73-2376757c055c,1.357
4,3,567f1466-885c-451e-933c-f525a4e53f83,cd19d7c5-cb38-46cf-9265-ae68684a3ec0,1.506
4,3,567f1466-885c-451e-933c-f525a4e53f83,cf80c8da-a306-4a69-a830-b214ae2cdc79,1.286
4,3,567f1466-885c-451e-933c-f525a4e53f83,d29a8f34-4240-4564-a7d9-7082daba5b1b,0.958
4,3,567f1466-885c-451e-933c-f525a4e53f83,d2ded154-f31b-44a6-a718-c181306c79a9,0.969
4,3,567f1466-885c-451e-933c-f525a4e53f83,d3330788-7fed-4631-b323-578efbd5778e,0.884
4,3,567f1466-885c-451e-933c-f525a4e53f83,d4d1eaea-bc26-4175-9e22-efc7814a0f5a,1.321
4,3,567f1466-885c-451e-933c-f525a4e53f83,d52a832a-8fdd-4e8d-94a7-2bf3bc577d4d,0.92
4,3,567f1466-885c-451e-933c-f525a4e53f83,d7c94566-2dd3-453e-82c3-ecfd67dab93b,0.934
4,3,567f1466-885c-451e-933c-f525a4e53f83,d9544dac-311c-4eec-a05b-10bc84bc0962,0.983
4,3,567f1466-885c-451e-933c-f525a4e53f83,dab20549-9c94-43c1-80b3-5b178176d78c,0.94
4,3,567f1466-885c-451e-933c-f525a4e53f83,de8837d6-d90d-4aff-9081-3a28273c157b,1.138
4,3,567f1466-885c-451e-933c-f525a4e53f83,dead133b-7423-4f7b-a1fa-96213ba2e84c,1.021
4,3,567f1466-885c-451e-933c-f525a4e53f83,e112118b-cfa7-4460-b820-92a17642a2ed,1.316
4,3,567f1466-885c-451e-933c-f525a4e53f83,e71dbfb7-4d44-439e-8187-53837f0e4736,1.629
4,3,567f1466-885c-451e-933c-f525a4e53f83,e803e29b-de1b-4785-819c-4d912011f1cc,1.606
4,3,567f1466-885c-451e-933c-f525a4e53f83,ea076d99-d999-496b-94a6-093e9d6969a7,1.581
4,3,567f1466-885c-451e-933c-f525a4e53f83,ed71d077-50a5-4e71-a471-a537bc80cbc7,2.508
4,3,567f1466-885c-451e-933c-f525a4e53f83,eec32b60-3ff6-4855-b198-f29b8f8b74b5,2.662
4,3,567f1466-885c-451e-933c-f525a4e53f83,ef9b9502-49da-4f7d-841d-3532a9dab86d,1.466
4,3,567f1466-885c-451e-933c-f525a4e53f83,f04d365b-e307-45fa-ae38-ed52e06ee948,1.818
4,3,567f1466-885c-451e-933c-f525a4e53f83,f1eb582a-ef6f-483e-aa92-36df5464bdb9,1.355
4,3,567f1466-885c-451e-933c-f525a4e53f83,f2fa673c-65b8-4e1c-9acf-32400d4bf7c1,1.288
4,3,567f1466-885c-451e-933c-f525a4e53f83,f431b855-8491-48a8-814f-ae403813e231,1.324
4,3,567f1466-885c-451e-933c-f525a4e53f83,f6f55984-9b37-40f7-b8de-17d5eb7c611c,1.219
4,3,567f1466-885c-451e-933c-f525a4e53f83,f8ae3753-5823-4a58-84ec-9411342a0fa6,1.742
4,3,567f1466-885c-451e-933c-f525a4e53f83,fa0c0a16-8c2d-4fc5-a147-6b50f92c5b82,1.383
4,3,567f1466-885c-451e-933c-f525a4e53f83,fbc00502-72c0-4107-9751-a87bc5e31bf1,0.953
4,3,567f1466-885c-451e-933c-f525a4e53f83,fe13f2fd-238b-400b-8814-fa8fc3c28b2c,2.66
4,3,567f1466-885c-451e-933c-f525a4e53f83,0065c6f0-d854-4891-a82a-98445f92d29a,4.048
4,3,567f1466-885c-451e-933c-f525a4e53f83,0282bf54-b358-47eb-9255-7064233f930f,5.086
4,3,567f1466-885c-451e-933c-f525a4e53f83,03dd9744-e9eb-40a4-aa54-60dadc84d350,2.02
4,3,567f1466-885c-451e-933c-f525a4e53f83,0537c8d8-fdce-493a-8f19-8996c3393a62,2.108
4,3,567f1466-885c-451e-933c-f525a4e53f83,074c44b0-03df-4d6a-bda0-9bf0af0b568c,1.741
4,3,567f1466-885c-451e-933c-f525a4e53f83,086328c3-f120-47de-b8c1-1180b76b6470,1.736
4,3,567f1466-885c-451e-933c-f525a4e53f83,0af398d5-850b-492b-8c17-b49d22436266,2.042
4,3,567f1466-885c-451e-933c-f525a4e53f83,0ec24f1d-be5c-44dd-80e1-29fa2f09d426,2.093
4,3,567f1466-885c-451e-933c-f525a4e53f83,0fe994c4-e6cd-4247-894a-eaa803520977,2.222
4,3,567f1466-885c-451e-933c-f525a4e53f83,119ca839-cc80-4871-8c90-106877ccd23e,1.86
4,3,567f1466-885c-451e-933c-f525a4e53f83,130f8af8-fc90-4406-a965-a7db0f918257,1.349
4,3,567f1466-885c-451e-933c-f525a4e53f83,15e4cfc8-f499-4929-8988-fec55ee7ea1c,1.46
4,3,567f1466-885c-451e-933c-f525a4e53f83,1807aa62-ff16-48ec-943d-755da539962f,1.472
4,3,567f1466-885c-451e-933c-f525a4e53f83,19fd5eec-9c5e-443c-8495-7553ebd3dbee,1.766
4,3,567f1466-885c-451e-933c-f525a4e53f83,1b11e137-650f-47dd-9b7f-21a523078328,2.214
4,3,567f1466-885c-451e-933c-f525a4e53f83,1b6a63aa-096a-4443-9947-7c0c0a2c26c9,1.702
4,3,567f1466-885c-451e-933c-f525a4e53f83,1e3ef7c8-5081-45bf-812d-0624d71e4961,5.387
4,3,567f1466-885c-451e-933c-f525a4e53f83,1facacad-338e-4bf3-8b7e-dcd50f32151e,1.572
4,3,567f1466-885c-451e-933c-f525a4e53f83,228acdb2-39a6-4b84-93d5-93c5091a169d,1.566
4,3,567f1466-885c-451e-933c-f525a4e53f83,2409ce97-4378-40ec-b2ac-fa0eaee669c2,1.73
4,3,567f1466-885c-451e-933c-f525a4e53f83,25531999-0c36-40ef-9d01-a1345585e367,1.769
4,3,567f1466-885c-451e-933c-f525a4e53f83,27f9c1bc-d06f-4ffb-b92c-9832f8e477ec,2.134
4,3,567f1466-885c-451e-933c-f525a4e53f83,288e5036-36a6-47c9-8eea-24987a0f0446,2.365
4,3,567f1466-885c-451e-933c-f525a4e53f83,2b99e25b-afc2-40f3-9650-b77608d2b1b6,2.815
4,3,567f1466-885c-451e-933c-f525a4e53f83,2e447c40-e36d-430e-8431-6939d3626354,3.202
4,3,567f1466-885c-451e-933c-f525a4e53f83,31faa5a6-218f-41d7-98b7-73bfc9d9cc0b,5.605
4,3,567f1466-885c-451e-933c-f525a4e53f83,32aa2490-b7c6-4e7f-bdbc-67109917dc34,4.756
4,3,567f1466-885c-451e-933c-f525a4e53f83,3479b4ba-b9b9-4f17-9ff7-292fa8dd36d5,3.972
4,3,567f1466-885c-451e-933c-f525a4e53f83,368e1ed4-38ff-4637-8ee7-f075beb700b7,1.739
4,3,567f1466-885c-451e-933c-f525a4e53f83,379e2c8a-9b05-4c7b-a7b1-6cda5ddd107b,1.531
4,3,567f1466-885c-451e-933c-f525a4e53f83,39f13301-8261-4150-bbc4-401f777af409,1.505
4,3,567f1466-885c-451e-933c-f525a4e53f83,3cfd0b41-c95c-4f70-ace2-5fee9d9e1734,1.667
4,3,567f1466-885c-451e-933c-f525a4e53f83,3e020749-6db4-482d-8da5-31a5b1b4d275,2.03
4,3,567f1466-885c-451e-933c-f525a4e53f83,3f3d2ac4-c2df-400c-97b7-e9a07000a603,2.445
4,3,567f1466-885c-451e-933c-f525a4e53f83,44afb70a-a602-4289-9a69-f5cf7dd82f08,2.666
4,3,567f1466-885c-451e-933c-f525a4e53f83,44c982a4-909f-40bc-8ae6-2c1249fb06ba,3.912
4,3,567f1466-885c-451e-933c-f525a4e53f83,47054799-693a-4cb4-9d85-13488fc3fb42,3.675
4,3,567f1466-885c-451e-933c-f525a4e53f83,48fb4cf7-d52b-4b0b-9956-655f0234bf76,3.959
4,3,567f1466-885c-451e-933c-f525a4e53f83,4c3a096e-b2f2-4d43-9453-e8ebe426b2b3,4.653
4,3,567f1466-885c-451e-933c-f525a4e53f83,4eaaa246-0f96-4e8e-b066-03a466c83174,2.781
4,3,567f1466-885c-451e-933c-f525a4e53f83,4fae5b7d-b0d0-4b96-bdb8-3cd7fc61ec95,2.072
4,3,567f1466-885c-451e-933c-f525a4e53f83,513cc8cf-dd19-41cf-93d4-4bcc0e6c4294,1.801
4,3,567f1466-885c-451e-933c-f525a4e53f83,526066b3-6336-4440-acc8-5da664717d44,1.591
4,3,567f1466-885c-451e-933c-f525a4e53f83,52b34dc9-8b08-498f-868a-52442dc17277,1.82
4,3,567f1466-885c-451e-933c-f525a4e53f83,54976edc-84b6-41e5-9539-156e022a6343,1.863
4,3,567f1466-885c-451e-933c-f525a4e53f83,54e03e04-b0ad-485b-978a-69d303d41ed1,1.819
4,3,567f1466-885c-451e-933c-f525a4e53f83,56cc18e3-323a-4a4b-af0e-b3d7c8c76a16,2.066
4,3,567f1466-885c-451e-933c-f525a4e53f83,57384281-7f1b-45e6-82c3-81db09f5b3cc,1.908
4,3,567f1466-885c-451e-933c-f525a4e53f83,585dbe64-9d99-4f26-bfa5-0a8119439eff,1.573
4,3,567f1466-885c-451e-933c-f525a4e53f83,59ccbe6c-cdf7-4085-8a67-cc18847bd268,1.938
4,3,567f1466-885c-451e-933c-f525a4e53f83,5a65252c-b5a1-4f91-a26b-c512d05571fb,1.455
4,3,567f1466-885c-451e-933c-f525a4e53f83,5b6c9425-a061-42fd-b927-ac5459ea8594,1.355
4,3,567f1466-885c-451e-933c-f525a4e53f83,5c3c347d-748a-4536-aee0-74735647d628,1.376
4,3,567f1466-885c-451e-933c-f525a4e53f83,5c9f21bb-41f9-45b6-bab0-e735b5f8fbfe,1.208
4,3,567f1466-885c-451e-933c-f525a4e53f83,5e68d0bc-8919-4290-acb4-04fe71f2d6ab,0.987
4,3,567f1466-885c-451e-933c-f525a4e53f83,610067c7-8b5d-49f1-83a3-fe6d7f28296c,1.067
4,3,567f1466-885c-451e-933c-f525a4e53f83,6279c061-af8b-4b20-91c3-efcf478bdca3,0.995
4,3,567f1466-885c-451e-933c-f525a4e53f83,63fee9dd-1cb2-4dd2-93a6-97aeca639b1f,1.416
4,3,567f1466-885c-451e-933c-f525a4e53f83,646d00d7-0e24-45d8-a5c1-4e998917976b,1.364
4,3,567f1466-885c-451e-933c-f525a4e53f83,65f33d51-b5cf-42fa-8ee3-72ed698a58c4,1.657
4,3,567f1466-885c-451e-933c-f525a4e53f83,672e19be-0bc1-46cb-a70b-28951c9146fd,1.586
4,3,567f1466-885c-451e-933c-f525a4e53f83,6a07be49-c08c-4cbf-b43f-330c1399d278,1.953
4,3,567f1466-885c-451e-933c-f525a4e53f83,6a3f468a-c036-4987-9a51-7f5e57df835b,2.012
4,3,567f1466-885c-451e-933c-f525a4e53f83,6c1eae38-0e0d-44a4-9363-53e29bef47e3,1.622
4,3,567f1466-885c-451e-933c-f525a4e53f83,6d01e7d4-5885-4a3f-a92b-79b5fb7c3923,2.092
4,3,567f1466-885c-451e-933c-f525a4e53f83,6f845523-8cdf-47ea-8d8f-027170d2775d,1.568
4,3,567f1466-885c-451e-933c-f525a4e53f83,712711c8-4dee-46d1-aa0a-9f3e4e1d048e,1.329
4,3,567f1466-885c-451e-933c-f525a4e53f83,723b7522-a0e2-47b2-b565-08e488741232,1.445
4,3,567f1466-885c-451e-933c-f525a4e53f83,757d7f79-5cdd-439e-b0e7-ce69df44cb86,1.672
4,3,567f1466-885c-451e-933c-f525a4e53f83,7673acae-480b-4208-bbd9-6951751c4a96,1.701
4,3,567f1466-885c-451e-933c-f525a4e53f83,769ee277-c71c-4004-8f5d-fce92deb35e4,1.94
4,3,567f1466-885c-451e-933c-f525a4e53f83,78e81e0e-5f01-40d9-9197-bdf7cc9710b8,2.038
4,3,567f1466-885c-451e-933c-f525a4e53f83,7b339719-93f5-44e7-84d8-489ce3f72ee6,3.001
4,3,567f1466-885c-451e-933c-f525a4e53f83,7dd0775e-5967-4ed4-b141-15a55a302091,2.928
4,3,567f1466-885c-451e-933c-f525a4e53f83,7e804fd9-3c96-4ff4-b7ee-bccaea9450db,3.859
4,3,567f1466-885c-451e-933c-f525a4e53f83,806864d5-3ff6-49e7-9845-1f67cbfba344,3.373
4,3,567f1466-885c-451e-933c-f525a4e53f83,82c7ef81-0d9d-4420-9e48-79ad5e5f9b78,4.048
4,3,567f1466-885c-451e-933c-f525a4e53f83,8431d5e9-4051-455a-94f0-98b67146aa7b,2.402
4,3,567f1466-885c-451e-933c-f525a4e53f83,849ac1bf-d120-44db-9e14-0049bef6cfe4,1.866
4,3,567f1466-885c-451e-933c-f525a4e53f83,876019d8-6aee-4285-a72d-981cb2491833,1.265
4,3,567f1466-885c-451e-933c-f525a4e53f83,889f583d-d9c0-4c19-b35a-95f69014b061,1.239
4,3,567f1466-885c-451e-933c-f525a4e53f83,89296002-bccf-42c1-9cdd-a26cf9b6fba0,1.405
4,3,567f1466-885c-451e-933c-f525a4e53f83,89e40057-4f63-4277-b034-c25e54f00a45,1.447
4,3,567f1466-885c-451e-933c-f525a4e53f83,8c28794f-78f2-473d-bb21-7ead1d17ddb4,1.778
4,3,567f1466-885c-451e-933c-f525a4e53f83,8f15eca6-cc06-4865-9bd2-3b2528665804,2.463
4,3,567f1466-885c-451e-933c-f525a4e53f83,91368ae9-60f8-4c3a-b6ac-c80a82d159e4,1.973
4,3,567f1466-885c-451e-933c-f525a4e53f83,914db693-ce3e-4dcf-aeff-39b89214a451,2.763
4,3,567f1466-885c-451e-933c-f525a4e53f83,92c27bfc-d635-4150-a089-a4da118c5b64,3.383
4,3,567f1466-885c-451e-933c-f525a4e53f83,9325ac61-6c4a-42d2-ad0d-ce24ab42dea2,3.113
4,3,567f1466-885c-451e-933c-f525a4e53f83,95216ba3-faf4-4f7a-96f8-d8edd4c9e7be,1.99
4,3,567f1466-885c-451e-933c-f525a4e53f83,960a3309-9852-472f-a5ea-e64d5f5aef4d,1.568
4,3,567f1466-885c-451e-933c-f525a4e53f83,96dbaff4-1fcf-4753-87c0-34751f33e723,1.285
4,3,567f1466-885c-451e-933c-f525a4e53f83,988111a5-02c3-46a5-8e56-f38f090d7dbf,1.42
4,3,567f1466-885c-451e-933c-f525a4e53f83,9b233c5f-a34b-4a7c-ae30-23625910f5f6,1.614
4,3,567f1466-885c-451e-933c-f525a4e53f83,9e01e98a-c633-4ed9-bea1-df87d55cfbb2,1.563
4,3,567f1466-885c-451e-933c-f525a4e53f83,9f411f05-da92-4cf9-8d4e-813cd9c961e5,2.321
4,3,567f1466-885c-451e-933c-f525a4e53f83,a0e56cd4-ca58-48fe-b3a4-de01276278cb,2.021
4,3,567f1466-885c-451e-933c-f525a4e53f83,a23597bd-0456-462b-a313-543272587835,2.734
4,3,567f1466-885c-451e-933c-f525a4e53f83,a31296c0-fa87-43c7-921b-bf1156aeaf5c,6.522
4,3,567f1466-885c-451e-933c-f525a4e53f83,a46b722f-5a96-49fb-9f7b-f7973d69853a,3.612
4,3,567f1466-885c-451e-933c-f525a4e53f83,a62857b4-77f9-4011-98ec-18ae40060304,2.884
4,3,567f1466-885c-451e-933c-f525a4e53f83,a6e46e3e-2b80-47f0-b326-adc5ce4334d4,3.701
4,3,567f1466-885c-451e-933c-f525a4e53f83,a85fabc9-f72d-4a2a-8a3a-2f44f5b7b890,1.997
4,3,567f1466-885c-451e-933c-f525a4e53f83,acd2e7b5-ba1d-4ce2-9e34-4a845999fba0,1.661
4,3,567f1466-885c-451e-933c-f525a4e53f83,afc59cc0-40ad-4307-8a3a-0f7b60e41383,1.404
4,3,567f1466-885c-451e-933c-f525a4e53f83,b013f721-d451-48be-8668-23eb533412cd,1.275
4,3,567f1466-885c-451e-933c-f525a4e53f83,b0e1be70-aedc-42df-94a8-a7c12f25fb4d,1.347
4,3,567f1466-885c-451e-933c-f525a4e53f83,b323d78f-9c9a-4dff-ab77-a8fe6d77f985,1.79
4,3,567f1466-885c-451e-933c-f525a4e53f83,b41371f8-5931-4b72-be24-39f8da02e13b,2.042
4,3,567f1466-885c-451e-933c-f525a4e53f83,b55f6752-7446-424e-965a-ae979ac83d66,2.551
4,3,567f1466-885c-451e-933c-f525a4e53f83,b6e55a71-3fb8-49fe-9dd4-ffeb1226e5af,3.417
4,3,567f1466-885c-451e-933c-f525a4e53f83,b83f1734-5274-4769-ac0f-2ff6196c721e,2.5
4,3,567f1466-885c-451e-933c-f525a4e53f83,b9136ea3-4917-408d-ae51-7646bbbeb7b1,2.616
4,3,567f1466-885c-451e-933c-f525a4e53f83,ba75e816-7103-49f1-b1e3-0f21bfddafd4,3.346
4,3,567f1466-885c-451e-933c-f525a4e53f83,bc8c9791-2c23-46fa-b0b8-9462930e77dd,2.613
4,3,567f1466-885c-451e-933c-f525a4e53f83,c0405ba3-b1fa-444c-acd0-4b889569dc4a,1.605
4,3,567f1466-885c-451e-933c-f525a4e53f83,c27d4aa1-a716-4031-9cb0-6ec381c98f89,1.326
4,3,567f1466-885c-451e-933c-f525a4e53f83,c442f5b5-c8e8-4947-8953-b35aed0195e3,1.154
4,3,567f1466-885c-451e-933c-f525a4e53f83,c70a4dc2-3479-435c-bb75-8bbefe7a9008,1.128
4,3,567f1466-885c-451e-933c-f525a4e53f83,c8f777b2-e5da-4606-9164-2615629bdc68,1.553
4,3,567f1466-885c-451e-933c-f525a4e53f83,c93118c6-1f2b-4b65-ad0d-8c60816493ea,1.464
4,3,567f1466-885c-451e-933c-f525a4e53f83,cc0251f1-9102-47bf-a553-a22e85c80c22,1.53
4,3,567f1466-885c-451e-933c-f525a4e53f83,cca7a919-80d4-4bcd-a959-ba558bbc7e47,1.663
4,3,567f1466-885c-451e-933c-f525a4e53f83,ceaaec50-d4ff-4fd8-862a-6c08dae1696f,1.448
4,3,567f1466-885c-451e-933c-f525a4e53f83,d1b9b7ec-cd76-4bfe-adca-a90c001ce587,0.971
4,3,567f1466-885c-451e-933c-f525a4e53f83,d2d800a6-ed60-4bc2-add2-db7be683554e,0.812
4,3,567f1466-885c-451e-933c-f525a4e53f83,d30e2bd9-c6e2-44ee-afa7-4b441388c71a,1.285
4,3,567f1466-885c-451e-933c-f525a4e53f83,d476baa4-f89d-4f9c-ace5-3932de0e250e,1.315
4,3,567f1466-885c-451e-933c-f525a4e53f83,d6bdb38e-2974-4841-9525-2d34725824d4,1.142
4,3,567f1466-885c-451e-933c-f525a4e53f83,d94068dc-bc99-481c-9f67-9c6b6dda18f2,0.822
4,3,567f1466-885c-451e-933c-f525a4e53f83,da3245bb-4940-47c3-93ca-853075bbd301,0.762
4,3,567f1466-885c-451e-933c-f525a4e53f83,db19d657-acea-43c2-8ada-0a5592466c98,0.866
4,3,567f1466-885c-451e-933c-f525a4e53f83,dc766ac4-eda4-43b6-a95f-04e4e42040dc,0.988
4,3,567f1466-885c-451e-933c-f525a4e53f83,deda5157-5bf7-4c1c-b069-188d56527ac4,1.348
4,3,567f1466-885c-451e-933c-f525a4e53f83,e1313423-e6eb-42db-81ac-5f91956a38f0,1.287
4,3,567f1466-885c-451e-933c-f525a4e53f83,e27a675a-df8b-4a23-a66a-57d446ccf102,1.354
4,3,567f1466-885c-451e-933c-f525a4e53f83,e72e7320-005a-4fe0-a289-59ec0e4d43b0,1.502
4,3,567f1466-885c-451e-933c-f525a4e53f83,e9d1438e-f5e9-435c-909c-4db84c764563,1.905
4,3,567f1466-885c-451e-933c-f525a4e53f83,ec255f36-e35e-4b59-8e15-9fdc471b2502,1.999
4,3,567f1466-885c-451e-933c-f525a4e53f83,ee023078-957f-42bf-a9e8-ee3656759939,3.463
4,3,567f1466-885c-451e-933c-f525a4e53f83,ef95db27-339e-42b3-904e-ecfcefbcc952,1.893
4,3,567f1466-885c-451e-933c-f525a4e53f83,f167faf6-6e12-41bc-a9f9-9868d812e206,1.726
4,3,567f1466-885c-451e-933c-f525a4e53f83,f200af92-eba4-447d-a9c4-27e99cde1aa2,1.202
4,3,567f1466-885c-451e-933c-f525a4e53f83,f3ac6c3f-9485-467a-a91b-b32ce1929c56,1.403
4,3,567f1466-885c-451e-933c-f525a4e53f83,f5d7300a-824c-48eb-a022-3991e56ea361,0.924
4,3,567f1466-885c-451e-933c-f525a4e53f83,f878b8e9-54cb-4ea4-b965-b1da738e9e4b,1.295
4,3,567f1466-885c-451e-933c-f525a4e53f83,f9e31d10-979e-4ae3-96cd-1d04a4d46066,1.235
4,3,567f1466-885c-451e-933c-f525a4e53f83,fb8f273f-2346-4bfe-8702-58a461566c35,1.716
4,3,567f1466-885c-451e-933c-f525a4e53f83,fd9f5293-1d75-41c0-a9b1-3ca17649ab49,0.731
4,3,567f1466-885c-451e-933c-f525a4e53f83,feb770aa-6be8-4176-9cc6-9304493fce0d,2.247
8,1,b755602c-e81d-47ad-a39f-82fc2a500009,01c654aa-d430-4911-b87b-e731bfdddd09,4.283
8,1,b755602c-e81d-47ad-a39f-82fc2a500009,043e0c09-a631-46b6-8218-f3aad0900ba4,2.867
8,1,b755602c-e81d-47ad-a39f-82fc2a500009,083a24a1-3bc5-4ffe-9826-806bad3f599a,2.122
8,1,b755602c-e81d-47ad-a39f-82fc2a500009,0bb90774-e31d-414f-b415-a24717a35a34,1.98
8,1,b755602c-e81d-47ad-a39f-82fc2a500009,0e2ec7d6-000e-4b1d-b30a-bd908406d298,1.668
8,1,b755602c-e81d-47ad-a39f-82fc2a500009,137e01b9-97e1-4aa0-b498-93e6511f1f23,1.563
8,1,b755602c-e81d-47ad-a39f-82fc2a500009,18de5c7c-7db4-4397-a2de-8ef74c46e535,1.607
8,1,b755602c-e81d-47ad-a39f-82fc2a500009,1b4e20d9-170c-443a-af4a-cfc43d877720,1.607
8,1,b755602c-e81d-47ad-a39f-82fc2a500009,1d9f2bdf-5771-452e-9167-c872117962e1,1.88
8,1,b755602c-e81d-47ad-a39f-82fc2a500009,226fb63a-bdbd-4e07-9548-b3af21ea2dc5,2.026
8,1,b755602c-e81d-47ad-a39f-82fc2a500009,27355321-83b2-4521-8bf2-d85bfcae3940,2.155
8,1,b755602c-e81d-47ad-a39f-82fc2a500009,2afd906d-b281-4608-b1ad-d6741913e5d2,2.327
8,1,b755602c-e81d-47ad-a39f-82fc2a500009,2dc76ddf-89fe-4714-a7bd-1e952c861023,2.642
8,1,b755602c-e81d-47ad-a39f-82fc2a500009,308e36aa-fbdb-4c19-8851-d9f2f890b692,2.286
8,1,b755602c-e81d-47ad-a39f-82fc2a500009,32a8dbd7-8155-433a-8a8f-10a19fad4c40,3.264
8,1,b755602c-e81d-47ad-a39f-82fc2a500009,34e471a6-1c99-449d-874d-e149ae5e16a7,1.884
8,1,b755602c-e81d-47ad-a39f-82fc2a500009,381af6b5-50ea-49a6-900f-4f2d6426777d,1.336
8,1,b755602c-e81d-47ad-a39f-82fc2a500009,3ae8ebec-4728-46a6-a64a-2db9131beab3,1.307
8,1,b755602c-e81d-47ad-a39f-82fc2a500009,3e40d5af-472a-4394-9ec8-77b18b1fa99e,1.459
8,1,b755602c-e81d-47ad-a39f-82fc2a500009,3f26c2cc-4afb-4f3d-b11b-97d4acf26117,1.546
8,1,b755602c-e81d-47ad-a39f-82fc2a500009,42ef31e2-a78f-4e8c-9c70-cf96dbf4cc93,1.51
8,1,b755602c-e81d-47ad-a39f-82fc2a500009,46835668-54ea-47d0-b11a-31f782b20bf1,1.697
8,1,b755602c-e81d-47ad-a39f-82fc2a500009,498e7585-1765-4453-a7c2-78c8139718db,2.436
8,1,b755602c-e81d-47ad-a39f-82fc2a500009,4c909dfa-9a9f-4db4-9f18-41fcc784cdd7,1.718
8,1,b755602c-e81d-47ad-a39f-82fc2a500009,4f84d7db-44fe-418f-a0a3-fe34294e38ae,1.901
8,1,b755602c-e81d-47ad-a39f-82fc2a500009,56a042ba-d175-4b2b-8e10-9219ec6dee71,2.219
8,1,b755602c-e81d-47ad-a39f-82fc2a500009,58865088-7478-4c3e-b138-6418c67698cd,2.002
8,1,b755602c-e81d-47ad-a39f-82fc2a500009,5c184d2c-4ef6-4883-b7d2-2ff910fac2e1,1.965
8,1,b755602c-e81d-47ad-a39f-82fc2a500009,5e5f31de-43bd-4dd8-88e3-be52719eddd9,2.55
8,1,b755602c-e81d-47ad-a39f-82fc2a500009,61a883a7-d888-41d9-b826-cde0f654598e,1.319
8,1,b755602c-e81d-47ad-a39f-82fc2a500009,6498f6e1-8879-4503-bea7-0e456f9041fe,2.393
8,1,b755602c-e81d-47ad-a39f-82fc2a500009,67aff1df-e9d2-415e-be95-216b5384c091,1.682
8,1,b755602c-e81d-47ad-a39f-82fc2a500009,6b3c45e2-6f46-49dc-8743-64f16b29b5a5,1.382
8,1,b755602c-e81d-47ad-a39f-82fc2a500009,6ebdee84-781b-421c-85bb-5d72c5688b49,1.193
8,1,b755602c-e81d-47ad-a39f-82fc2a500009,72964a7d-b6e4-494c-852d-f7d5e4007472,1.638
8,1,b755602c-e81d-47ad-a39f-82fc2a500009,75d23ecb-f134-44a4-be32-9c6532aa24da,1.249
8,1,b755602c-e81d-47ad-a39f-82fc2a500009,77512730-21e2-472e-8cfe-36453a84d0c3,1.181
8,1,b755602c-e81d-47ad-a39f-82fc2a500009,7d8a69fe-1cf1-43f8-9bae-c12760265811,1.061
8,1,b755602c-e81d-47ad-a39f-82fc2a500009,7fd30739-f35e-464e-a48a-ef262909be1e,1.245
8,1,b755602c-e81d-47ad-a39f-82fc2a500009,828c6220-5044-4373-ab38-8e30b9cb1465,1.174
8,1,b755602c-e81d-47ad-a39f-82fc2a500009,8726d29f-3b02-478e-a61a-d61572a4a3b9,1.525
8,1,b755602c-e81d-47ad-a39f-82fc2a500009,89192cfb-690f-4983-bf32-2760054b4ed6,1.077
8,1,b755602c-e81d-47ad-a39f-82fc2a500009,8c26e268-a885-4b4d-b0b9-5bd583a8de13,1.21
8,1,b755602c-e81d-47ad-a39f-82fc2a500009,8e9d7e1b-da64-4bf2-8525-6c5d379b78af,1.122
8,1,b755602c-e81d-47ad-a39f-82fc2a500009,947be544-586f-414e-9a04-c94dd29bb86f,0.857
8,1,b755602c-e81d-47ad-a39f-82fc2a500009,983954c7-d534-4f1a-94fb-b40e39388053,1.166
8,1,b755602c-e81d-47ad-a39f-82fc2a500009,9c1c843e-5467-4e27-88d5-9c95b723bbd8,1.017
8,1,b755602c-e81d-47ad-a39f-82fc2a500009,9dd0d365-f524-4a8c-abbc-d44a505fb2aa,1.109
8,1,b755602c-e81d-47ad-a39f-82fc2a500009,a14d4de8-36b9-42d1-bcda-02e24bc783c2,1.543
8,1,b755602c-e81d-47ad-a39f-82fc2a500009,a660b62c-5559-4416-a6bf-877360533c32,1.294
8,1,b755602c-e81d-47ad-a39f-82fc2a500009,abd82a98-8b6b-49f6-97b2-672eac39be7f,2.117
8,1,b755602c-e81d-47ad-a39f-82fc2a500009,b07164aa-0022-4ab7-bd1e-8d8765cd7f73,1.767
8,1,b755602c-e81d-47ad-a39f-82fc2a500009,b39ba4dc-50a3-4a72-a1b6-b49d425589f0,1.954
8,1,b755602c-e81d-47ad-a39f-82fc2a500009,b4d7a744-ef57-4ecf-998f-09a03a21b41f,1.955
8,1,b755602c-e81d-47ad-a39f-82fc2a500009,b7ca8afc-2556-4c8c-a4aa-676c365795b5,2.051
8,1,b755602c-e81d-47ad-a39f-82fc2a500009,bc7af511-ba34-4b66-aeda-a7039d0c2709,1.417
8,1,b755602c-e81d-47ad-a39f-82fc2a500009,bf3f5157-b523-4ea4-b34e-b5d1282e6701,1.952
8,1,b755602c-e81d-47ad-a39f-82fc2a500009,c22dd7b0-8dbe-4cb9-8f15-cd602374749c,1.575
8,1,b755602c-e81d-47ad-a39f-82fc2a500009,c61c3222-f034-4210-a1a6-b8b3048e504a,1.721
8,1,b755602c-e81d-47ad-a39f-82fc2a500009,c7ab324d-f32b-4077-8fe0-7143d0e68f91,1.293
8,1,b755602c-e81d-47ad-a39f-82fc2a500009,ca26c9e0-6637-4c12-85cf-8c91ad85b91c,1.595
8,1,b755602c-e81d-47ad-a39f-82fc2a500009,cdec8ca7-ad84-436c-9669-6b6a0e9eb4b7,1.685
8,1,b755602c-e81d-47ad-a39f-82fc2a500009,d19975f0-a9a5-441a-8cd8-0278a38d2756,2.087
8,1,b755602c-e81d-47ad-a39f-82fc2a500009,d365bfb9-01bf-4cec-b443-c78451283325,2.066
8,1,b755602c-e81d-47ad-a39f-82fc2a500009,d9ebbe61-69fa-43cc-89f9-0ff33b85d3ad,3.69
8,1,b755602c-e81d-47ad-a39f-82fc2a500009,dd7b7e5c-397d-4e0d-8fbe-786734bfba54,3.253
8,1,b755602c-e81d-47ad-a39f-82fc2a500009,e20347d5-3a67-4c6a-a079-41a795cfe17c,1.873
8,1,b755602c-e81d-47ad-a39f-82fc2a500009,e3b80430-7990-487a-9edb-7e5669b77a29,3.55
8,1,b755602c-e81d-47ad-a39f-82fc2a500009,e561dbd9-89c5-449d-a761-93a8d01cb50d,3.034
8,1,b755602c-e81d-47ad-a39f-82fc2a500009,e86e0571-9625-4f72-a8f5-6252a50f951e,1.548
8,1,b755602c-e81d-47ad-a39f-82fc2a500009,f0c87da0-908f-4b57-a7c0-654f9689ce50,1.593
8,1,b755602c-e81d-47ad-a39f-82fc2a500009,f2c0b239-1ccb-4936-9ca8-dc2a33465c1a,1.493
8,1,b755602c-e81d-47ad-a39f-82fc2a500009,f47e56c4-34ba-4b8e-baee-bd3a8db44acf,1.116
8,1,b755602c-e81d-47ad-a39f-82fc2a500009,f74f6470-f756-42db-b481-e7eb50a58a7a,1.362
8,1,b755602c-e81d-47ad-a39f-82fc2a500009,f9f428ab-4018-4c49-9876-b293289c6e5c,1.646
8,1,b755602c-e81d-47ad-a39f-82fc2a500009,ff217356-17b9-4dfd-9e4c-f3502377a4cd,1.7
8,1,b755602c-e81d-47ad-a39f-82fc2a500009,009ae907-d824-4e3f-867a-4126ca3b26c5,5.818
8,1,b755602c-e81d-47ad-a39f-82fc2a500009,02eab7f9-6a70-4827-b990-afe89407e2c8,3.684
8,1,b755602c-e81d-47ad-a39f-82fc2a500009,0643b298-24c9-42e7-843e-c958bb6c6e8e,2.734
8,1,b755602c-e81d-47ad-a39f-82fc2a500009,0b0dfa2e-bb1d-406b-bb55-f021ffc502c4,1.904
8,1,b755602c-e81d-47ad-a39f-82fc2a500009,0eab52f2-2753-489f-a635-d5440ada57d8,1.817
8,1,b755602c-e81d-47ad-a39f-82fc2a500009,134aad51-56b5-4880-8688-2b67934b2085,1.759
8,1,b755602c-e81d-47ad-a39f-82fc2a500009,173e4923-db07-4222-aaa4-5dbbe3158e79,1.478
8,1,b755602c-e81d-47ad-a39f-82fc2a500009,1cba932d-964a-4b38-bd2a-df8d3c95f388,1.533
8,1,b755602c-e81d-47ad-a39f-82fc2a500009,1f560530-2bd5-4b17-ad6f-97e6152aba69,2.07
8,1,b755602c-e81d-47ad-a39f-82fc2a500009,24371d6d-633c-4d58-8075-943ef9754a27,1.976
8,1,b755602c-e81d-47ad-a39f-82fc2a500009,267d8d93-c904-48ed-842e-cccd6b53b3a8,2.118
8,1,b755602c-e81d-47ad-a39f-82fc2a500009,28132d25-6f29-48b4-9e71-60040e2e4a76,2.014
8,1,b755602c-e81d-47ad-a39f-82fc2a500009,2d100e8c-fd4c-48e2-9f5a-a9149444a818,2.281
8,1,b755602c-e81d-47ad-a39f-82fc2a500009,2f114745-d5c5-44e0-b633-e928b53ee4f2,2.903
8,1,b755602c-e81d-47ad-a39f-82fc2a500009,31dc0c1c-c580-4915-8ef1-9e436f77cc31,3.698
8,1,b755602c-e81d-47ad-a39f-82fc2a500009,33f248ea-4ff3-4a8c-8ef1-2b42a0b31724,1.98
8,1,b755602c-e81d-47ad-a39f-82fc2a500009,372a4820-cb52-45d7-8388-5b8da096c5d9,1.584
8,1,b755602c-e81d-47ad-a39f-82fc2a500009,3a187461-1009-4dd9-a615-35217e8e8c3f,1.612
8,1,b755602c-e81d-47ad-a39f-82fc2a500009,3e9c8273-0069-4a20-b4f3-c82e735faa51,1.576
8,1,b755602c-e81d-47ad-a39f-82fc2a500009,4009cb5c-5b08-4e40-9baa-f1ae40f36347,1.225
8,1,b755602c-e81d-47ad-a39f-82fc2a500009,42dd489c-4595-4937-ba51-3a1dd6ed5c6a,1.366
8,1,b755602c-e81d-47ad-a39f-82fc2a500009,465e3c4f-39d6-46d3-a022-856e8383f7fa,1.534
8,1,b755602c-e81d-47ad-a39f-82fc2a500009,4938f10a-57be-4015-a2d4-8e440017ce4e,1.701
8,1,b755602c-e81d-47ad-a39f-82fc2a500009,4b78361c-56e1-4384-95bb-264bef954405,1.941
8,1,b755602c-e81d-47ad-a39f-82fc2a500009,503da331-e684-42ac-81a4-82a0aef23bf5,2.137
8,1,b755602c-e81d-47ad-a39f-82fc2a500009,56e01b0b-26c8-456c-b8c3-7b80bd39849f,2.495
8,1,b755602c-e81d-47ad-a39f-82fc2a500009,5aae59b4-bb60-4117-8a10-423673933cab,2.485
8,1,b755602c-e81d-47ad-a39f-82fc2a500009,5d74d52d-1e45-4d30-beb9-617b80ce8fcb,1.85
8,1,b755602c-e81d-47ad-a39f-82fc2a500009,5f7eadc8-6709-4cef-a22a-0ca72d77e194,2.256
8,1,b755602c-e81d-47ad-a39f-82fc2a500009,60abbc11-4e53-4af3-9545-cdce0f792892,1.833
8,1,b755602c-e81d-47ad-a39f-82fc2a500009,62a984a4-6ae9-4987-ac6a-c43b0f675d21,1.949
8,1,b755602c-e81d-47ad-a39f-82fc2a500009,6636fed8-aab1-4dfe-b5c3-bfea387c4d56,1.857
8,1,b755602c-e81d-47ad-a39f-82fc2a500009,68a14c7e-60d3-4196-8d53-50c06669c62d,1.462
8,1,b755602c-e81d-47ad-a39f-82fc2a500009,6d09c560-22c4-4750-8995-ee9e1cb4cc2b,1.225
8,1,b755602c-e81d-47ad-a39f-82fc2a500009,7094c226-8fad-4c72-9c93-1801e250ddea,1.584
8,1,b755602c-e81d-47ad-a39f-82fc2a500009,74e6e845-d900-43a6-9cf5-1e1508992add,1.516
8,1,b755602c-e81d-47ad-a39f-82fc2a500009,77779ccb-8d27-415a-b5f9-6ec9e57d1755,1.318
8,1,b755602c-e81d-47ad-a39f-82fc2a500009,7d4b9417-94be-4a75-ab8a-76f2089bbc9d,1.031
8,1,b755602c-e81d-47ad-a39f-82fc2a500009,80a19d63-a6c2-4a64-8ae4-e65e0a150df3,1.036
8,1,b755602c-e81d-47ad-a39f-82fc2a500009,820a6b76-830d-4e0c-a5ef-c26dcd3528da,0.939
8,1,b755602c-e81d-47ad-a39f-82fc2a500009,851c4c52-6bfa-4824-9dee-95d41cf81d48,1.224
8,1,b755602c-e81d-47ad-a39f-82fc2a500009,8a3eafe7-8e5d-4707-b3d3-ee6c77fa27ea,1.32
8,1,b755602c-e81d-47ad-a39f-82fc2a500009,8ccec91b-a786-4795-b222-f6291f6eda00,1.263
8,1,b755602c-e81d-47ad-a39f-82fc2a500009,90406452-f8f6-4c6d-93da-abe5f7759073,0.855
8,1,b755602c-e81d-47ad-a39f-82fc2a500009,9733a001-f2a3-40a5-bc26-f97f3452fc89,0.945
8,1,b755602c-e81d-47ad-a39f-82fc2a500009,9975c59c-e532-472b-a0e2-91f8ca2808d2,0.853
8,1,b755602c-e81d-47ad-a39f-82fc2a500009,9c34992e-ca05-48ed-a294-a3d58d115f6a,1.123
8,1,b755602c-e81d-47ad-a39f-82fc2a500009,9ea67e13-60b8-4f41-9b27-52b7eaad9dad,1.221
8,1,b755602c-e81d-47ad-a39f-82fc2a500009,a2e6cc4f-9629-46d2-9db0-1491c601fa25,1.483
8,1,b755602c-e81d-47ad-a39f-82fc2a500009,a5723bfb-6bb5-40c4-ad37-6fbe3aa369dd,1.332
8,1,b755602c-e81d-47ad-a39f-82fc2a500009,abcbcf16-52db-4c68-b180-ba7ae69511d8,1.774
8,1,b755602c-e81d-47ad-a39f-82fc2a500009,ae296ae9-26ab-4da1-b2f9-14a4e83588ef,1.408
8,1,b755602c-e81d-47ad-a39f-82fc2a500009,b33b326e-188c-48d3-9698-82ed35ac9abf,1.914
8,1,b755602c-e81d-47ad-a39f-82fc2a500009,b6bdd4f3-dbed-41d3-8469-4a2f4d88be83,2.111
8,1,b755602c-e81d-47ad-a39f-82fc2a500009,b8e968c0-d0e9-4735-97c5-84d32bab667d,2.354
8,1,b755602c-e81d-47ad-a39f-82fc2a500009,bc42e851-5b6a-47d0-8c0e-0c2d2f756d97,1.546
8,1,b755602c-e81d-47ad-a39f-82fc2a500009,bec9795e-7027-442b-8554-516d632f8e29,1.872
8,1,b755602c-e81d-47ad-a39f-82fc2a500009,c228317f-4124-451f-8dcb-0720d8523581,1.598
8,1,b755602c-e81d-47ad-a39f-82fc2a500009,c4acd3e5-030b-446d-b4ee-8e7069a09fb1,1.679
8,1,b755602c-e81d-47ad-a39f-82fc2a500009,c7cd9e31-b1f3-4527-8777-8a81e2e13ef7,1.278
8,1,b755602c-e81d-47ad-a39f-82fc2a500009,ccfb70dc-2ead-457b-bf7d-84f3f56a4207,1.694
8,1,b755602c-e81d-47ad-a39f-82fc2a500009,cf1c9fba-f6b4-4ed2-b407-71e6a7f9de8e,1.609
8,1,b755602c-e81d-47ad-a39f-82fc2a500009,d22ba98d-d50a-498f-995f-48383aefb976,1.648
8,1,b755602c-e81d-47ad-a39f-82fc2a500009,d5bc8249-547a-474d-aa61-ef3212c104f8,1.881
8,1,b755602c-e81d-47ad-a39f-82fc2a500009,d9fd086b-ee60-49df-b929-f703b7280fda,5.094
8,1,b755602c-e81d-47ad-a39f-82fc2a500009,df2bccec-6ec0-4d3c-9d0b-1106d65efe30,4.846
8,1,b755602c-e81d-47ad-a39f-82fc2a500009,e1a938c5-8921-4817-81b1-aaf06867e493,5.116
8,1,b755602c-e81d-47ad-a39f-82fc2a500009,e2e31bda-c6ec-4306-b17d-6b1a92d9e037,3.768
8,1,b755602c-e81d-47ad-a39f-82fc2a500009,e50712a1-0fee-416a-a91b-23b7fa43eaca,3.928
8,1,b755602c-e81d-47ad-a39f-82fc2a500009,e8c140d4-08a4-4e35-b708-029222b6ffb0,1.543
8,1,b755602c-e81d-47ad-a39f-82fc2a500009,ebfe82fd-f6c0-4d2d-8f31-7daa87af82f4,1.434
8,1,b755602c-e81d-47ad-a39f-82fc2a500009,f24c67c3-1fd4-429e-8fa4-9abdfde6c20f,1.247
8,1,b755602c-e81d-47ad-a39f-82fc2a500009,f4c0862d-c50d-4c7c-b273-0d2e25c325fb,1.328
8,1,b755602c-e81d-47ad-a39f-82fc2a500009,f83f5e5d-0724-40ff-812a-b9af5d92868f,1.583
8,1,b755602c-e81d-47ad-a39f-82fc2a500009,fb692aa3-d456-4b61-9b8a-4e0f26bf721a,1.791
8,1,b755602c-e81d-47ad-a39f-82fc2a500009,02016115-55aa-405d-ad2a-dac01a4ce1d8,3.449
8,1,b755602c-e81d-47ad-a39f-82fc2a500009,046290ba-b887-4aff-87e5-c636093b0d2d,2.046
8,1,b755602c-e81d-47ad-a39f-82fc2a500009,085ebb56-5817-4795-82e2-5cec8f87f7fb,1.61
8,1,b755602c-e81d-47ad-a39f-82fc2a500009,0c598e0a-064e-4b1f-a7c8-6d3210daa2e0,2.422
8,1,b755602c-e81d-47ad-a39f-82fc2a500009,0f376721-293d-4161-95bd-59197cd3bdb0,1.737
8,1,b755602c-e81d-47ad-a39f-82fc2a500009,13fab8c1-b3f9-4970-b9db-bc8cd406b99d,1.698
8,1,b755602c-e81d-47ad-a39f-82fc2a500009,18e39cc5-9492-437b-ac65-e7d997c408d5,1.349
8,1,b755602c-e81d-47ad-a39f-82fc2a500009,1cd4884f-e38e-4b84-b050-ee84267785e1,1.604
8,1,b755602c-e81d-47ad-a39f-82fc2a500009,20d34f6f-5b16-4aa5-b1ca-ca696d90b7a5,1.722
8,1,b755602c-e81d-47ad-a39f-82fc2a500009,25476b36-6f47-403d-99a7-3edbece08b27,1.661
8,1,b755602c-e81d-47ad-a39f-82fc2a500009,27f6530b-655e-41ad-8c77-701353733bfb,1.914
8,1,b755602c-e81d-47ad-a39f-82fc2a500009,2cf490ad-6ce4-405f-903b-970ee8eca4ac,2.2
8,1,b755602c-e81d-47ad-a39f-82fc2a500009,2e934216-d9ca-430c-ad09-0f4c2455463d,1.984
8,1,b755602c-e81d-47ad-a39f-82fc2a500009,310f9c6e-5cf2-4dbc-8a44-cf77a8047a2d,1.937
8,1,b755602c-e81d-47ad-a39f-82fc2a500009,3348b277-dd4f-462c-8231-780c619d959a,1.829
8,1,b755602c-e81d-47ad-a39f-82fc2a500009,36f6f8a5-f102-448f-9fb7-070291f5ffcd,2.285
8,1,b755602c-e81d-47ad-a39f-82fc2a500009,38362f7e-e9a3-4faf-96f4-5817d3ec5fe6,1.536
8,1,b755602c-e81d-47ad-a39f-82fc2a500009,3c156515-835e-403e-9d3d-6aa7c1a7a2f2,1.121
8,1,b755602c-e81d-47ad-a39f-82fc2a500009,3ee4ea29-8e83-4f8f-82ca-a3b7ea7a83a6,1.458
8,1,b755602c-e81d-47ad-a39f-82fc2a500009,05569198-fbd4-406b-8c36-c8d5f2de9dc3,2.395
8,1,b755602c-e81d-47ad-a39f-82fc2a500009,08a55096-2f9d-49f5-ad20-0006f6896b9b,1.39
8,1,b755602c-e81d-47ad-a39f-82fc2a500009,0bd0ea64-0d9c-4132-8991-3e7ec1e11804,2.372
8,1,b755602c-e81d-47ad-a39f-82fc2a500009,0eae95e3-8817-4cc4-8f98-25b0e4f781bd,1.73
8,1,b755602c-e81d-47ad-a39f-82fc2a500009,14efe2de-6e50-4436-8b44-72e86623a3a0,1.529
8,1,b755602c-e81d-47ad-a39f-82fc2a500009,19f4db74-49aa-4a64-8872-9b7bf9b3959b,1.428
8,1,b755602c-e81d-47ad-a39f-82fc2a500009,1ce5ad7f-4dab-4f78-bca0-65c63cee18d5,1.64
8,1,b755602c-e81d-47ad-a39f-82fc2a500009,21814ffd-4486-47bf-8973-ddc7c3df9c35,1.785
8,1,b755602c-e81d-47ad-a39f-82fc2a500009,24c49cca-735d-47d6-b344-7aa110d36f2e,1.65
8,1,b755602c-e81d-47ad-a39f-82fc2a500009,2773f081-2c4f-4ddb-b10f-b26bb212c806,1.982
8,1,b755602c-e81d-47ad-a39f-82fc2a500009,2caab501-a394-4a3a-ab53-7ec8dfecb447,2.194
8,1,b755602c-e81d-47ad-a39f-82fc2a500009,2e641cbc-0dd5-45d1-a54c-83bdca55b1bc,1.896
8,1,b755602c-e81d-47ad-a39f-82fc2a500009,4174cb47-c801-4913-919f-6d1cad8b39ea,1.3
8,1,b755602c-e81d-47ad-a39f-82fc2a500009,4413f21d-3feb-42ae-8324-58ea306be2e6,1.438
8,1,b755602c-e81d-47ad-a39f-82fc2a500009,47746c8b-d0b3-4c56-a694-f1c5c121a36c,1.435
8,1,b755602c-e81d-47ad-a39f-82fc2a500009,31041f14-741c-44f5-8537-7ef023cbcd1e,2.032
8,1,b755602c-e81d-47ad-a39f-82fc2a500009,3355d19f-aaee-417e-b362-78c4e1b0f7ea,1.768
8,1,b755602c-e81d-47ad-a39f-82fc2a500009,37024a1a-a9d7-4cb3-9bb6-f223d4351273,1.743
8,1,b755602c-e81d-47ad-a39f-82fc2a500009,38ac9b7c-1db7-4fa6-a6f5-8e1d9f72442c,1.512
8,1,b755602c-e81d-47ad-a39f-82fc2a500009,4a6e9a3d-ded5-4899-8c5c-f8c3c2d3ccf8,1.825
8,1,b755602c-e81d-47ad-a39f-82fc2a500009,4cd83aec-2f0a-447c-8302-40b9f334face,1.657
8,1,b755602c-e81d-47ad-a39f-82fc2a500009,544b0bba-a771-4c22-8622-0a6b58c7c466,1.521
8,1,b755602c-e81d-47ad-a39f-82fc2a500009,58083357-ac1e-4cb1-bebe-3d7e5c50dae8,2.04
8,1,b755602c-e81d-47ad-a39f-82fc2a500009,3cad87c5-bb7c-4433-b45f-a2885c6a84c7,1.2
8,1,b755602c-e81d-47ad-a39f-82fc2a500009,3eeb82bf-e202-4ebb-9a9b-05a7bf50124f,1.109
8,1,b755602c-e81d-47ad-a39f-82fc2a500009,41e0085e-4745-41cd-8411-d4e2107ad9fb,1.274
8,1,b755602c-e81d-47ad-a39f-82fc2a500009,448be19f-0324-4646-8c81-2fbb8b94f02b,1.371
8,1,b755602c-e81d-47ad-a39f-82fc2a500009,485a648c-9333-40e2-8195-9bc8f0efd4c0,1.349
8,1,b755602c-e81d-47ad-a39f-82fc2a500009,4af905db-f69f-45bf-b3d7-0410c87cc578,1.817
8,1,b755602c-e81d-47ad-a39f-82fc2a500009,4e5f6039-ae98-4135-b34d-c44f0e98cdef,1.888
8,1,b755602c-e81d-47ad-a39f-82fc2a500009,545bc2df-cb7a-4395-b407-77eddfa66f14,1.477
8,1,b755602c-e81d-47ad-a39f-82fc2a500009,581646d1-6ec8-4545-bb44-153c5eb0e7aa,1.99
8,1,b755602c-e81d-47ad-a39f-82fc2a500009,5b0dda13-7be5-4185-8e15-6e45881cfa01,1.646
8,1,b755602c-e81d-47ad-a39f-82fc2a500009,5da6223b-f2bc-4348-8475-9764b6c57c58,1.615
8,1,b755602c-e81d-47ad-a39f-82fc2a500009,5ac29bc4-05bf-425b-8674-35f4f44aae31,1.904
8,1,b755602c-e81d-47ad-a39f-82fc2a500009,5d7f6bd6-0fe9-4097-aa87-9541c4241121,1.645
8,1,b755602c-e81d-47ad-a39f-82fc2a500009,6037b22e-7dbb-4121-a2e8-ec52db9d5a0b,1.577
8,1,b755602c-e81d-47ad-a39f-82fc2a500009,603ec66f-b99c-4654-8d96-690c84d7e736,1.738
8,1,b755602c-e81d-47ad-a39f-82fc2a500009,626017a0-0249-4bb5-a0c4-f024c45d58f1,1.327
8,1,b755602c-e81d-47ad-a39f-82fc2a500009,64a8e6a1-9ea2-49e4-ba05-1e1e48f3e1b1,1.616
8,1,b755602c-e81d-47ad-a39f-82fc2a500009,67d35d6a-04c9-4bf7-b2d4-36acd51893e7,1.623
8,1,b755602c-e81d-47ad-a39f-82fc2a500009,62651be2-7814-4a2d-89aa-d7f0017b0f2b,1.111
8,1,b755602c-e81d-47ad-a39f-82fc2a500009,64e4495a-5fd4-45fc-8a11-e05499c9a0b0,1.321
8,1,b755602c-e81d-47ad-a39f-82fc2a500009,67daabe4-6561-437b-beed-85a4300ca555,1.448
8,1,b755602c-e81d-47ad-a39f-82fc2a500009,6b5ff01b-293d-4e30-86a7-180a6651c51c,1.079
8,1,b755602c-e81d-47ad-a39f-82fc2a500009,6b48c521-f549-42d0-89f7-94ab48f77a49,1.211
8,1,b755602c-e81d-47ad-a39f-82fc2a500009,6f2fa1c8-bffd-4510-a9e1-9b8fd3b2aebc,1.174
8,1,b755602c-e81d-47ad-a39f-82fc2a500009,73d6d4c7-ed02-40ab-a5c8-c26a6e2fc8ef,1.513
8,1,b755602c-e81d-47ad-a39f-82fc2a500009,772cc654-f64f-418f-9d2a-d3e6149b56c4,1.151
8,1,b755602c-e81d-47ad-a39f-82fc2a500009,7ac65b2c-c3fb-42f2-ab15-d94206dd7e67,0.906
8,1,b755602c-e81d-47ad-a39f-82fc2a500009,7f0ef2c3-bd4c-43e5-a4de-01ca9b0486a7,0.791
8,1,b755602c-e81d-47ad-a39f-82fc2a500009,81c3e3d0-5adb-447a-b7a3-b961b5ade15b,0.902
8,1,b755602c-e81d-47ad-a39f-82fc2a500009,84b33333-670a-49b0-8d06-5b1c1960c2a7,0.845
8,1,b755602c-e81d-47ad-a39f-82fc2a500009,88365ea3-c8bb-4b50-9cb5-0716a14d2ef0,0.862
8,1,b755602c-e81d-47ad-a39f-82fc2a500009,6fa997fb-b238-4477-a24d-fab03daf1f83,1.169
8,1,b755602c-e81d-47ad-a39f-82fc2a500009,738025e6-e6d8-4aa5-81af-579f9ea4dbdf,1.555
8,1,b755602c-e81d-47ad-a39f-82fc2a500009,8afe9622-de1e-47ee-ab83-0f5375990eb4,1.066
8,1,b755602c-e81d-47ad-a39f-82fc2a500009,8e6532b6-53c2-4c96-95d5-7e155f91f19a,0.878
8,1,b755602c-e81d-47ad-a39f-82fc2a500009,76c363a2-bc22-463c-8fda-cfc6f01a8769,1.154
8,1,b755602c-e81d-47ad-a39f-82fc2a500009,932b9983-662f-48d9-8b3c-c69b6d5f1e33,0.774
8,1,b755602c-e81d-47ad-a39f-82fc2a500009,97fe90b5-1c4a-4355-a2cf-07f470b3ac12,0.837
8,1,b755602c-e81d-47ad-a39f-82fc2a500009,9b691571-4d4b-4fc7-a7cd-ac585715fbd0,0.781
8,1,b755602c-e81d-47ad-a39f-82fc2a500009,7a70cf38-a008-4186-9534-20e64ed81478,0.939
8,1,b755602c-e81d-47ad-a39f-82fc2a500009,7ef39c4a-54c3-4b49-a8ea-686a138fe324,0.825
8,1,b755602c-e81d-47ad-a39f-82fc2a500009,81b02706-28c3-4944-8941-6591d833e3b1,0.888
8,1,b755602c-e81d-47ad-a39f-82fc2a500009,9da8b6de-151e-4e80-91c3-f9471b9d5c0a,0.804
8,1,b755602c-e81d-47ad-a39f-82fc2a500009,a030e690-804e-42fc-aa27-9fff10b5825e,0.939
8,1,b755602c-e81d-47ad-a39f-82fc2a500009,a4399026-7e6d-4c79-ab08-e5edd677e563,1.0
8,1,b755602c-e81d-47ad-a39f-82fc2a500009,a8fe76a2-0879-4449-8589-dee13963d408,1.135
8,1,b755602c-e81d-47ad-a39f-82fc2a500009,ac4d6215-cac3-4f2b-9f67-6f3181860c02,1.185
8,1,b755602c-e81d-47ad-a39f-82fc2a500009,b2eaa674-bff8-4c8b-8570-de0a1049b4e1,1.199
8,1,b755602c-e81d-47ad-a39f-82fc2a500009,b418859e-4f7a-4cef-b56f-5d59e3e01fed,1.209
8,1,b755602c-e81d-47ad-a39f-82fc2a500009,b7920361-c0ff-4a68-b1e0-8765145012a1,1.196
8,1,b755602c-e81d-47ad-a39f-82fc2a500009,bab4f1a0-e6b1-4aff-869b-107de8f4f117,1.602
8,1,b755602c-e81d-47ad-a39f-82fc2a500009,bdb1aa65-fefd-4e16-85e9-0e0a7328066f,0.957
8,1,b755602c-e81d-47ad-a39f-82fc2a500009,842ea969-50b8-47b6-83f8-baea8b1e2802,0.857
8,1,b755602c-e81d-47ad-a39f-82fc2a500009,8740eebc-11ff-46f9-84ff-425f3208bafa,1.02
8,1,b755602c-e81d-47ad-a39f-82fc2a500009,c1315ade-278a-4550-9565-234f01529baf,1.364
8,1,b755602c-e81d-47ad-a39f-82fc2a500009,c45c6484-8172-4a41-a459-fa5afa6b066a,1.236
8,1,b755602c-e81d-47ad-a39f-82fc2a500009,8ae3fe44-718c-4526-8221-b6cc4b8c1f74,1.238
8,1,b755602c-e81d-47ad-a39f-82fc2a500009,8e37eebd-286a-4b70-acf2-ad65140e7994,1.017
8,1,b755602c-e81d-47ad-a39f-82fc2a500009,92f1e97e-3262-47b1-af8b-cf09315d3d81,0.73
8,1,b755602c-e81d-47ad-a39f-82fc2a500009,c6b0f22c-777d-4f3f-a194-afaf0ae35500,1.366
8,1,b755602c-e81d-47ad-a39f-82fc2a500009,977ccf77-4d6a-4f17-987c-e631b1947863,0.84
8,1,b755602c-e81d-47ad-a39f-82fc2a500009,9a4e96df-3e99-4bdf-86dc-3b25cbb8ddc8,0.82
8,1,b755602c-e81d-47ad-a39f-82fc2a500009,9cf267e6-126a-4d4e-90d7-1800c4c53834,1.004
8,1,b755602c-e81d-47ad-a39f-82fc2a500009,a0033c23-dcee-4f0b-a310-6858cf902375,0.972
8,1,b755602c-e81d-47ad-a39f-82fc2a500009,c88920be-cbd9-4946-98bc-ffec324d1d9a,1.265
8,1,b755602c-e81d-47ad-a39f-82fc2a500009,c9cd7a26-6483-42a9-9998-c0484d059f83,1.592
8,1,b755602c-e81d-47ad-a39f-82fc2a500009,cd701678-1420-4c8c-8b87-0b4a1333ca9c,1.807
8,1,b755602c-e81d-47ad-a39f-82fc2a500009,d05e656c-c5e1-4cd3-963a-8dbb086913f5,1.753
8,1,b755602c-e81d-47ad-a39f-82fc2a500009,d4a72465-c651-42a2-99b3-d3d82cfd51b1,1.878
8,1,b755602c-e81d-47ad-a39f-82fc2a500009,dd030555-ebd6-405e-8abe-5023a6ab94fe,5.213
8,1,b755602c-e81d-47ad-a39f-82fc2a500009,a3e90c8a-f787-47f1-9bc4-ec6f8e235c4e,1.008
8,1,b755602c-e81d-47ad-a39f-82fc2a500009,a861af42-2c91-4246-870b-e72379f448be,0.972
8,1,b755602c-e81d-47ad-a39f-82fc2a500009,df09b78c-9a02-4718-ad5d-daf4c8017b6f,4.836
8,1,b755602c-e81d-47ad-a39f-82fc2a500009,e14b2d23-12d9-4f25-bf3e-e04814756952,4.829
8,1,b755602c-e81d-47ad-a39f-82fc2a500009,e4652200-4271-4160-b7c3-8986584aa639,1.893
8,1,b755602c-e81d-47ad-a39f-82fc2a500009,ac1ea217-8874-437e-8232-cc0e1bd73048,1.14
8,1,b755602c-e81d-47ad-a39f-82fc2a500009,b20b9a92-08d3-4a1c-8ac4-43bf1f21520b,1.128
8,1,b755602c-e81d-47ad-a39f-82fc2a500009,e78e6f74-6464-4736-8b56-1d1f5ae72fe9,2.472
8,1,b755602c-e81d-47ad-a39f-82fc2a500009,e9975116-6da4-437f-90ec-08cc947ceaab,1.494
8,1,b755602c-e81d-47ad-a39f-82fc2a500009,b4148635-092d-41f3-b915-e7ace1f78566,1.41
8,1,b755602c-e81d-47ad-a39f-82fc2a500009,ee908ea8-86ce-4fb8-9f34-7bd95c30b750,1.468
8,1,b755602c-e81d-47ad-a39f-82fc2a500009,f173bd02-d134-4f13-8823-57703d442fd3,1.172
8,1,b755602c-e81d-47ad-a39f-82fc2a500009,f58b9631-42ed-4a65-a8d6-8174584f92fc,1.561
8,1,b755602c-e81d-47ad-a39f-82fc2a500009,f94272ff-35e4-4940-9dde-3bfcc70bb6be,1.469
8,1,b755602c-e81d-47ad-a39f-82fc2a500009,ff0c42e0-9a3a-42a1-b1b0-0749730cab4d,2.012
8,1,b755602c-e81d-47ad-a39f-82fc2a500009,b76d461a-8581-4ed0-aa03-6b77597b0b7d,1.212
8,1,b755602c-e81d-47ad-a39f-82fc2a500009,ba915c3d-97a5-4c99-a468-3fdec914d002,1.556
8,1,b755602c-e81d-47ad-a39f-82fc2a500009,be7bc642-c678-49be-90a6-1dd5bb5b4115,1.065
8,1,b755602c-e81d-47ad-a39f-82fc2a500009,c1eae5e2-ec1d-4f9c-9ef8-9f4aefe5ac60,1.704
8,1,b755602c-e81d-47ad-a39f-82fc2a500009,c384875a-fd26-4550-82db-1603e81235ad,1.062
8,1,b755602c-e81d-47ad-a39f-82fc2a500009,c65eb3b0-1660-4f0c-9f10-7fa0c3a390b3,1.336
8,1,b755602c-e81d-47ad-a39f-82fc2a500009,c8e2d662-4730-461f-91fa-3a5e59846675,1.49
8,1,b755602c-e81d-47ad-a39f-82fc2a500009,ca5dbc06-afd9-46e5-91fd-89d9f63c19f1,1.63
8,1,b755602c-e81d-47ad-a39f-82fc2a500009,cecd826a-0310-43e2-9395-a4af0179b6a6,2.03
8,1,b755602c-e81d-47ad-a39f-82fc2a500009,d126b219-f30e-4472-840d-4823c547e22f,1.712
8,1,b755602c-e81d-47ad-a39f-82fc2a500009,d3175a6c-d62a-453b-b5d5-049abeb9764f,1.891
8,1,b755602c-e81d-47ad-a39f-82fc2a500009,da147a2d-484a-439d-92f1-c62f0ebc67b8,4.476
8,1,b755602c-e81d-47ad-a39f-82fc2a500009,dee5f6b9-524e-4e38-85a1-9e629ba78f82,4.449
8,1,b755602c-e81d-47ad-a39f-82fc2a500009,e24dc63f-ce36-4f52-9cca-79f806b87db9,2.139
8,1,b755602c-e81d-47ad-a39f-82fc2a500009,e3e6c58c-b969-4500-b065-a7419850e3c0,1.837
8,1,b755602c-e81d-47ad-a39f-82fc2a500009,e82235c5-8513-4dd5-abac-f63aae3231cd,2.421
8,1,b755602c-e81d-47ad-a39f-82fc2a500009,eb23baa4-216f-4325-b217-8c25bfb26ee1,1.078
8,1,b755602c-e81d-47ad-a39f-82fc2a500009,efce2c38-ea81-4cb4-bfe9-fe97362c0225,1.326
8,1,b755602c-e81d-47ad-a39f-82fc2a500009,f2f5724b-d1f3-4625-a72b-b4ebbc080fdd,1.513
8,1,b755602c-e81d-47ad-a39f-82fc2a500009,f49df555-f7e3-4aba-a393-40fbc6513988,1.625
8,1,b755602c-e81d-47ad-a39f-82fc2a500009,f6e7a376-28c8-4374-8f26-b8250d2a629f,1.447
8,1,b755602c-e81d-47ad-a39f-82fc2a500009,fa611387-4f87-4959-bf09-6cb6e1291d8d,1.615
8,1,b755602c-e81d-47ad-a39f-82fc2a500009,01969921-24a8-42d1-b5a9-485dcb695b2a,3.707
8,1,b755602c-e81d-47ad-a39f-82fc2a500009,03cd2c56-8e26-4ad5-953b-f45b6ff8a61d,3.524
8,1,b755602c-e81d-47ad-a39f-82fc2a500009,082beb4d-f3a0-45aa-b414-2c7b99e5b01a,2.454
8,1,b755602c-e81d-47ad-a39f-82fc2a500009,0946e2f8-0e44-477a-8b83-295050c13927,1.563
8,1,b755602c-e81d-47ad-a39f-82fc2a500009,0d84f818-a9cf-44ab-a1e6-235c01bbbbcf,1.718
8,1,b755602c-e81d-47ad-a39f-82fc2a500009,12955a3b-466d-413b-85f6-830961db1311,1.633
8,1,b755602c-e81d-47ad-a39f-82fc2a500009,15a5eaa8-90f8-4a2a-9c51-fbfe93776c64,1.776
8,1,b755602c-e81d-47ad-a39f-82fc2a500009,1a8cad14-a2bf-4515-b86b-be91b6a0fa51,1.614
8,1,b755602c-e81d-47ad-a39f-82fc2a500009,1e46cd39-77e5-40d3-a5cf-338298d02623,1.924
8,1,b755602c-e81d-47ad-a39f-82fc2a500009,2203b205-7873-498c-bc5e-9c3c4de9fd4f,1.919
8,1,b755602c-e81d-47ad-a39f-82fc2a500009,2600fd00-244d-46d2-85dc-858bf624076a,1.913
8,1,b755602c-e81d-47ad-a39f-82fc2a500009,2a7733b6-18d0-4322-a4f1-ad96584c2417,2.11
8,1,b755602c-e81d-47ad-a39f-82fc2a500009,2d4c4b7e-0378-4aa8-8dac-c0c6b0bcbb89,2.674
8,1,b755602c-e81d-47ad-a39f-82fc2a500009,3083e966-0d44-4536-8f98-04c2fa97fa13,3.061
8,1,b755602c-e81d-47ad-a39f-82fc2a500009,3268a271-7d2a-4873-8365-a04e7c470e61,2.848
8,1,b755602c-e81d-47ad-a39f-82fc2a500009,342f054c-5ebd-4de6-8ee0-40c602dfaa3d,1.97
8,1,b755602c-e81d-47ad-a39f-82fc2a500009,37b344b1-1f74-4b03-81ed-cc694bb996ba,1.372
8,1,b755602c-e81d-47ad-a39f-82fc2a500009,3ab3f488-0765-4237-aea4-e38930fa0502,1.243
8,1,b755602c-e81d-47ad-a39f-82fc2a500009,3e95eafb-cea9-4ae6-b8be-776879f32e1b,1.436
8,1,b755602c-e81d-47ad-a39f-82fc2a500009,40723875-c2ff-4686-8b9f-ad2173f5e3d1,1.285
8,1,b755602c-e81d-47ad-a39f-82fc2a500009,437e8e04-0b44-4c79-bd18-34e834cd72f3,1.485
8,1,b755602c-e81d-47ad-a39f-82fc2a500009,45087444-8880-40f1-86c7-7639fb69e2d5,1.55
8,1,b755602c-e81d-47ad-a39f-82fc2a500009,48e670f4-55be-43e1-b59b-7bf07a200937,1.879
8,1,b755602c-e81d-47ad-a39f-82fc2a500009,4b23264f-65de-4802-bfe4-af5eb9d1d420,2.36
8,1,b755602c-e81d-47ad-a39f-82fc2a500009,4f694fb1-40ca-4e91-8ee9-e928c1652a12,1.834
8,1,b755602c-e81d-47ad-a39f-82fc2a500009,54c260f8-0ed0-4155-8a5c-2c13d4b2660f,2.293
8,1,b755602c-e81d-47ad-a39f-82fc2a500009,58253b2d-d461-463a-804b-a3fa66cd4adc,2.094
8,1,b755602c-e81d-47ad-a39f-82fc2a500009,5b80bb14-f3fd-4790-b81d-724cba605c82,2.056
8,1,b755602c-e81d-47ad-a39f-82fc2a500009,5e21ef0b-6429-4f5a-90f1-03d34133cd1f,2.917
8,1,b755602c-e81d-47ad-a39f-82fc2a500009,604db361-544c-444d-b152-78602b5f999f,1.593
8,1,b755602c-e81d-47ad-a39f-82fc2a500009,62a57742-9a04-4e84-ba27-00537474b0da,2.013
8,1,b755602c-e81d-47ad-a39f-82fc2a500009,66502b00-5a82-4814-9647-150c5cc0020c,1.821
8,1,b755602c-e81d-47ad-a39f-82fc2a500009,6825b917-4f0e-44b8-8d1c-e315d0bf1757,1.568
8,1,b755602c-e81d-47ad-a39f-82fc2a500009,6be865b7-ace6-485b-a036-106602b51eb7,1.36
8,1,b755602c-e81d-47ad-a39f-82fc2a500009,706de641-ba5f-4722-9e5f-18e8b27e111c,1.507
8,1,b755602c-e81d-47ad-a39f-82fc2a500009,73ff2763-7c5d-449a-826d-7f1cb3fd122e,1.24
8,1,b755602c-e81d-47ad-a39f-82fc2a500009,77405ef6-bb09-4993-ae5e-dadf2c4267c8,1.198
8,1,b755602c-e81d-47ad-a39f-82fc2a500009,7d479b22-5721-4ccd-80f8-c7dc108b5e92,0.855
8,1,b755602c-e81d-47ad-a39f-82fc2a500009,7f19e6aa-2dcb-4a63-aa0c-7c16125e3910,0.998
8,1,b755602c-e81d-47ad-a39f-82fc2a500009,820ec39a-2302-4903-9aa8-405550219ab8,0.934
8,1,b755602c-e81d-47ad-a39f-82fc2a500009,860954c5-c8d2-496c-962a-fa5762f0e322,1.476
8,1,b755602c-e81d-47ad-a39f-82fc2a500009,89de5030-545e-4be5-8893-b1df711e2e38,1.278
8,1,b755602c-e81d-47ad-a39f-82fc2a500009,8cac51d0-cc95-42bb-af59-6531b3f05028,1.258
8,1,b755602c-e81d-47ad-a39f-82fc2a500009,91cce68b-351e-4ffd-8450-0e290bc3fea3,0.979
8,1,b755602c-e81d-47ad-a39f-82fc2a500009,96aa97d8-ac43-4752-9342-91337cfbccbd,0.848
8,1,b755602c-e81d-47ad-a39f-82fc2a500009,99b1d96e-e42d-41d1-8560-deee69e76b2c,1.107
8,1,b755602c-e81d-47ad-a39f-82fc2a500009,9caea3dd-ec81-4a73-88c4-d8f2cf1aa938,1.129
8,1,b755602c-e81d-47ad-a39f-82fc2a500009,9eb38c44-50b2-42f0-8f17-28b4e8ede047,1.176
8,1,b755602c-e81d-47ad-a39f-82fc2a500009,a2fe7e19-7396-4a8c-abb2-d7c83dbbb197,1.453
8,1,b755602c-e81d-47ad-a39f-82fc2a500009,a607c733-1549-4552-8545-29812a689cd8,1.308
8,1,b755602c-e81d-47ad-a39f-82fc2a500009,aaf9b466-23a9-483a-a249-0aed42c23227,1.496
8,1,b755602c-e81d-47ad-a39f-82fc2a500009,b114bcdb-3b50-4743-b565-40d83c7518a6,2.325
8,1,b755602c-e81d-47ad-a39f-82fc2a500009,b3083d93-86b5-454d-b4d1-f6964cfa4302,2.057
8,1,b755602c-e81d-47ad-a39f-82fc2a500009,b726933b-c1b7-4497-b30c-c8e3f98f95f3,1.87
8,1,b755602c-e81d-47ad-a39f-82fc2a500009,b7bb54e4-0914-463e-9e53-a522d8080374,2.067
8,1,b755602c-e81d-47ad-a39f-82fc2a500009,bbd95f35-11e8-4fab-9c41-b650e62b41d2,1.503
8,1,b755602c-e81d-47ad-a39f-82fc2a500009,be7de775-ac4e-49b4-8252-322c87957645,1.747
8,1,b755602c-e81d-47ad-a39f-82fc2a500009,c2c05a3f-fb16-471d-bf3f-378a9cfb0151,1.567
8,1,b755602c-e81d-47ad-a39f-82fc2a500009,c4b4aebd-5c2e-4e69-9af5-723255127708,1.637
8,1,b755602c-e81d-47ad-a39f-82fc2a500009,c9a65e7c-2ff6-4056-8220-5e247dceb8e8,1.476
8,1,b755602c-e81d-47ad-a39f-82fc2a500009,ca86d3b9-c0b8-48ac-a0ef-45d20179b308,1.613
8,1,b755602c-e81d-47ad-a39f-82fc2a500009,cf6f15bd-916a-4787-b33a-55a431a45f4d,1.769
8,1,b755602c-e81d-47ad-a39f-82fc2a500009,d22d0dcb-1451-4fda-ae9d-fa57d7747b7f,1.63
8,1,b755602c-e81d-47ad-a39f-82fc2a500009,d4a5e87a-e45d-4859-b27f-b16159433179,1.848
8,1,b755602c-e81d-47ad-a39f-82fc2a500009,d9c1a61b-5c65-4bf7-b965-0871893552f1,4.419
8,1,b755602c-e81d-47ad-a39f-82fc2a500009,ddf15fd5-9b37-4da8-939e-e034aaebdb9b,3.09
8,1,b755602c-e81d-47ad-a39f-82fc2a500009,e0b2177c-0937-4205-9e5f-78368b536946,5.489
8,1,b755602c-e81d-47ad-a39f-82fc2a500009,e3227644-6a83-41dd-b62c-3c7899521603,3.626
8,1,b755602c-e81d-47ad-a39f-82fc2a500009,e4c149b3-e3ed-4caa-a087-72405b760ead,3.156
8,1,b755602c-e81d-47ad-a39f-82fc2a500009,e84648c2-3ce5-4674-a9f9-253098b3374c,1.69
8,1,b755602c-e81d-47ad-a39f-82fc2a500009,eb476788-5b03-45ef-bcbb-d1b0e195e234,1.59
8,1,b755602c-e81d-47ad-a39f-82fc2a500009,f160e1d6-00dd-4613-ba2e-ff96b0346d87,1.434
8,1,b755602c-e81d-47ad-a39f-82fc2a500009,f62027d8-36a3-47ad-9bd2-a149882cf2c6,1.477
8,1,b755602c-e81d-47ad-a39f-82fc2a500009,f9537284-0943-40b8-9718-86696b03cbc0,1.427
8,1,b755602c-e81d-47ad-a39f-82fc2a500009,fdd2c8eb-5f4f-4647-912a-83eb938a700b,2.064
8,1,b755602c-e81d-47ad-a39f-82fc2a500009,01614764-79cd-41f8-820b-54197fc2336f,5.887
8,1,b755602c-e81d-47ad-a39f-82fc2a500009,021528c9-4fe5-40a0-b5a1-046b8beb2d03,4.016
8,1,b755602c-e81d-47ad-a39f-82fc2a500009,07831301-edbb-434c-8e2f-808688a1f06c,2.732
8,1,b755602c-e81d-47ad-a39f-82fc2a500009,092d76f9-e4d2-4f0d-872e-a8cb12c39f85,1.601
8,1,b755602c-e81d-47ad-a39f-82fc2a500009,0cdbe95d-5739-447c-947e-5a6f99c9f184,2.023
8,1,b755602c-e81d-47ad-a39f-82fc2a500009,11792419-7649-499e-9972-1745839dc58b,1.713
8,1,b755602c-e81d-47ad-a39f-82fc2a500009,15031537-e37e-4fe5-acba-0d9a67713bf9,1.772
8,1,b755602c-e81d-47ad-a39f-82fc2a500009,1a4cc6fc-f93e-406b-a5ff-4b702880822b,1.572
8,1,b755602c-e81d-47ad-a39f-82fc2a500009,1e6648d0-60d5-4362-8575-43d4ac20a1f5,2.105
8,1,b755602c-e81d-47ad-a39f-82fc2a500009,24a1e1f6-13e9-45d8-9fe2-d88002896bdb,2.217
8,1,b755602c-e81d-47ad-a39f-82fc2a500009,272e78aa-39b1-4d12-b4e5-3dcb31a01def,1.742
8,1,b755602c-e81d-47ad-a39f-82fc2a500009,2aaa610c-f719-4598-8799-53cb7c47dd2e,2.414
8,1,b755602c-e81d-47ad-a39f-82fc2a500009,2d3fec50-6baf-494d-ad31-6af1bd6f3166,2.402
8,1,b755602c-e81d-47ad-a39f-82fc2a500009,2ee0cd15-70cc-467c-a7ef-49a74715e487,2.448
8,1,b755602c-e81d-47ad-a39f-82fc2a500009,31fc711e-ec35-439c-b0d8-c411f5cd866b,2.815
8,1,b755602c-e81d-47ad-a39f-82fc2a500009,34a513fb-3dec-44be-a373-a43075f0748d,2.224
8,1,b755602c-e81d-47ad-a39f-82fc2a500009,37bd9efb-1a9a-47e3-b1d3-2ed82b420c9c,1.57
8,1,b755602c-e81d-47ad-a39f-82fc2a500009,39d1b283-74a6-422d-910b-840bf3040ccc,1.445
8,1,b755602c-e81d-47ad-a39f-82fc2a500009,3ea631a4-e6c7-4e37-9809-12e85c90397b,1.616
8,1,b755602c-e81d-47ad-a39f-82fc2a500009,414ee1ba-3026-49d8-b5ac-79fc6ebda467,1.384
8,1,b755602c-e81d-47ad-a39f-82fc2a500009,420a2894-e36d-4a71-a56d-3b817ddf2121,1.344
8,1,b755602c-e81d-47ad-a39f-82fc2a500009,44e116ee-1592-405f-94ac-a258010a71c7,1.558
8,1,b755602c-e81d-47ad-a39f-82fc2a500009,4886510a-e916-49d7-867f-e33b90bf2e34,1.934
8,1,b755602c-e81d-47ad-a39f-82fc2a500009,4b274f7a-f7a7-411b-bbb8-c43485c784b5,1.922
8,1,b755602c-e81d-47ad-a39f-82fc2a500009,53065820-af3b-4865-a95f-3290cc2e338a,2.137
8,1,b755602c-e81d-47ad-a39f-82fc2a500009,5534d9af-d52c-4ca3-b4ef-02dbdf29d471,2.607
8,1,b755602c-e81d-47ad-a39f-82fc2a500009,59e3ec24-c74c-4985-b33d-19b500cd23ff,2.246
8,1,b755602c-e81d-47ad-a39f-82fc2a500009,5c58dde8-0093-49ad-9f9e-71ed2bed7470,2.217
8,1,b755602c-e81d-47ad-a39f-82fc2a500009,5df1be46-b459-4aef-89ff-b82e8925df55,2.359
8,1,b755602c-e81d-47ad-a39f-82fc2a500009,613bb744-570f-4ea7-a132-94a472887be8,2.1
8,1,b755602c-e81d-47ad-a39f-82fc2a500009,62bb7754-a32e-4519-9e0c-c3722cc5bb24,1.662
8,1,b755602c-e81d-47ad-a39f-82fc2a500009,66bca905-6688-44b4-94bb-0a9b8452e201,1.707
8,1,b755602c-e81d-47ad-a39f-82fc2a500009,694f0b0b-a222-4004-841c-df77310cf8bb,1.675
8,1,b755602c-e81d-47ad-a39f-82fc2a500009,6e4e6bb7-d446-456e-9444-dbe8d1ce175e,1.511
8,1,b755602c-e81d-47ad-a39f-82fc2a500009,70dd0043-5c05-49d0-a9f5-ae85ec19a8b3,1.534
8,1,b755602c-e81d-47ad-a39f-82fc2a500009,74f21a33-717f-46f3-8f06-d224448f6ba2,1.557
8,1,b755602c-e81d-47ad-a39f-82fc2a500009,7a2bf552-8555-4aa8-ac8d-89534ea818df,1.351
8,1,b755602c-e81d-47ad-a39f-82fc2a500009,7e7da4db-997f-4623-80cb-375318281a3e,1.187
8,1,b755602c-e81d-47ad-a39f-82fc2a500009,7f6ed68b-acfe-45ec-a64e-4121c657ea68,0.993
8,1,b755602c-e81d-47ad-a39f-82fc2a500009,8422d247-65eb-44e6-9048-c2a05b088eba,1.292
8,1,b755602c-e81d-47ad-a39f-82fc2a500009,84d8bf41-b691-414f-9b05-5dee55d9c0e0,1.402
8,1,b755602c-e81d-47ad-a39f-82fc2a500009,8841a573-9665-44c3-9467-09a85a4fd364,1.102
8,1,b755602c-e81d-47ad-a39f-82fc2a500009,8bdd6f83-ca86-482c-b8d3-19c7a61d84d1,1.282
8,1,b755602c-e81d-47ad-a39f-82fc2a500009,8e65bc65-84cb-4c8f-b900-b199a9191436,1.064
8,1,b755602c-e81d-47ad-a39f-82fc2a500009,93d70cc7-a6c4-474b-829a-9f856409c3f9,0.837
8,1,b755602c-e81d-47ad-a39f-82fc2a500009,9829d47a-0fc7-4939-beb9-bcf33e4cb871,0.99
8,1,b755602c-e81d-47ad-a39f-82fc2a500009,9c812145-4ae4-4de1-a5f8-04ea53e6bf46,1.078
8,1,b755602c-e81d-47ad-a39f-82fc2a500009,9f957f50-5fa6-4548-b1a5-6945270506c0,1.143
8,1,b755602c-e81d-47ad-a39f-82fc2a500009,a05dbbfb-2ebc-4e96-86b7-34b68836b791,1.33
8,1,b755602c-e81d-47ad-a39f-82fc2a500009,a48c2568-f999-4296-8d96-9b04b61514de,1.21
8,1,b755602c-e81d-47ad-a39f-82fc2a500009,aa7d5700-82e7-47c7-876f-9e72fa96eab9,1.458
8,1,b755602c-e81d-47ad-a39f-82fc2a500009,aca9c1a7-e397-4282-a686-e85211c525f8,1.665
8,1,b755602c-e81d-47ad-a39f-82fc2a500009,b311cdde-0484-49ba-9a00-3eb03b581cdf,2.02
8,1,b755602c-e81d-47ad-a39f-82fc2a500009,b5be3d5e-bcfd-4e71-8b38-b5f73e398a54,1.723
8,1,b755602c-e81d-47ad-a39f-82fc2a500009,b9e523dc-d91e-41e0-bbc0-2e0cd153532b,2.074
8,1,b755602c-e81d-47ad-a39f-82fc2a500009,bd105e79-44c6-4cc8-9606-1d4f1fe51406,1.441
8,1,b755602c-e81d-47ad-a39f-82fc2a500009,c0dc1ebe-99f3-433a-8d4e-317f5a775a0b,1.336
8,1,b755602c-e81d-47ad-a39f-82fc2a500009,c358437a-4bd5-41eb-9b70-1e34f4217192,1.306
8,1,b755602c-e81d-47ad-a39f-82fc2a500009,c4617440-8d2a-433c-b484-cecbacf0c67a,1.376
8,1,b755602c-e81d-47ad-a39f-82fc2a500009,c7cba271-16e9-45ff-a981-e9ec756bb72c,1.293
8,1,b755602c-e81d-47ad-a39f-82fc2a500009,cc4d80c2-a804-414d-aa20-62d069646a1b,1.718
8,1,b755602c-e81d-47ad-a39f-82fc2a500009,cfb6ee92-95a8-44da-98a2-3f0a9a264d30,1.809
8,1,b755602c-e81d-47ad-a39f-82fc2a500009,d2a99cce-138a-43b4-ada4-6325c26c20d8,1.901
8,1,b755602c-e81d-47ad-a39f-82fc2a500009,d71ba89c-f29f-44b5-8b41-37b4342da50e,1.731
8,1,b755602c-e81d-47ad-a39f-82fc2a500009,d908e161-830d-484f-b81f-bca4588a5e1f,4.651
8,1,b755602c-e81d-47ad-a39f-82fc2a500009,dd0a5f57-2492-4117-8167-23fa158af548,3.68
8,1,b755602c-e81d-47ad-a39f-82fc2a500009,e112331e-eec0-407d-a8bf-40743efd4285,4.634
8,1,b755602c-e81d-47ad-a39f-82fc2a500009,e36e7123-8589-4ec2-940e-aaab7e28ec40,3.572
8,1,b755602c-e81d-47ad-a39f-82fc2a500009,e55ac423-0078-422d-9cb7-9aa520c02fad,2.607
8,1,b755602c-e81d-47ad-a39f-82fc2a500009,e8eb64cc-b46a-4ce4-a369-094a324181af,1.542
8,1,b755602c-e81d-47ad-a39f-82fc2a500009,f0696684-9717-4c7d-a8f9-37d5eda2aa56,1.338
8,1,b755602c-e81d-47ad-a39f-82fc2a500009,f3415f1c-eb07-406d-88cd-bb52bd8655b6,1.398
8,1,b755602c-e81d-47ad-a39f-82fc2a500009,f6476f39-2a19-44fa-a86b-0c23bbc0331e,1.697
8,1,b755602c-e81d-47ad-a39f-82fc2a500009,f780113b-c2f4-4640-bdfd-f2725b8aa900,1.648
8,1,b755602c-e81d-47ad-a39f-82fc2a500009,fb7f2c96-1738-47fa-b93e-949041b75cb3,1.991
8,1,b755602c-e81d-47ad-a39f-82fc2a500009,00899416-5276-40ba-a407-c3d92cce0640,5.936
8,1,b755602c-e81d-47ad-a39f-82fc2a500009,0239cf8c-5d55-4dcc-8bbb-79cdd3f4b8e5,3.961
8,1,b755602c-e81d-47ad-a39f-82fc2a500009,061d29eb-eb55-4386-b384-d0ccf591216a,2.434
8,1,b755602c-e81d-47ad-a39f-82fc2a500009,0938db1d-4a68-4f1d-a8f8-74a508806405,1.876
8,1,b755602c-e81d-47ad-a39f-82fc2a500009,0d487eee-d2ae-45be-a78c-ef55694d6956,1.961
8,1,b755602c-e81d-47ad-a39f-82fc2a500009,11ae566b-3a3f-439a-ab04-90645ded246e,1.609
8,1,b755602c-e81d-47ad-a39f-82fc2a500009,1582d161-8cc1-40bc-9c95-6fbdc8a9954c,1.802
8,1,b755602c-e81d-47ad-a39f-82fc2a500009,1ba18029-6df8-4998-83e9-97c99dc6a77f,1.503
8,1,b755602c-e81d-47ad-a39f-82fc2a500009,1d5a4712-1647-4e99-a211-c960df285c70,1.858
8,1,b755602c-e81d-47ad-a39f-82fc2a500009,2186802f-85ba-4540-88ae-96b127966a72,1.837
8,1,b755602c-e81d-47ad-a39f-82fc2a500009,257209ab-e17a-48d2-98c7-5b9a5dc73af5,1.872
8,1,b755602c-e81d-47ad-a39f-82fc2a500009,2a9284d4-b468-4f25-8c2f-b95ea29e124f,2.172
8,1,b755602c-e81d-47ad-a39f-82fc2a500009,2dd38701-f486-47e7-9fb9-7ac375ecb56e,2.442
8,1,b755602c-e81d-47ad-a39f-82fc2a500009,2eae7fbb-4971-4986-8a16-d883256db5a6,2.584
8,1,b755602c-e81d-47ad-a39f-82fc2a500009,31c9349d-fdd8-4fb4-86ae-fc4de4b432b4,2.472
8,1,b755602c-e81d-47ad-a39f-82fc2a500009,33983bb1-e6bd-4230-8478-85fb2bf8d33e,2.024
8,1,b755602c-e81d-47ad-a39f-82fc2a500009,3729bff6-3ee4-4a56-900a-b980b503b49b,1.44
8,1,b755602c-e81d-47ad-a39f-82fc2a500009,392383c7-4a88-4d01-bfab-e40541951ed2,1.323
8,1,b755602c-e81d-47ad-a39f-82fc2a500009,3e112784-b479-4601-b1ca-2664d30cea8c,1.513
8,1,b755602c-e81d-47ad-a39f-82fc2a500009,3ef47918-4810-4e95-afc7-e8cd048fab3b,1.255
8,1,b755602c-e81d-47ad-a39f-82fc2a500009,4206c660-cca3-4390-9a38-964c27f0f418,1.364
8,1,b755602c-e81d-47ad-a39f-82fc2a500009,45f5a294-0e12-4638-a1a7-1ef020ef41e3,1.423
8,1,b755602c-e81d-47ad-a39f-82fc2a500009,4935b525-1555-4add-a909-2b58a7d8c658,2.007
8,1,b755602c-e81d-47ad-a39f-82fc2a500009,4cc9d1a6-43a2-4e2d-ba6e-e3f24d66f3f6,2.058
8,1,b755602c-e81d-47ad-a39f-82fc2a500009,52de8093-b651-454c-84e3-725d9b752e3b,2.162
8,1,b755602c-e81d-47ad-a39f-82fc2a500009,55f28eac-c669-4beb-89bd-89e12b42faee,2.581
8,1,b755602c-e81d-47ad-a39f-82fc2a500009,59db24cf-8552-4809-8b64-042940e5fd30,1.931
8,1,b755602c-e81d-47ad-a39f-82fc2a500009,5c1f80f5-9aae-43e1-9320-13d710cd0f9a,1.976
8,1,b755602c-e81d-47ad-a39f-82fc2a500009,5ea282c6-f9f5-4f4c-bd6d-e07ade9d2aeb,2.962
8,1,b755602c-e81d-47ad-a39f-82fc2a500009,60fb9c4e-d169-4c70-b339-36d70a79e6a2,1.651
8,1,b755602c-e81d-47ad-a39f-82fc2a500009,62e9afb2-44bc-4cce-9d08-97c5d4fac721,1.619
8,1,b755602c-e81d-47ad-a39f-82fc2a500009,66bad2d4-11db-470e-a78c-b28c720a5e45,1.594
8,1,b755602c-e81d-47ad-a39f-82fc2a500009,6b1b3dd5-11d3-4a2d-9832-e3165d72516d,1.462
8,1,b755602c-e81d-47ad-a39f-82fc2a500009,6eb6e020-3f18-4a6a-8dc5-96dc53a996df,1.142
8,1,b755602c-e81d-47ad-a39f-82fc2a500009,71a60049-032c-4141-8b48-9bdda25b6e2d,1.308
8,1,b755602c-e81d-47ad-a39f-82fc2a500009,7565ff43-85e4-4723-ae63-bfe460332bdd,1.564
8,1,b755602c-e81d-47ad-a39f-82fc2a500009,77752ce7-ab75-4efe-bb1b-99591022877a,1.186
8,1,b755602c-e81d-47ad-a39f-82fc2a500009,7da3eb3c-f859-4535-8182-f4523b2ed645,1.145
8,1,b755602c-e81d-47ad-a39f-82fc2a500009,7f73ce5d-7c40-44ec-adeb-2c00bd98e4be,1.165
8,1,b755602c-e81d-47ad-a39f-82fc2a500009,83617eaf-bb7d-40be-9200-1683da731236,1.1
8,1,b755602c-e81d-47ad-a39f-82fc2a500009,866c2dda-c196-4a84-86ec-8806301c6636,1.595
8,1,b755602c-e81d-47ad-a39f-82fc2a500009,888caf21-eaba-4beb-b35f-a85a691b3799,1.313
8,1,b755602c-e81d-47ad-a39f-82fc2a500009,8d9f333b-f22a-4a05-ad04-f3fc39d5fdab,1.247
8,1,b755602c-e81d-47ad-a39f-82fc2a500009,912d44b0-0314-416a-b336-b939a6f47dde,1.013
8,1,b755602c-e81d-47ad-a39f-82fc2a500009,967dff19-8760-449b-9366-eb43b9a0e64b,0.78
8,1,b755602c-e81d-47ad-a39f-82fc2a500009,99e09070-7571-47d4-a9e3-fab0a06bd9e6,1.196
8,1,b755602c-e81d-47ad-a39f-82fc2a500009,9baed0d1-82a7-465b-b97a-22b4888c41b8,1.025
8,1,b755602c-e81d-47ad-a39f-82fc2a500009,9fd5f7ff-9934-43ce-b3d3-af1e6a9bc8ec,1.105
8,1,b755602c-e81d-47ad-a39f-82fc2a500009,a174979d-a335-4174-888d-977b997bebca,1.528
8,1,b755602c-e81d-47ad-a39f-82fc2a500009,a67e4da4-d3ad-4f11-8a8c-9cd2daa4e9ed,1.514
8,1,b755602c-e81d-47ad-a39f-82fc2a500009,aafc0fde-a67f-4b08-a86e-a28fbf843653,1.51
8,1,b755602c-e81d-47ad-a39f-82fc2a500009,ad7a806b-31d5-4205-b41c-00e09092c63a,1.729
8,1,b755602c-e81d-47ad-a39f-82fc2a500009,b34c01fc-6daf-48bc-8676-6c827123a1f9,2.185
8,1,b755602c-e81d-47ad-a39f-82fc2a500009,b7174400-c2c0-41b9-a849-663d0de6ae5e,1.885
8,1,b755602c-e81d-47ad-a39f-82fc2a500009,b9e355cd-103d-4761-a9db-8b04a97338e2,2.325
8,1,b755602c-e81d-47ad-a39f-82fc2a500009,bca9cd53-223b-4857-94ab-16e536ea2257,1.285
8,1,b755602c-e81d-47ad-a39f-82fc2a500009,bfcd924f-d72c-40d9-9b13-0603478b2dea,1.902
8,1,b755602c-e81d-47ad-a39f-82fc2a500009,c2a74a28-7296-46fc-aa6b-3e6cbb1d058d,1.548
8,1,b755602c-e81d-47ad-a39f-82fc2a500009,c5e998ba-9bc5-44c3-aee0-fcd6317ed805,1.645
8,1,b755602c-e81d-47ad-a39f-82fc2a500009,c87a0af3-f71b-4541-8c0a-18cb257c1bbd,1.267
8,1,b755602c-e81d-47ad-a39f-82fc2a500009,ca938211-9a94-496a-80e5-437e8aa8ed06,1.616
8,1,b755602c-e81d-47ad-a39f-82fc2a500009,ced13084-a8b0-4bc5-8ff4-6b2391683199,1.613
8,1,b755602c-e81d-47ad-a39f-82fc2a500009,d07d41a9-a103-4c62-b42d-66bda151ab12,1.737
8,1,b755602c-e81d-47ad-a39f-82fc2a500009,d6497da4-73d7-4f9d-b187-e2355c90b1dd,1.868
8,1,b755602c-e81d-47ad-a39f-82fc2a500009,d9bb85f6-aea6-4249-a6a7-585be1919ee9,4.283
8,1,b755602c-e81d-47ad-a39f-82fc2a500009,de867e25-d1b3-46cc-a920-562ee2da7272,3.725
8,1,b755602c-e81d-47ad-a39f-82fc2a500009,e0ac08af-cb2a-4530-92c2-7f10c6e65eba,5.308
8,1,b755602c-e81d-47ad-a39f-82fc2a500009,e2d64245-8d24-416e-b059-6ab0f6aa1453,3.661
8,1,b755602c-e81d-47ad-a39f-82fc2a500009,e517fd25-4466-4b9e-a9c3-f738df4faab9,2.648
8,1,b755602c-e81d-47ad-a39f-82fc2a500009,ea80f1a9-a871-4419-b856-e1831d1d2440,1.309
8,1,b755602c-e81d-47ad-a39f-82fc2a500009,eff050dd-ea12-465d-a162-56a5137a12c3,1.372
8,1,b755602c-e81d-47ad-a39f-82fc2a500009,f0ef6691-83fb-4473-845d-6955341fceac,1.169
8,1,b755602c-e81d-47ad-a39f-82fc2a500009,f449bb45-46cf-4f32-bbbd-26ca4ee03305,1.248
8,1,b755602c-e81d-47ad-a39f-82fc2a500009,f80cd8df-94a9-4867-a529-716a2cd3abeb,1.697
8,1,b755602c-e81d-47ad-a39f-82fc2a500009,fa276173-1301-4bd7-a9a5-3531b3e0a486,1.609
8,1,b755602c-e81d-47ad-a39f-82fc2a500009,00120195-a373-47f0-8ff5-50acce6fd0bc,5.985
8,1,b755602c-e81d-47ad-a39f-82fc2a500009,025b0cdd-d5a7-41e7-ae66-c205bb0ca216,3.38
8,1,b755602c-e81d-47ad-a39f-82fc2a500009,07f805ec-9b2a-4c1c-af25-3aaa7de8d928,2.695
8,1,b755602c-e81d-47ad-a39f-82fc2a500009,0a6b13bb-018c-4694-8ffe-15d47cf74c30,1.582
8,1,b755602c-e81d-47ad-a39f-82fc2a500009,0d9684b9-8c7f-4a49-9d05-e91bc17255d4,1.832
8,1,b755602c-e81d-47ad-a39f-82fc2a500009,12d86d1f-7d7e-48fb-8856-13ab11f63f58,1.881
8,1,b755602c-e81d-47ad-a39f-82fc2a500009,17991c3c-aee0-40f9-af1d-9eed188cb133,1.437
8,1,b755602c-e81d-47ad-a39f-82fc2a500009,1ba62781-ce80-44ae-ba29-a0f9f4285195,1.517
8,1,b755602c-e81d-47ad-a39f-82fc2a500009,20b18018-4d4f-4db2-9e68-3f5b3d1033e1,1.869
8,1,b755602c-e81d-47ad-a39f-82fc2a500009,220caa57-51a1-4dd7-b3d7-285d264f450c,1.795
8,1,b755602c-e81d-47ad-a39f-82fc2a500009,269807bb-fac2-4dfa-b20e-c4f4ce13386a,2.313
8,1,b755602c-e81d-47ad-a39f-82fc2a500009,28dec524-24c9-48c2-bc4e-b8752feca050,2.2
8,1,b755602c-e81d-47ad-a39f-82fc2a500009,2da9a62e-af10-4621-8204-05bac3aed8e1,2.69
8,1,b755602c-e81d-47ad-a39f-82fc2a500009,2ff30bff-14e3-4b21-943a-0224aca6c188,3.252
8,1,b755602c-e81d-47ad-a39f-82fc2a500009,33344dbf-a89b-4270-b21a-116ecb197d62,2.726
8,1,b755602c-e81d-47ad-a39f-82fc2a500009,3555baea-0bb4-4bce-af02-32e99255eba7,1.994
8,1,b755602c-e81d-47ad-a39f-82fc2a500009,3828894d-731e-41a7-8650-6e33de82a6bb,1.337
8,1,b755602c-e81d-47ad-a39f-82fc2a500009,3b8bd251-94c4-4365-a80d-b2c3146b980f,1.206
8,1,b755602c-e81d-47ad-a39f-82fc2a500009,3ea708c5-0570-4f61-a3a8-e2ea8c1a168e,1.35
8,1,b755602c-e81d-47ad-a39f-82fc2a500009,408ed1f7-55d8-4a3a-8ef8-f7a2e93edc7d,1.385
8,1,b755602c-e81d-47ad-a39f-82fc2a500009,43230c2f-be3c-4068-9303-dd3159ea5b56,1.516
8,1,b755602c-e81d-47ad-a39f-82fc2a500009,46a27be0-a095-4ab1-9268-c0012b0fc1f4,1.697
8,1,b755602c-e81d-47ad-a39f-82fc2a500009,4a22318f-e775-4b58-8974-208f77223d64,2.063
8,1,b755602c-e81d-47ad-a39f-82fc2a500009,4cb08866-7480-4203-9a55-8ce01b1c128c,2.142
8,1,b755602c-e81d-47ad-a39f-82fc2a500009,54001198-8771-435a-8736-504e8a8c99b3,1.953
8,1,b755602c-e81d-47ad-a39f-82fc2a500009,572f9672-b84a-4cf7-aee9-b28f8e43aab9,2.147
8,1,b755602c-e81d-47ad-a39f-82fc2a500009,5a865cc5-1537-4337-8468-be57af31a6af,2.467
8,1,b755602c-e81d-47ad-a39f-82fc2a500009,5c9a66bd-10b9-48d0-ada5-c10aa0310196,1.865
8,1,b755602c-e81d-47ad-a39f-82fc2a500009,5f15ac4e-bd3d-4625-8e37-88d5e9368ec5,2.403
8,1,b755602c-e81d-47ad-a39f-82fc2a500009,61c7e062-74f0-4124-957e-0f6292d86f37,1.355
8,1,b755602c-e81d-47ad-a39f-82fc2a500009,63b04b84-78b1-4e76-a915-299e6be91ace,1.927
8,1,b755602c-e81d-47ad-a39f-82fc2a500009,6666ca59-bb8a-4c1a-b557-26d2549eff05,1.544
8,1,b755602c-e81d-47ad-a39f-82fc2a500009,69d1c159-4c99-40da-894c-bed63cef4b0b,1.289
8,1,b755602c-e81d-47ad-a39f-82fc2a500009,6d889d03-3860-444e-908c-b3e8fc2a74e0,1.35
8,1,b755602c-e81d-47ad-a39f-82fc2a500009,72760ffc-c361-4082-9f5c-02795851a567,1.456
8,1,b755602c-e81d-47ad-a39f-82fc2a500009,75956089-e891-41d8-a83c-1c3c5ef6e6ff,1.286
8,1,b755602c-e81d-47ad-a39f-82fc2a500009,7a35ff4c-ff31-4e4e-8f42-bb282f6360b0,1.306
8,1,b755602c-e81d-47ad-a39f-82fc2a500009,7e244dc1-6565-4b1f-a5b2-e5634ae03fd1,1.041
8,1,b755602c-e81d-47ad-a39f-82fc2a500009,7f913f3a-f4de-4a9d-beaa-1db1efc6992d,1.128
8,1,b755602c-e81d-47ad-a39f-82fc2a500009,8251dc7c-6efb-4707-89ce-333fa1ea4a19,0.915
8,1,b755602c-e81d-47ad-a39f-82fc2a500009,87248d05-37f2-44bb-b759-6cf901ed0fab,1.562
8,1,b755602c-e81d-47ad-a39f-82fc2a500009,89b2acbd-806e-49d7-8c55-3d0c4f553a72,1.269
8,1,b755602c-e81d-47ad-a39f-82fc2a500009,8c6f2f00-b4b3-46db-a652-24e7db283dc8,1.23
8,1,b755602c-e81d-47ad-a39f-82fc2a500009,8fdf088e-c63a-4394-ace4-88337b0236a7,1.026
8,1,b755602c-e81d-47ad-a39f-82fc2a500009,95e23573-2b77-4312-a855-96be009b2b15,0.946
8,1,b755602c-e81d-47ad-a39f-82fc2a500009,990bf409-2508-4490-99ca-bf4c2f13a168,1.184
8,1,b755602c-e81d-47ad-a39f-82fc2a500009,9cc834c0-beb8-44ac-9bfe-d0ab90f2a624,1.069
8,1,b755602c-e81d-47ad-a39f-82fc2a500009,9e463152-c6ae-434b-9d90-e3a924c05ccc,1.234
8,1,b755602c-e81d-47ad-a39f-82fc2a500009,a034d2e8-607a-4c23-afee-23f5020e179b,1.364
8,1,b755602c-e81d-47ad-a39f-82fc2a500009,a707a104-0b90-4ca4-a660-1d32b27c0a53,1.619
8,1,b755602c-e81d-47ad-a39f-82fc2a500009,ab6c9a5a-c6f9-4b7d-ba7c-cd0e67f744cf,1.78
8,1,b755602c-e81d-47ad-a39f-82fc2a500009,afb37591-d052-4182-8d6e-9d7452387180,1.753
8,1,b755602c-e81d-47ad-a39f-82fc2a500009,b2f04957-e209-4030-83f4-3f75110f4e59,1.556
8,1,b755602c-e81d-47ad-a39f-82fc2a500009,b5c2a5db-c0be-40bf-8239-542e40087c76,2.109
8,1,b755602c-e81d-47ad-a39f-82fc2a500009,b93f0597-f40e-486a-a7d2-ff7358496815,2.28
8,1,b755602c-e81d-47ad-a39f-82fc2a500009,bcc48bfa-a75b-4c3c-b44e-c0a2ebc800d9,1.463
8,1,b755602c-e81d-47ad-a39f-82fc2a500009,bff96a6f-f2fc-4689-bd42-f56cbb12573d,1.384
8,1,b755602c-e81d-47ad-a39f-82fc2a500009,c2ca0c82-ea14-44d7-bdc3-2d2e1d60d7fe,1.376
8,1,b755602c-e81d-47ad-a39f-82fc2a500009,c606c2cf-d4ec-4487-87f9-52b5a528823a,1.733
8,1,b755602c-e81d-47ad-a39f-82fc2a500009,c6e22d6e-4384-43c0-a63d-3c208ae23eb0,1.333
8,1,b755602c-e81d-47ad-a39f-82fc2a500009,ca0552ef-1aef-4263-9f40-1fa55ae1be3c,1.551
8,1,b755602c-e81d-47ad-a39f-82fc2a500009,cfe8a0ff-3929-4c19-8a4c-b2f76401809c,1.65
8,1,b755602c-e81d-47ad-a39f-82fc2a500009,d2b52866-098d-4205-a8a7-f771baf8dbfe,1.871
8,1,b755602c-e81d-47ad-a39f-82fc2a500009,d686db17-69ed-4e38-86f9-3f44d1f71b61,1.87
8,1,b755602c-e81d-47ad-a39f-82fc2a500009,dc686e20-b839-48cd-b39b-891f2384604b,3.898
8,1,b755602c-e81d-47ad-a39f-82fc2a500009,dfdcb3db-720f-4312-9edf-f61e7993cc36,4.861
8,1,b755602c-e81d-47ad-a39f-82fc2a500009,e1327843-d64b-471e-b77d-20cc02feb9d5,4.778
8,1,b755602c-e81d-47ad-a39f-82fc2a500009,e36b7eb5-abd7-4ead-9b53-919065b3b94e,3.12
8,1,b755602c-e81d-47ad-a39f-82fc2a500009,e53c3afa-ff09-4f82-9331-f82dee6d5d0d,2.693
8,1,b755602c-e81d-47ad-a39f-82fc2a500009,ea0a3aee-f12b-4662-82ca-75a2d526a645,1.475
8,1,b755602c-e81d-47ad-a39f-82fc2a500009,ed83e063-7ba7-4639-a292-624d50554781,1.368
8,1,b755602c-e81d-47ad-a39f-82fc2a500009,f199d032-cc07-4f2c-9c1b-ec9d8235f16a,1.162
8,1,b755602c-e81d-47ad-a39f-82fc2a500009,f36ce599-d342-4fa3-af35-bfa2c3cac98c,1.766
8,1,b755602c-e81d-47ad-a39f-82fc2a500009,f7ac784d-cb05-4d57-819f-1623b764dd6e,1.668
8,1,b755602c-e81d-47ad-a39f-82fc2a500009,fc7602b3-4507-4a7d-b366-8a18dd771568,1.978
8,2,5c52a349-c3da-4075-8eff-491c447e6b6e,04783c95-ebf6-4ebc-9327-dea727348145,3.628
8,2,5c52a349-c3da-4075-8eff-491c447e6b6e,086b0617-638a-461a-a6d6-4855903167b7,3.225
8,2,5c52a349-c3da-4075-8eff-491c447e6b6e,09a5eef3-22fa-4613-bb30-3b34624965dc,1.927
8,2,5c52a349-c3da-4075-8eff-491c447e6b6e,0c9c33a4-01b5-4142-a214-9b7c787203f3,1.436
8,2,5c52a349-c3da-4075-8eff-491c447e6b6e,107bbb41-bc04-4a06-bbfa-70ac994ad1f2,1.678
8,2,5c52a349-c3da-4075-8eff-491c447e6b6e,13a847ae-40a4-4e88-8906-b6efc76de6aa,1.83
8,2,5c52a349-c3da-4075-8eff-491c447e6b6e,159a6dfe-6ab5-4a38-9488-160fd215a817,1.757
8,2,5c52a349-c3da-4075-8eff-491c447e6b6e,18893744-0f0a-4801-a8d9-b91d1b6798bc,1.757
8,2,5c52a349-c3da-4075-8eff-491c447e6b6e,19324982-95c4-4146-91cc-ebfa4dc66862,2.167
8,2,5c52a349-c3da-4075-8eff-491c447e6b6e,1dd19d38-1b4e-485b-b88c-735433d8d50d,2.589
8,2,5c52a349-c3da-4075-8eff-491c447e6b6e,22345e86-e04a-4929-98d2-0e59d5b5a1f0,2.468
8,2,5c52a349-c3da-4075-8eff-491c447e6b6e,24ce3550-3c08-40e3-a257-fd2c2c041187,2.618
8,2,5c52a349-c3da-4075-8eff-491c447e6b6e,2a187887-2348-4519-9247-f6c95b72d77b,4.179
8,2,5c52a349-c3da-4075-8eff-491c447e6b6e,2d630b56-1843-4149-830b-8d6cd90ff8c0,4.756
8,2,5c52a349-c3da-4075-8eff-491c447e6b6e,3199b5eb-c5b7-4fc0-84cf-4560baff087d,1.998
8,2,5c52a349-c3da-4075-8eff-491c447e6b6e,32700f47-e6a0-4749-87b9-19439fdf6c93,2.214
8,2,5c52a349-c3da-4075-8eff-491c447e6b6e,390fa0f3-5b84-42b6-b3ef-975ea4d203ea,1.839
8,2,5c52a349-c3da-4075-8eff-491c447e6b6e,3b98d8ed-a600-4c62-a19a-5801fd8164e5,1.818
8,2,5c52a349-c3da-4075-8eff-491c447e6b6e,4091c9de-0877-4037-abbf-247d819c03db,2.455
8,2,5c52a349-c3da-4075-8eff-491c447e6b6e,44a4b3ac-519d-435d-b2c9-48f5626fd161,1.88
8,2,5c52a349-c3da-4075-8eff-491c447e6b6e,467288d6-e99f-4054-9db8-ca4c3a560a8d,1.597
8,2,5c52a349-c3da-4075-8eff-491c447e6b6e,48d6bd10-4bcd-4c98-8757-57c8a78851f9,1.892
8,2,5c52a349-c3da-4075-8eff-491c447e6b6e,4a9383e3-5637-411b-aa2a-1d97977002fb,1.767
8,2,5c52a349-c3da-4075-8eff-491c447e6b6e,4bef6bd1-efe5-489f-ae2c-b72e7328c6b8,2.05
8,2,5c52a349-c3da-4075-8eff-491c447e6b6e,4fb22af9-43a5-4015-9e96-ad08e911f779,2.25
8,2,5c52a349-c3da-4075-8eff-491c447e6b6e,53283a68-a211-4d49-a0b5-f7309057c79b,2.717
8,2,5c52a349-c3da-4075-8eff-491c447e6b6e,57406f73-9f66-4d25-864b-4518c0777f58,3.42
8,2,5c52a349-c3da-4075-8eff-491c447e6b6e,599adeea-cc48-4652-b3ee-ce7689de0835,2.02
8,2,5c52a349-c3da-4075-8eff-491c447e6b6e,5c635214-ea83-4c4f-acb6-4c922f8a781c,1.834
8,2,5c52a349-c3da-4075-8eff-491c447e6b6e,5fedc42a-e657-466a-ba17-e0048b9a57d2,1.652
8,2,5c52a349-c3da-4075-8eff-491c447e6b6e,639b5db0-7eb1-4f76-9497-28ce3cbecfdc,1.745
8,2,5c52a349-c3da-4075-8eff-491c447e6b6e,6c0d49e5-f38a-4ce6-846b-ebebaa768802,1.763
8,2,5c52a349-c3da-4075-8eff-491c447e6b6e,6c63e19e-6138-4f0b-b1d9-3e258949a877,1.723
8,2,5c52a349-c3da-4075-8eff-491c447e6b6e,71dc6b5d-39c7-4c1d-b78f-75ba85bd64f2,1.729
8,2,5c52a349-c3da-4075-8eff-491c447e6b6e,7359e0ee-e20e-4732-8ca5-6b13936d6d08,2.096
8,2,5c52a349-c3da-4075-8eff-491c447e6b6e,76f5ed70-7aaa-4896-9690-a4d20e6594a2,2.739
8,2,5c52a349-c3da-4075-8eff-491c447e6b6e,7b37a259-a677-4db5-8927-086e71cfa64b,4.829
8,2,5c52a349-c3da-4075-8eff-491c447e6b6e,7e28de32-e9ea-40d5-b838-6d8818ff5303,4.912
8,2,5c52a349-c3da-4075-8eff-491c447e6b6e,81468423-0ebe-4bae-9ea6-52d951b932f3,3.122
8,2,5c52a349-c3da-4075-8eff-491c447e6b6e,8571cc1e-0e02-450a-be1d-d2ad8e9402ff,4.468
8,2,5c52a349-c3da-4075-8eff-491c447e6b6e,8953059b-505a-40e8-8db4-834335f4122d,1.579
8,2,5c52a349-c3da-4075-8eff-491c447e6b6e,8ea25150-909e-4924-9b8a-7081f94dd0d9,1.927
8,2,5c52a349-c3da-4075-8eff-491c447e6b6e,92fa59ef-6ef1-4944-a79f-bdcfdefa21c5,1.448
8,2,5c52a349-c3da-4075-8eff-491c447e6b6e,94309320-7836-49e6-8157-abfb3e3913d1,1.604
8,2,5c52a349-c3da-4075-8eff-491c447e6b6e,971cff17-2ea5-4798-be4f-9e9890352992,1.839
8,2,5c52a349-c3da-4075-8eff-491c447e6b6e,9b40dfc7-873e-4ee0-97e2-88c977acc355,1.771
8,2,5c52a349-c3da-4075-8eff-491c447e6b6e,9e82cefc-ff56-4e46-9459-4f96813c87d5,1.886
8,2,5c52a349-c3da-4075-8eff-491c447e6b6e,a00be6e8-3d1b-4a92-80c5-5483912c6c11,2.394
8,2,5c52a349-c3da-4075-8eff-491c447e6b6e,a4a5f812-7f9d-48d4-ae5e-2fdd6433f69f,1.899
8,2,5c52a349-c3da-4075-8eff-491c447e6b6e,a8a783b0-5600-43c5-95d6-94b6f859a0d4,1.569
8,2,5c52a349-c3da-4075-8eff-491c447e6b6e,abdf3bb9-1f70-4f36-959d-3cb3cde9de92,1.272
8,2,5c52a349-c3da-4075-8eff-491c447e6b6e,af6a828b-812b-4db1-96c8-854f7d6befc6,1.296
8,2,5c52a349-c3da-4075-8eff-491c447e6b6e,b1bb37a2-639f-470e-8de7-b3a05ffb1e1e,1.357
8,2,5c52a349-c3da-4075-8eff-491c447e6b6e,b9a44817-8124-477e-9f64-347b54697e59,1.1
8,2,5c52a349-c3da-4075-8eff-491c447e6b6e,b9d54d04-01c9-472a-ac80-d508057e574c,1.177
8,2,5c52a349-c3da-4075-8eff-491c447e6b6e,bfb0478b-4b11-439a-ab54-eec8be1917b2,1.148
8,2,5c52a349-c3da-4075-8eff-491c447e6b6e,c7132c66-24b5-43f1-881b-4470fcf4aa14,1.375
8,2,5c52a349-c3da-4075-8eff-491c447e6b6e,c850ba18-dd6a-42c8-9aa4-4de87f3b4ade,1.388
8,2,5c52a349-c3da-4075-8eff-491c447e6b6e,ca0ecf29-1f12-4413-9f70-24615350c809,1.147
8,2,5c52a349-c3da-4075-8eff-491c447e6b6e,d012c680-3c5d-462f-b865-c48b037a9e47,2.434
8,2,5c52a349-c3da-4075-8eff-491c447e6b6e,d36ac14b-272a-4096-a7d0-6bc3eab5b000,1.574
8,2,5c52a349-c3da-4075-8eff-491c447e6b6e,d5dad4a8-2e6f-4783-b97e-81438de2bf17,1.949
8,2,5c52a349-c3da-4075-8eff-491c447e6b6e,d9edbd5f-471f-42fd-8e29-fea6ca89a2d9,2.123
8,2,5c52a349-c3da-4075-8eff-491c447e6b6e,df6f91c9-d124-474f-b473-d649e6fdcee3,3.328
8,2,5c52a349-c3da-4075-8eff-491c447e6b6e,e240563f-b713-4793-a39f-0385482203bf,2.102
8,2,5c52a349-c3da-4075-8eff-491c447e6b6e,e517858a-9603-4ab2-a54a-857ae270b601,2.024
8,2,5c52a349-c3da-4075-8eff-491c447e6b6e,e79bbabd-3b13-4412-9cb1-f80961ccd8b4,1.459
8,2,5c52a349-c3da-4075-8eff-491c447e6b6e,e92cc273-057a-47fe-8dd8-294c9b7139a6,1.221
8,2,5c52a349-c3da-4075-8eff-491c447e6b6e,ed53361f-1abb-4d90-a4d1-8e5a85667828,1.257
8,2,5c52a349-c3da-4075-8eff-491c447e6b6e,ef4c9fbf-5bad-4634-8c72-2f92868113c3,1.714
8,2,5c52a349-c3da-4075-8eff-491c447e6b6e,f2d99027-3c02-425f-9018-b54ae8f6f187,1.615
8,2,5c52a349-c3da-4075-8eff-491c447e6b6e,f6197ab0-7014-4a82-924c-341e9953908b,2.117
8,2,5c52a349-c3da-4075-8eff-491c447e6b6e,fa1df45b-06ac-4ca3-b6ad-f6507b055e93,2.497
8,2,5c52a349-c3da-4075-8eff-491c447e6b6e,fd945e44-3c96-4e62-95bc-4abc64d3212c,2.911
8,2,5c52a349-c3da-4075-8eff-491c447e6b6e,02dabaf6-c796-4dd4-9082-c44d014643d7,9.328
8,2,5c52a349-c3da-4075-8eff-491c447e6b6e,072324fc-ab6e-4929-ab37-e904a98e456b,2.044
8,2,5c52a349-c3da-4075-8eff-491c447e6b6e,08b85232-3188-41ce-b585-150b12f2c109,2.196
8,2,5c52a349-c3da-4075-8eff-491c447e6b6e,0a1ae1e8-2a6f-461d-95b3-72c34c73efa6,1.807
8,2,5c52a349-c3da-4075-8eff-491c447e6b6e,0caa9377-f162-4f73-aa3b-64b00309b8d1,1.548
8,2,5c52a349-c3da-4075-8eff-491c447e6b6e,100ffd3a-e7f5-4ba0-b6ac-941bb6aaed42,1.522
8,2,5c52a349-c3da-4075-8eff-491c447e6b6e,02436c46-5ac6-42f3-a648-afdb34a765c4,9.571
8,2,5c52a349-c3da-4075-8eff-491c447e6b6e,07dd0d06-e3a9-452d-a250-2860275a7289,2.305
8,2,5c52a349-c3da-4075-8eff-491c447e6b6e,091705c3-334f-46b9-868b-532278c1e078,3.279
8,2,5c52a349-c3da-4075-8eff-491c447e6b6e,0aebea49-01d8-404e-b3a3-ca492566488c,2.043
8,2,5c52a349-c3da-4075-8eff-491c447e6b6e,0cc418b9-569d-4a0f-87cd-2be3575c199a,1.355
8,2,5c52a349-c3da-4075-8eff-491c447e6b6e,0eb37bf0-e11d-4a7a-8414-dc56d83ac021,1.437
8,2,5c52a349-c3da-4075-8eff-491c447e6b6e,12de1914-0b6a-414d-a641-e9b835e2b62d,1.832
8,2,5c52a349-c3da-4075-8eff-491c447e6b6e,1628d619-ae95-4f2d-8ecc-ac16d10666b2,2.027
8,2,5c52a349-c3da-4075-8eff-491c447e6b6e,18b03a69-fba0-42da-bbbd-099da8224f35,2.114
8,2,5c52a349-c3da-4075-8eff-491c447e6b6e,1a4f6dd3-8f76-46ad-bbad-2452bfb6a3aa,1.751
8,2,5c52a349-c3da-4075-8eff-491c447e6b6e,20bf8cfc-118f-4a13-b49e-fe372dcefb1a,2.317
8,2,5c52a349-c3da-4075-8eff-491c447e6b6e,2271a1e7-4d52-4a52-9b70-d4d9fef391a3,2.224
8,2,5c52a349-c3da-4075-8eff-491c447e6b6e,28307a68-7d59-4a7a-b2b9-75a1622b663d,2.919
8,2,5c52a349-c3da-4075-8eff-491c447e6b6e,29cbd61f-2be0-447c-a8dd-6c48ee39f167,4.401
8,2,5c52a349-c3da-4075-8eff-491c447e6b6e,2fac0408-0226-4ead-99ce-5c3b60f41636,4.766
8,2,5c52a349-c3da-4075-8eff-491c447e6b6e,30369078-fad7-49a6-b97d-addaeee944d2,2.255
8,2,5c52a349-c3da-4075-8eff-491c447e6b6e,32439a51-0ca8-42f6-bcf7-160196bcde10,1.974
8,2,5c52a349-c3da-4075-8eff-491c447e6b6e,356b1e45-47f7-4606-8491-f515e62f9563,1.714
8,2,5c52a349-c3da-4075-8eff-491c447e6b6e,3af2f080-81e8-4547-8121-11b911ad6a70,1.731
8,2,5c52a349-c3da-4075-8eff-491c447e6b6e,3c56d0ba-a1b9-4b6c-9adc-b136f108ded6,2.069
8,2,5c52a349-c3da-4075-8eff-491c447e6b6e,41975b66-bee3-4ae7-a3fe-aba8e6471d24,1.828
8,2,5c52a349-c3da-4075-8eff-491c447e6b6e,46154ac0-46bc-40ac-a83e-aa95f7517dbc,1.802
8,2,5c52a349-c3da-4075-8eff-491c447e6b6e,47993e97-9a77-48e0-b2b0-ea277748a329,1.931
8,2,5c52a349-c3da-4075-8eff-491c447e6b6e,4a779388-c26b-404e-895e-3ccf187bae92,1.839
8,2,5c52a349-c3da-4075-8eff-491c447e6b6e,4be93f31-c8be-4b91-894c-74ad29d0d336,2.039
8,2,5c52a349-c3da-4075-8eff-491c447e6b6e,11f3156d-fd2d-4951-bf5f-a4d62f084a81,1.903
8,2,5c52a349-c3da-4075-8eff-491c447e6b6e,1669a584-fbe8-42f7-8350-5bd28390fd6c,1.821
8,2,5c52a349-c3da-4075-8eff-491c447e6b6e,18958906-f0c4-4a71-a396-e52c3d0e36b8,1.831
8,2,5c52a349-c3da-4075-8eff-491c447e6b6e,1cfcb189-d19f-4061-8389-b86933940b36,2.058
8,2,5c52a349-c3da-4075-8eff-491c447e6b6e,1ef9a285-e305-4b66-be3f-d233e1c28121,2.292
8,2,5c52a349-c3da-4075-8eff-491c447e6b6e,2336bc67-8333-492e-965f-a71276c8b173,2.448
8,2,5c52a349-c3da-4075-8eff-491c447e6b6e,25f12ac9-fbd3-42d7-b799-ba9a74bb518f,2.649
8,2,5c52a349-c3da-4075-8eff-491c447e6b6e,2a786068-5bbf-4f08-a0a7-71dee953b4d0,2.923
8,2,5c52a349-c3da-4075-8eff-491c447e6b6e,30256579-b795-4cb8-906b-4b2f771e34fc,5.108
8,2,5c52a349-c3da-4075-8eff-491c447e6b6e,321c2284-3fbf-4de8-93e7-ee6589f6237f,1.909
8,2,5c52a349-c3da-4075-8eff-491c447e6b6e,4fde43cd-a112-4d1c-80cd-10f22cee677c,2.538
8,2,5c52a349-c3da-4075-8eff-491c447e6b6e,56e31765-0b6e-4815-9cb6-c3d9b301fa14,4.08
8,2,5c52a349-c3da-4075-8eff-491c447e6b6e,583e15c7-98ef-4bea-978d-c69d7f3e846d,2.08
8,2,5c52a349-c3da-4075-8eff-491c447e6b6e,5bba1dce-65a0-4f22-8b96-985ec6621e16,1.934
8,2,5c52a349-c3da-4075-8eff-491c447e6b6e,5e616a5b-7de1-4305-a025-85db5dadb663,1.75
8,2,5c52a349-c3da-4075-8eff-491c447e6b6e,630b073e-f000-479e-a342-8626ae20aefc,1.669
8,2,5c52a349-c3da-4075-8eff-491c447e6b6e,68a32ed6-2a34-4691-9eb4-2d09f07b573c,1.568
8,2,5c52a349-c3da-4075-8eff-491c447e6b6e,6b999aa4-aecf-4c81-9eae-1bfc9c70b63f,1.736
8,2,5c52a349-c3da-4075-8eff-491c447e6b6e,6d375c7b-8200-42df-a3d9-9b162fe5a92a,1.919
8,2,5c52a349-c3da-4075-8eff-491c447e6b6e,716c5bfd-74d7-4669-a050-4fcb8a12fe8b,2.068
8,2,5c52a349-c3da-4075-8eff-491c447e6b6e,72679a5b-1628-4555-85d8-aa54bd08020e,2.072
8,2,5c52a349-c3da-4075-8eff-491c447e6b6e,76fe71bd-53ad-42da-ae71-3fd693e5ae31,2.643
8,2,5c52a349-c3da-4075-8eff-491c447e6b6e,77718050-350a-4116-b0ab-2420d3d3226b,3.696
8,2,5c52a349-c3da-4075-8eff-491c447e6b6e,7e53d92a-7c23-4dbf-ae7f-310c8d84de8a,4.916
8,2,5c52a349-c3da-4075-8eff-491c447e6b6e,7fbddc20-c960-473e-833f-b35e2f9347c5,4.58
8,2,5c52a349-c3da-4075-8eff-491c447e6b6e,8338ebc5-97f1-40d7-b0ad-c15a6bb43ad1,3.934
8,2,5c52a349-c3da-4075-8eff-491c447e6b6e,873fbdd3-939a-4e88-aff4-c9d9fdeb62f9,1.903
8,2,5c52a349-c3da-4075-8eff-491c447e6b6e,8dbd9a4b-03d2-4780-b7bb-e83a4d60fa76,1.819
8,2,5c52a349-c3da-4075-8eff-491c447e6b6e,910118f9-00fd-4dcc-9e86-44b68b1dc140,1.688
8,2,5c52a349-c3da-4075-8eff-491c447e6b6e,9596f305-c51c-4fc4-84f4-1226fe894acd,1.379
8,2,5c52a349-c3da-4075-8eff-491c447e6b6e,97e88929-4877-4f77-b60a-09108e5cdf39,2.076
8,2,5c52a349-c3da-4075-8eff-491c447e6b6e,9be56f19-d10d-43fe-945e-79429831c377,1.909
8,2,5c52a349-c3da-4075-8eff-491c447e6b6e,9f2b7082-c8b6-4522-a57c-6c0be37182e7,2.054
8,2,5c52a349-c3da-4075-8eff-491c447e6b6e,a29163de-5118-4646-b8ad-3a0320f33b20,2.31
8,2,5c52a349-c3da-4075-8eff-491c447e6b6e,a69b0eff-1cf1-430d-8831-4a7193adba50,1.795
8,2,5c52a349-c3da-4075-8eff-491c447e6b6e,aa28050c-848f-4033-a25d-7484681cee5e,1.342
8,2,5c52a349-c3da-4075-8eff-491c447e6b6e,ac5d2510-5794-4ce8-a57d-a032ea8243a1,0.992
8,2,5c52a349-c3da-4075-8eff-491c447e6b6e,af6e835c-b24f-4c53-bc21-8d65e61a6fee,1.101
8,2,5c52a349-c3da-4075-8eff-491c447e6b6e,b1210f9c-e23e-48b4-a205-e7e82cad738d,1.129
8,2,5c52a349-c3da-4075-8eff-491c447e6b6e,b6ca0624-23ed-4db9-9b05-89c84e043623,1.339
8,2,5c52a349-c3da-4075-8eff-491c447e6b6e,bb6195e1-77cc-48be-bf41-9fba07da926c,0.994
8,2,5c52a349-c3da-4075-8eff-491c447e6b6e,bd96e5fb-9523-47f6-8a5d-86b5370068d4,0.879
8,2,5c52a349-c3da-4075-8eff-491c447e6b6e,c301676a-0ffb-4a67-9c0d-df67142be19d,0.939
8,2,5c52a349-c3da-4075-8eff-491c447e6b6e,c8ffeba7-86cb-4f40-80ce-439fca09def8,1.378
8,2,5c52a349-c3da-4075-8eff-491c447e6b6e,cdabea95-1af4-408d-88cd-31d2f75a9a2a,1.498
8,2,5c52a349-c3da-4075-8eff-491c447e6b6e,cfbf3b73-297d-4c88-8066-687768300afd,2.01
8,2,5c52a349-c3da-4075-8eff-491c447e6b6e,d454d1ab-87da-413e-9ac7-bf34de7deebc,1.684
8,2,5c52a349-c3da-4075-8eff-491c447e6b6e,d658d4c9-3fc5-451d-a958-3e373fef6e1a,1.867
8,2,5c52a349-c3da-4075-8eff-491c447e6b6e,db83dfb9-42d1-4869-8917-a26feed03fef,2.121
8,2,5c52a349-c3da-4075-8eff-491c447e6b6e,df2df545-07d3-4b5b-851c-47d1f988ff38,3.792
8,2,5c52a349-c3da-4075-8eff-491c447e6b6e,e0e70d8d-9ec9-43a9-b6bb-4e2ef0e9ab77,2.673
8,2,5c52a349-c3da-4075-8eff-491c447e6b6e,e367cfe5-38e1-4121-ab5c-4890696e4655,2.098
8,2,5c52a349-c3da-4075-8eff-491c447e6b6e,e5a28cda-d2d2-42f1-a0f4-0e9f8a1d270a,1.708
8,2,5c52a349-c3da-4075-8eff-491c447e6b6e,e9119b7a-2462-4fc7-8bbd-6f8191befc15,1.216
8,2,5c52a349-c3da-4075-8eff-491c447e6b6e,ec861fca-4acf-49e9-986b-55e64bef7ee7,1.552
8,2,5c52a349-c3da-4075-8eff-491c447e6b6e,eeed6733-0fa5-4492-8c79-26be5e9a0118,1.519
8,2,5c52a349-c3da-4075-8eff-491c447e6b6e,f276b4e9-9f12-4aa9-bd5a-0ef939a76d07,1.634
8,2,5c52a349-c3da-4075-8eff-491c447e6b6e,f5045ec7-fcdf-45a8-90e3-13ebb86bd2a9,1.837
8,2,5c52a349-c3da-4075-8eff-491c447e6b6e,fb082f19-1505-49cf-8e03-7590307ccf38,3.796
8,2,5c52a349-c3da-4075-8eff-491c447e6b6e,fdaa2b8d-ce71-4312-97ac-d9b5535e4a85,3.292
8,2,5c52a349-c3da-4075-8eff-491c447e6b6e,008abfdb-8b9d-4bba-b2c2-ea779612e1ca,10.049
8,2,5c52a349-c3da-4075-8eff-491c447e6b6e,078202cd-37f9-4f56-a84a-4a707069f45e,2.318
8,2,5c52a349-c3da-4075-8eff-491c447e6b6e,091285cf-dff0-4bc0-9727-6b33a5dac06f,3.124
8,2,5c52a349-c3da-4075-8eff-491c447e6b6e,0b0b2b44-cf4b-4f37-a54f-398bacaea1ca,1.992
8,2,5c52a349-c3da-4075-8eff-491c447e6b6e,0cd70c2e-0d47-4dd2-8a9e-8523ac3cc807,1.585
8,2,5c52a349-c3da-4075-8eff-491c447e6b6e,115acc89-b56b-4c5d-91b8-ec193e909960,1.384
8,2,5c52a349-c3da-4075-8eff-491c447e6b6e,120d5351-c66c-4b7a-aafd-b2ca5a256b23,1.807
8,2,5c52a349-c3da-4075-8eff-491c447e6b6e,170ffbb5-da5b-48b3-8773-5e4e18930490,1.792
8,2,5c52a349-c3da-4075-8eff-491c447e6b6e,191e68d8-fa7d-4023-9bf7-e3b396465dbe,2.075
8,2,5c52a349-c3da-4075-8eff-491c447e6b6e,1d5dd352-91df-4013-9754-4c07221249ce,2.245
8,2,5c52a349-c3da-4075-8eff-491c447e6b6e,221de693-6d59-4007-878d-704e98968841,2.53
8,2,5c52a349-c3da-4075-8eff-491c447e6b6e,2409687d-e92b-40b7-b58b-cc79b36afbe7,2.479
8,2,5c52a349-c3da-4075-8eff-491c447e6b6e,29a05021-37e5-40c9-90fe-d2854b1af178,2.724
8,2,5c52a349-c3da-4075-8eff-491c447e6b6e,2d2269af-c08f-4339-8759-83b4d8926a76,5.155
8,2,5c52a349-c3da-4075-8eff-491c447e6b6e,2db00342-93be-4404-83ce-91a393bbcc1f,4.776
8,2,5c52a349-c3da-4075-8eff-491c447e6b6e,322c44b2-6682-4738-bee9-f17d83923f14,2.294
8,2,5c52a349-c3da-4075-8eff-491c447e6b6e,3368e733-29d3-4987-9ca2-408c9618f11e,2.237
8,2,5c52a349-c3da-4075-8eff-491c447e6b6e,3a91a327-697d-4481-b3cf-d4623eb31e74,1.898
8,2,5c52a349-c3da-4075-8eff-491c447e6b6e,3bc209df-54f8-4b6d-a868-3c66abdcc97c,2.011
8,2,5c52a349-c3da-4075-8eff-491c447e6b6e,3e8e4a64-3b51-4435-96ee-e5fff43658e0,1.691
8,2,5c52a349-c3da-4075-8eff-491c447e6b6e,446e2fe8-7880-4c00-b83d-53ec286c2bd5,2.056
8,2,5c52a349-c3da-4075-8eff-491c447e6b6e,465f2c39-a4a2-485d-bd10-bda41094fed1,1.903
8,2,5c52a349-c3da-4075-8eff-491c447e6b6e,467571cf-5387-4159-a06c-532b666a8ab7,1.595
8,2,5c52a349-c3da-4075-8eff-491c447e6b6e,4933f553-119f-4754-8c8a-e2be94a025de,1.787
8,2,5c52a349-c3da-4075-8eff-491c447e6b6e,4b0c2fa9-b680-40ac-b54d-ca1a76aafe3d,2.19
8,2,5c52a349-c3da-4075-8eff-491c447e6b6e,4d974d5d-efff-42ad-ae9e-553296621e9f,2.53
8,2,5c52a349-c3da-4075-8eff-491c447e6b6e,55f38629-e48f-4f1d-a3b4-e92cd04a8764,3.694
8,2,5c52a349-c3da-4075-8eff-491c447e6b6e,5910fa39-5deb-446b-9187-195b658d081f,1.681
8,2,5c52a349-c3da-4075-8eff-491c447e6b6e,5bcdf659-2ad3-4aa0-ab44-7f5ee269c7bb,2.018
8,2,5c52a349-c3da-4075-8eff-491c447e6b6e,5e9f38e4-f415-4086-b33d-3a4706deda59,1.738
8,2,5c52a349-c3da-4075-8eff-491c447e6b6e,62f61678-68ce-4d7a-a400-dffcf21e82c4,1.661
8,2,5c52a349-c3da-4075-8eff-491c447e6b6e,65a114a6-ed46-470e-b13c-c865328d7557,1.591
8,2,5c52a349-c3da-4075-8eff-491c447e6b6e,6bf15626-4fa2-4a96-b4ed-11e5e14c17d6,1.7
8,2,5c52a349-c3da-4075-8eff-491c447e6b6e,6e4c5858-0ff5-423b-ba16-22246accf0e3,1.888
8,2,5c52a349-c3da-4075-8eff-491c447e6b6e,6f510431-c6d7-405c-8e50-3ae88155a35f,2.274
8,2,5c52a349-c3da-4075-8eff-491c447e6b6e,72169d15-c52e-4975-8a41-a28bfeb9d111,2.205
8,2,5c52a349-c3da-4075-8eff-491c447e6b6e,75078202-dd00-4899-b678-c028d672c9e0,2.417
8,2,5c52a349-c3da-4075-8eff-491c447e6b6e,7a97084c-5c85-4ae8-afa3-3625b5dfe321,4.785
8,2,5c52a349-c3da-4075-8eff-491c447e6b6e,7f372476-4f04-4892-bce7-59902ad84345,4.898
8,2,5c52a349-c3da-4075-8eff-491c447e6b6e,8053caa2-01bd-4293-8418-c7b878555831,3.744
8,2,5c52a349-c3da-4075-8eff-491c447e6b6e,83d99f97-d773-4e65-b721-b451cec71d83,5.176
8,2,5c52a349-c3da-4075-8eff-491c447e6b6e,8a7e95a4-7b2b-4269-80b0-dd91b0f12d9a,1.911
8,2,5c52a349-c3da-4075-8eff-491c447e6b6e,8de78654-5fe5-4f78-a06c-ad00b74ce24c,1.646
8,2,5c52a349-c3da-4075-8eff-491c447e6b6e,8ec95fb4-8a6d-464a-94d9-800ac19c03fe,1.714
8,2,5c52a349-c3da-4075-8eff-491c447e6b6e,946cc541-38be-4d34-9ae4-ffb2c99d0565,1.669
8,2,5c52a349-c3da-4075-8eff-491c447e6b6e,984a999f-062d-4a85-88bb-84741db06a29,2.046
8,2,5c52a349-c3da-4075-8eff-491c447e6b6e,9ce3d025-d0aa-4c46-9a39-98ca4e549838,1.979
8,2,5c52a349-c3da-4075-8eff-491c447e6b6e,9e969939-f018-411c-9eb4-a732fab2d466,2.119
8,2,5c52a349-c3da-4075-8eff-491c447e6b6e,a0906d8e-6e3c-40ad-8799-8ced7bc57226,2.231
8,2,5c52a349-c3da-4075-8eff-491c447e6b6e,a66c18ac-776d-473b-8a9a-ef203775e7be,1.913
8,2,5c52a349-c3da-4075-8eff-491c447e6b6e,a91922bb-1d20-4e0e-b29a-9647bc26b7be,1.524
8,2,5c52a349-c3da-4075-8eff-491c447e6b6e,ac00bcb6-eb1c-43aa-b267-428be9eabe5d,1.154
8,2,5c52a349-c3da-4075-8eff-491c447e6b6e,acb1870c-b41d-4aa8-8e5e-2a9805641d90,1.09
8,2,5c52a349-c3da-4075-8eff-491c447e6b6e,b3beffd5-3480-4fe0-a47a-15cedbb7a550,1.099
8,2,5c52a349-c3da-4075-8eff-491c447e6b6e,b8a3b868-b4cf-468e-840c-48c6df4eb994,0.971
8,2,5c52a349-c3da-4075-8eff-491c447e6b6e,bbe789b7-e9f2-47cb-a3f0-8d6e6b9b3e53,1.01
8,2,5c52a349-c3da-4075-8eff-491c447e6b6e,c14cce18-6e8d-4fd0-be11-6576263f51dc,1.081
8,2,5c52a349-c3da-4075-8eff-491c447e6b6e,c34a4f67-53a8-4959-bdcc-e04b6a4b1d18,1.105
8,2,5c52a349-c3da-4075-8eff-491c447e6b6e,c8fcd9ea-b694-441a-9517-52070040a5c3,1.458
8,2,5c52a349-c3da-4075-8eff-491c447e6b6e,cd87b2f9-0153-48ee-b8f8-200c23e3c207,1.358
8,2,5c52a349-c3da-4075-8eff-491c447e6b6e,d16f1f92-95a0-4a21-ad4b-5247037ea4fa,1.738
8,2,5c52a349-c3da-4075-8eff-491c447e6b6e,d4c1c976-e64e-46d7-9de2-f3f16b5a1c86,2.368
8,2,5c52a349-c3da-4075-8eff-491c447e6b6e,d6b32886-c445-4d86-9057-2ae7cd64171e,1.679
8,2,5c52a349-c3da-4075-8eff-491c447e6b6e,dbeecedb-936a-45f8-946f-d9d5a41ed073,2.32
8,2,5c52a349-c3da-4075-8eff-491c447e6b6e,dda6917a-75c9-4163-a0ff-2784af3da53b,2.285
8,2,5c52a349-c3da-4075-8eff-491c447e6b6e,e08ce639-e5d4-4038-b924-22a158f64266,4.56
8,2,5c52a349-c3da-4075-8eff-491c447e6b6e,e2f5f9a4-e039-4bfe-9dda-c9180631f795,2.148
8,2,5c52a349-c3da-4075-8eff-491c447e6b6e,e5a1cc4a-48f8-4e9d-b5bc-51c85139f6b9,1.935
8,2,5c52a349-c3da-4075-8eff-491c447e6b6e,eba36d6f-cd12-45d9-ab6a-ce6b74572da9,1.288
8,2,5c52a349-c3da-4075-8eff-491c447e6b6e,ed3a0544-9c3d-4f1a-8b7b-75fb7be8949c,1.581
8,2,5c52a349-c3da-4075-8eff-491c447e6b6e,ef82ddc9-a67f-4287-89db-af19adff6946,1.496
8,2,5c52a349-c3da-4075-8eff-491c447e6b6e,f31db501-4071-47fb-aabf-4c6893501d7f,1.606
8,2,5c52a349-c3da-4075-8eff-491c447e6b6e,f6cd56dc-08eb-4493-9cf4-64b4546d2953,1.84
8,2,5c52a349-c3da-4075-8eff-491c447e6b6e,fc0fac63-cf3c-4e05-a20b-01b58a08b1be,3.711
8,2,5c52a349-c3da-4075-8eff-491c447e6b6e,fd80ad39-3485-4072-93ed-de9f8252bd22,3.833
8,2,5c52a349-c3da-4075-8eff-491c447e6b6e,345df475-a82e-451b-9a4d-733b7e4b5fcd,2.285
8,2,5c52a349-c3da-4075-8eff-491c447e6b6e,389f8e4b-32f8-4ed9-8cb1-50071faa32c6,1.611
8,2,5c52a349-c3da-4075-8eff-491c447e6b6e,3b36fe9a-2c4a-4844-815d-d7147a841203,1.796
8,2,5c52a349-c3da-4075-8eff-491c447e6b6e,3deba83b-3a05-4199-8cfc-afd50aa89841,1.665
8,2,5c52a349-c3da-4075-8eff-491c447e6b6e,42e01b38-5475-4b3e-9393-659a962fc60e,1.875
8,2,5c52a349-c3da-4075-8eff-491c447e6b6e,45d1f837-942c-4db8-b4d4-cecfeca6f00a,1.822
8,2,5c52a349-c3da-4075-8eff-491c447e6b6e,4702b16f-1ad5-40a2-9515-8095dd049bf1,1.578
8,2,5c52a349-c3da-4075-8eff-491c447e6b6e,4a16f023-f490-464f-975e-f9b09ed18d8a,1.993
8,2,5c52a349-c3da-4075-8eff-491c447e6b6e,4cd15cee-ce8b-4a1f-96ad-35458610d1d9,2.194
8,2,5c52a349-c3da-4075-8eff-491c447e6b6e,4e4904be-9dd9-4e57-9d0b-e94fc79255bc,2.277
8,2,5c52a349-c3da-4075-8eff-491c447e6b6e,55f0531c-c9cb-4754-90a2-582c0b1d806c,2.94
8,2,5c52a349-c3da-4075-8eff-491c447e6b6e,58c5ad27-de55-47aa-ba17-fb8b8cc797f5,2.024
8,2,5c52a349-c3da-4075-8eff-491c447e6b6e,5bdf4d9c-37bb-4ef9-a3c6-bc7591d81cbd,2.33
8,2,5c52a349-c3da-4075-8eff-491c447e6b6e,5c74f53e-4c93-41f4-9e7f-3548a5f1e639,1.772
8,2,5c52a349-c3da-4075-8eff-491c447e6b6e,622b452c-3731-4f3a-8ee2-80ff57808b45,1.696
8,2,5c52a349-c3da-4075-8eff-491c447e6b6e,67846f7f-34ee-4f5c-8576-f3c862d06580,1.498
8,2,5c52a349-c3da-4075-8eff-491c447e6b6e,6adbc9e6-df4f-4c91-a911-940c536f3398,1.749
8,2,5c52a349-c3da-4075-8eff-491c447e6b6e,6c72405d-e1c9-4b75-99a4-8f1e5642a632,1.631
8,2,5c52a349-c3da-4075-8eff-491c447e6b6e,70a3790d-9b61-4d23-949a-42ff09bf5d41,2.203
8,2,5c52a349-c3da-4075-8eff-491c447e6b6e,72fc0919-75de-4e5d-8787-9389485e8105,2.134
8,2,5c52a349-c3da-4075-8eff-491c447e6b6e,7633e5c1-be51-4646-b06d-1b95b6f9043a,2.514
8,2,5c52a349-c3da-4075-8eff-491c447e6b6e,79f490f8-634f-4bec-8688-b8cd4cee4ec0,3.635
8,2,5c52a349-c3da-4075-8eff-491c447e6b6e,7c42f91a-d0f9-4e4f-91ee-d062691424c6,4.856
8,2,5c52a349-c3da-4075-8eff-491c447e6b6e,814208d6-bda7-4a34-97be-41091fe838bf,5.119
8,2,5c52a349-c3da-4075-8eff-491c447e6b6e,82a35210-776e-4878-8b3b-39cc2b38ba9a,3.861
8,2,5c52a349-c3da-4075-8eff-491c447e6b6e,86312ecf-feb1-472b-a390-40a8164bb778,1.892
8,2,5c52a349-c3da-4075-8eff-491c447e6b6e,8d0d6006-708e-4f50-8e65-1d443338763b,1.835
8,2,5c52a349-c3da-4075-8eff-491c447e6b6e,8f894363-e4dd-4ac4-a9ad-2b08597c2d29,1.908
8,2,5c52a349-c3da-4075-8eff-491c447e6b6e,9554e67d-120b-47ba-8d09-39eab5f0fd1a,1.45
8,2,5c52a349-c3da-4075-8eff-491c447e6b6e,973ada54-1893-404d-a0a8-8888934d90c2,2.057
8,2,5c52a349-c3da-4075-8eff-491c447e6b6e,9e523934-21ff-4bb7-9bda-3709795afe6a,1.932
8,2,5c52a349-c3da-4075-8eff-491c447e6b6e,9f0281c7-e7a6-4661-a1e1-1b3c684a6bdc,1.857
8,2,5c52a349-c3da-4075-8eff-491c447e6b6e,a22f25d8-09db-4a25-87ab-a6d23655029e,2.07
8,2,5c52a349-c3da-4075-8eff-491c447e6b6e,a6d1a050-daba-4287-920e-7c8b95a3f0e5,1.689
8,2,5c52a349-c3da-4075-8eff-491c447e6b6e,aa22cd30-f74b-4a72-bd40-50009f5762b0,1.166
8,2,5c52a349-c3da-4075-8eff-491c447e6b6e,aaa81c8f-b901-441c-8c0c-b2610f2f32f3,0.939
8,2,5c52a349-c3da-4075-8eff-491c447e6b6e,ade976a8-7d4e-410d-9ea0-3690f7c9ccfd,1.073
8,2,5c52a349-c3da-4075-8eff-491c447e6b6e,b6440f95-bf71-4a2c-9c13-0aefc72f6158,1.772
8,2,5c52a349-c3da-4075-8eff-491c447e6b6e,b8a52c82-7ff6-44d5-8222-051879e2279d,0.984
8,2,5c52a349-c3da-4075-8eff-491c447e6b6e,bb286a67-7d28-40eb-94b7-039f119f6a22,1.178
8,2,5c52a349-c3da-4075-8eff-491c447e6b6e,bdd31339-122d-446a-bb9d-452a99fb719f,0.952
8,2,5c52a349-c3da-4075-8eff-491c447e6b6e,c3e1d954-0059-472a-827d-162516a6a9c2,1.031
8,2,5c52a349-c3da-4075-8eff-491c447e6b6e,c7de6e0e-e42b-4183-8891-9e2471ae946a,1.267
8,2,5c52a349-c3da-4075-8eff-491c447e6b6e,cbacf415-6863-441d-900e-8577ab632e2e,1.3
8,2,5c52a349-c3da-4075-8eff-491c447e6b6e,cef6c126-0151-4b09-96dd-7632de1b7c11,1.701
8,2,5c52a349-c3da-4075-8eff-491c447e6b6e,d3528cca-0279-4ef7-99a0-93d3085ce44c,1.851
8,2,5c52a349-c3da-4075-8eff-491c447e6b6e,d4f16496-4f35-49fe-9071-e59c2f37ab99,2.002
8,2,5c52a349-c3da-4075-8eff-491c447e6b6e,d72944f4-9d25-4a84-b3e1-4c89b12b53db,1.798
8,2,5c52a349-c3da-4075-8eff-491c447e6b6e,df494448-a30b-4306-bafa-e141e40c4885,3.782
8,2,5c52a349-c3da-4075-8eff-491c447e6b6e,e0bbf2dc-24b0-4988-b9ed-34e47b3f5312,3.704
8,2,5c52a349-c3da-4075-8eff-491c447e6b6e,e3b14747-3097-4ec1-954c-c80e6b1f8b37,2.065
8,2,5c52a349-c3da-4075-8eff-491c447e6b6e,e82f8685-754a-4332-bf5b-f3ce6532e98b,1.348
8,2,5c52a349-c3da-4075-8eff-491c447e6b6e,eb75ed5d-1538-45a7-853b-9856783117c4,1.261
8,2,5c52a349-c3da-4075-8eff-491c447e6b6e,ee404328-8c9a-49f6-a48f-db171115220a,1.503
8,2,5c52a349-c3da-4075-8eff-491c447e6b6e,f1a1c616-6d19-4d09-afe4-b80a307b9ac9,1.457
8,2,5c52a349-c3da-4075-8eff-491c447e6b6e,f45e6fa9-2216-499c-9690-fabc6f01ac7b,1.828
8,2,5c52a349-c3da-4075-8eff-491c447e6b6e,f5f9e7a4-d0cf-4a0c-ade3-1b6d3e129ffc,1.86
8,2,5c52a349-c3da-4075-8eff-491c447e6b6e,f883b359-e665-4f72-bfcb-ff1423a69d1c,2.651
8,2,5c52a349-c3da-4075-8eff-491c447e6b6e,fc63c020-375a-4081-9b7e-11d94bbf5c32,4.515
8,2,5c52a349-c3da-4075-8eff-491c447e6b6e,038cb591-c42b-462d-a69f-89511e2e5b7d,8.057
8,2,5c52a349-c3da-4075-8eff-491c447e6b6e,080ca915-a356-42cb-a0a4-c8e37f95b934,2.03
8,2,5c52a349-c3da-4075-8eff-491c447e6b6e,08ef6491-1a0b-4772-a8ea-040f9da03685,3.156
8,2,5c52a349-c3da-4075-8eff-491c447e6b6e,0a851522-9939-4a5d-a159-aeeade7692a5,1.85
8,2,5c52a349-c3da-4075-8eff-491c447e6b6e,0d59b2c5-8545-48fc-8e4f-18aa028ecd61,1.519
8,2,5c52a349-c3da-4075-8eff-491c447e6b6e,11bd5ca1-810d-47a5-b98e-00fffe58f644,1.727
8,2,5c52a349-c3da-4075-8eff-491c447e6b6e,14e2cae6-3c0a-4ace-8155-bf9a129fa5cc,1.806
8,2,5c52a349-c3da-4075-8eff-491c447e6b6e,188673ee-d0c7-41f4-ba1d-fe38da963b86,2.178
8,2,5c52a349-c3da-4075-8eff-491c447e6b6e,18ff6627-0a20-4f30-925d-7680037ed49e,2.107
8,2,5c52a349-c3da-4075-8eff-491c447e6b6e,1d67acbf-76b7-41fd-b65f-949c040bf9b4,2.225
8,2,5c52a349-c3da-4075-8eff-491c447e6b6e,21140484-4934-4e3b-a55b-788471db6812,2.497
8,2,5c52a349-c3da-4075-8eff-491c447e6b6e,23f255d4-35ed-47cb-9233-6eca3cdf8560,2.073
8,2,5c52a349-c3da-4075-8eff-491c447e6b6e,25fa73a2-df9d-463d-9222-43256e574268,2.642
8,2,5c52a349-c3da-4075-8eff-491c447e6b6e,2c5331b4-c73c-47c8-8cf7-4f14246d991a,4.949
8,2,5c52a349-c3da-4075-8eff-491c447e6b6e,2ff82b8b-0125-4cda-9158-30fc4de71114,4.659
8,2,5c52a349-c3da-4075-8eff-491c447e6b6e,31ce266e-4973-4020-a9a9-b6fe794c2d25,2.212
8,2,5c52a349-c3da-4075-8eff-491c447e6b6e,330b8367-16fb-4b37-977b-6ff7b0af8cb6,1.925
8,2,5c52a349-c3da-4075-8eff-491c447e6b6e,359c3488-cf1a-4caf-a992-9fcb67f67a1d,2.012
8,2,5c52a349-c3da-4075-8eff-491c447e6b6e,3b2a5bc2-13a8-4210-ae0a-d6f98a6ce61b,1.805
8,2,5c52a349-c3da-4075-8eff-491c447e6b6e,3c73e6cc-5306-43dc-aa8a-2584dd60628d,2.03
8,2,5c52a349-c3da-4075-8eff-491c447e6b6e,4182cbcb-512b-4f81-af8e-315bfe9ed766,1.785
8,2,5c52a349-c3da-4075-8eff-491c447e6b6e,44b268e5-0244-4b81-bbea-992c99f2b997,1.698
8,2,5c52a349-c3da-4075-8eff-491c447e6b6e,48bbff64-6e66-4ee7-8c7a-eb4c6ea3c9b6,2.341
8,2,5c52a349-c3da-4075-8eff-491c447e6b6e,49f90f9d-144e-4a3c-948b-fd4c906c0165,1.769
8,2,5c52a349-c3da-4075-8eff-491c447e6b6e,4bfc0b50-c8de-44ee-81cb-f5517dd95874,2.192
8,2,5c52a349-c3da-4075-8eff-491c447e6b6e,52feeb2a-bcb8-4d53-8a56-77b200a7277f,2.237
8,2,5c52a349-c3da-4075-8eff-491c447e6b6e,56a2e893-b968-4f0f-9aae-e4f229c56c6b,4.088
8,2,5c52a349-c3da-4075-8eff-491c447e6b6e,580b39b0-4f78-45fb-ba35-ef95d5228ef1,1.806
8,2,5c52a349-c3da-4075-8eff-491c447e6b6e,59ac7f6d-1213-4ba7-8dbb-46b47876d3f5,2.041
8,2,5c52a349-c3da-4075-8eff-491c447e6b6e,5ed9259e-51d8-4812-bff9-911766016aaa,1.719
8,2,5c52a349-c3da-4075-8eff-491c447e6b6e,61a931a9-4e96-46ee-9e5c-76871f7fd4f1,1.53
8,2,5c52a349-c3da-4075-8eff-491c447e6b6e,6a6ad652-0755-46b8-ba6e-740af39a0aaf,1.329
8,2,5c52a349-c3da-4075-8eff-491c447e6b6e,6a80e0a6-d7ce-4266-9638-a735c8b4414f,1.705
8,2,5c52a349-c3da-4075-8eff-491c447e6b6e,6e366696-a52e-4efc-860e-a2228fb5175b,1.89
8,2,5c52a349-c3da-4075-8eff-491c447e6b6e,6fb19fe9-b9e2-42ca-9dc6-479e9b66159c,2.016
8,2,5c52a349-c3da-4075-8eff-491c447e6b6e,740a3463-b0e3-4d55-933e-ffa46bad4632,2.669
8,2,5c52a349-c3da-4075-8eff-491c447e6b6e,75933c78-666a-481b-8729-e19ed876eb38,2.458
8,2,5c52a349-c3da-4075-8eff-491c447e6b6e,77cd5ec3-81e0-46ac-8b0d-9872ecfd96f2,3.725
8,2,5c52a349-c3da-4075-8eff-491c447e6b6e,7d69d2f5-5e39-40c1-92c7-c9715a356694,4.437
8,2,5c52a349-c3da-4075-8eff-491c447e6b6e,813720b8-5088-48c4-b2da-1373a6f998c7,5.178
8,2,5c52a349-c3da-4075-8eff-491c447e6b6e,82dd131d-0694-44dc-94e9-90ceb8648c2b,3.688
8,2,5c52a349-c3da-4075-8eff-491c447e6b6e,87a877bb-9460-400d-a8d6-61ba4176e121,1.869
8,2,5c52a349-c3da-4075-8eff-491c447e6b6e,8bd78a63-4acf-41b1-a427-08d3ccf405f4,1.85
8,2,5c52a349-c3da-4075-8eff-491c447e6b6e,9077dc21-6169-41e7-abd7-2deabaf15fc4,1.684
8,2,5c52a349-c3da-4075-8eff-491c447e6b6e,95967647-3251-4f55-a63f-0825a109a8c7,1.451
8,2,5c52a349-c3da-4075-8eff-491c447e6b6e,999ca5b0-0824-45fb-8e8f-b8f1fcfe1c33,1.77
8,2,5c52a349-c3da-4075-8eff-491c447e6b6e,9e20ae14-71e8-414a-bb20-099c957d45ce,1.822
8,2,5c52a349-c3da-4075-8eff-491c447e6b6e,9eb3226b-b3bd-4ca7-993b-abb960685917,1.597
8,2,5c52a349-c3da-4075-8eff-491c447e6b6e,a1a171b7-7c8a-4451-b213-9a2fe09984e1,2.219
8,2,5c52a349-c3da-4075-8eff-491c447e6b6e,a40037ad-7514-4d61-a25b-a1aeb58b2677,1.946
8,2,5c52a349-c3da-4075-8eff-491c447e6b6e,a8a7b19f-5647-4b45-8964-bb1210995b32,1.493
8,2,5c52a349-c3da-4075-8eff-491c447e6b6e,ac3fb2e4-6c9a-4cf8-80a5-91b0705d222c,1.265
8,2,5c52a349-c3da-4075-8eff-491c447e6b6e,ae53812b-06e9-41f1-99c0-ffa5d021f8dd,1.359
8,2,5c52a349-c3da-4075-8eff-491c447e6b6e,b335c7aa-ba20-40db-aec5-2e061f982a49,1.156
8,2,5c52a349-c3da-4075-8eff-491c447e6b6e,b9cdd721-ac9c-438a-9d4f-f59df4e4f9b6,1.306
8,2,5c52a349-c3da-4075-8eff-491c447e6b6e,b9d3e418-29bf-4ac4-a926-d4f41baac02f,1.026
8,2,5c52a349-c3da-4075-8eff-491c447e6b6e,c2f722d4-f67e-47ff-bb4c-b590010fb9b1,1.213
8,2,5c52a349-c3da-4075-8eff-491c447e6b6e,c5d666d0-40ac-4fee-9972-123a7e45fa84,1.262
8,2,5c52a349-c3da-4075-8eff-491c447e6b6e,c98f5c50-c2f5-43ea-babe-7d172f7d44e0,1.238
8,2,5c52a349-c3da-4075-8eff-491c447e6b6e,cab35bb7-51e1-4229-9ce7-9da3219984f1,1.185
8,2,5c52a349-c3da-4075-8eff-491c447e6b6e,d0b5d9b7-0837-4440-95d9-717dfc1ea4e6,1.782
8,2,5c52a349-c3da-4075-8eff-491c447e6b6e,d4387fde-5695-4865-a19b-ce0ab3effeac,1.495
8,2,5c52a349-c3da-4075-8eff-491c447e6b6e,d69dd90e-cc86-455c-b1c2-ae6ae7019fed,1.787
8,2,5c52a349-c3da-4075-8eff-491c447e6b6e,da89c724-1ad0-4430-b8d3-41fb4af64c4b,2.208
8,2,5c52a349-c3da-4075-8eff-491c447e6b6e,debc81a8-76ec-43ff-a6ee-53fe9f1b35e0,2.891
8,2,5c52a349-c3da-4075-8eff-491c447e6b6e,e1c9980f-fdac-4e5c-b2c3-37ab7dbcf367,2.618
8,2,5c52a349-c3da-4075-8eff-491c447e6b6e,e46ebbd8-890c-4aa4-9d0d-fd81044277db,1.772
8,2,5c52a349-c3da-4075-8eff-491c447e6b6e,e57cb761-6707-4959-8859-c895fc8f968f,1.579
8,2,5c52a349-c3da-4075-8eff-491c447e6b6e,eb181b9a-c4a7-4def-a1a5-89fbbeed0658,1.234
8,2,5c52a349-c3da-4075-8eff-491c447e6b6e,edb6c966-31fd-4533-b01f-835848d175e1,1.608
8,2,5c52a349-c3da-4075-8eff-491c447e6b6e,f16b3909-1396-43b1-96ad-0efdcdd3466a,1.455
8,2,5c52a349-c3da-4075-8eff-491c447e6b6e,f2873c43-4a6d-4c18-a606-b51ee3c2c9f3,1.569
8,2,5c52a349-c3da-4075-8eff-491c447e6b6e,f4be25f3-5b90-4e5c-aa3b-8ed9475929ea,1.9
8,2,5c52a349-c3da-4075-8eff-491c447e6b6e,fc254b6c-6416-48dc-99ed-a57f52ea0c90,3.514
8,2,5c52a349-c3da-4075-8eff-491c447e6b6e,fdbc203a-871a-460d-81af-097b37e1d2ed,2.08
8,2,5c52a349-c3da-4075-8eff-491c447e6b6e,043053da-288f-4bd0-93ba-e37c5570a08b,9.792
8,2,5c52a349-c3da-4075-8eff-491c447e6b6e,08176a1e-5d91-4426-a70d-3a44316ab060,1.844
8,2,5c52a349-c3da-4075-8eff-491c447e6b6e,08771048-6492-4ba3-a486-6c0a6b3a58c3,2.329
8,2,5c52a349-c3da-4075-8eff-491c447e6b6e,09bd7edb-849e-4c75-99d9-cad00e49a448,1.76
8,2,5c52a349-c3da-4075-8eff-491c447e6b6e,0ca32e19-08b3-401d-a354-06b1b8f9e3cc,1.453
8,2,5c52a349-c3da-4075-8eff-491c447e6b6e,0ea9f9e0-6111-4d13-a660-ac7e7a8181ae,1.437
8,2,5c52a349-c3da-4075-8eff-491c447e6b6e,13e37997-1527-41eb-8c38-42196509bc5d,1.989
8,2,5c52a349-c3da-4075-8eff-491c447e6b6e,18189022-9e73-460d-914e-d824e2e8699c,1.99
8,2,5c52a349-c3da-4075-8eff-491c447e6b6e,18f63013-533a-4367-9bcc-44057fad3a92,2.079
8,2,5c52a349-c3da-4075-8eff-491c447e6b6e,1dc4fae3-c8c7-47b5-8bd9-f0f3efd21bcb,2.181
8,2,5c52a349-c3da-4075-8eff-491c447e6b6e,20ebff8d-a61d-4f1d-bef7-a22e0a36df11,2.337
8,2,5c52a349-c3da-4075-8eff-491c447e6b6e,23a4afd4-45d8-4c71-a70f-9ba66d560148,2.143
8,2,5c52a349-c3da-4075-8eff-491c447e6b6e,268ddd06-81e7-4ce7-867a-6e282650788e,2.944
8,2,5c52a349-c3da-4075-8eff-491c447e6b6e,2aab0ccb-fb4c-4f0d-a8a2-c2635ce3ac6a,3.785
8,2,5c52a349-c3da-4075-8eff-491c447e6b6e,2d5c8e60-bca2-4794-b85f-e2a53c2572a7,6.382
8,2,5c52a349-c3da-4075-8eff-491c447e6b6e,30b1ae2e-4927-46ea-ae47-ae30526d7853,1.979
8,2,5c52a349-c3da-4075-8eff-491c447e6b6e,345512bc-afe9-4057-ac6f-e05c0ae82130,2.471
8,2,5c52a349-c3da-4075-8eff-491c447e6b6e,3954a3f8-3b9e-4ca7-8dec-01ce84ec1806,1.573
8,2,5c52a349-c3da-4075-8eff-491c447e6b6e,3b2bf282-33cf-40f2-8866-0b785054a948,1.763
8,2,5c52a349-c3da-4075-8eff-491c447e6b6e,3ea60ed7-0e0b-4c00-8d8e-1418736c4e45,1.84
8,2,5c52a349-c3da-4075-8eff-491c447e6b6e,419a0973-7a42-4618-9fd6-69164975b8d7,1.607
8,2,5c52a349-c3da-4075-8eff-491c447e6b6e,458446d5-5998-485e-be9f-96d39f09e308,1.851
8,2,5c52a349-c3da-4075-8eff-491c447e6b6e,493336d6-c69c-4caf-8f29-94a90e10e6bd,2.611
8,2,5c52a349-c3da-4075-8eff-491c447e6b6e,4ab88d42-b2c0-44aa-bb39-e3151326f781,1.711
8,2,5c52a349-c3da-4075-8eff-491c447e6b6e,4be4e396-9238-4a60-a4e9-cf94ff758395,2.043
8,2,5c52a349-c3da-4075-8eff-491c447e6b6e,4d085e53-cfd7-4da9-b013-ca28afbabdd7,1.892
8,2,5c52a349-c3da-4075-8eff-491c447e6b6e,5301b579-92ed-4cfe-ba0e-553fd6dd1f58,2.586
8,2,5c52a349-c3da-4075-8eff-491c447e6b6e,58e4cdda-8bc6-4625-9417-4463538482bf,2.279
8,2,5c52a349-c3da-4075-8eff-491c447e6b6e,5c14fac3-065e-436c-8e64-3d36a692f61b,2.063
8,2,5c52a349-c3da-4075-8eff-491c447e6b6e,5ceca6a3-5c48-49d5-9923-b0a092048349,1.746
8,2,5c52a349-c3da-4075-8eff-491c447e6b6e,631d46b0-c9e2-458d-807a-76003654f09d,1.641
8,2,5c52a349-c3da-4075-8eff-491c447e6b6e,646892d1-ef2d-4e22-b71f-d0933a6a1af0,1.394
8,2,5c52a349-c3da-4075-8eff-491c447e6b6e,6ab34a89-33c2-4c89-8a00-6985809ea9db,1.742
8,2,5c52a349-c3da-4075-8eff-491c447e6b6e,6d041975-fccb-4a3d-bb4d-597d31659e46,1.905
8,2,5c52a349-c3da-4075-8eff-491c447e6b6e,6f3d4e34-0275-4ffc-bb2e-2513caa79d31,2.026
8,2,5c52a349-c3da-4075-8eff-491c447e6b6e,721d5a8e-284f-44a7-8e24-d00c3714c2c9,1.99
8,2,5c52a349-c3da-4075-8eff-491c447e6b6e,759ebb97-abdc-4cf0-96ec-607d5e37675b,2.108
8,2,5c52a349-c3da-4075-8eff-491c447e6b6e,7bfc1334-7d30-48a9-af4d-cae8e5fb1104,2.814
8,2,5c52a349-c3da-4075-8eff-491c447e6b6e,7efabc09-c230-445e-9d26-6f0e99ac80f0,4.321
8,2,5c52a349-c3da-4075-8eff-491c447e6b6e,80150c0d-e957-4384-964f-43a24164b304,4.351
8,2,5c52a349-c3da-4075-8eff-491c447e6b6e,81d9f551-cb84-4420-866b-f149d0fcc42f,4.237
8,2,5c52a349-c3da-4075-8eff-491c447e6b6e,85f0249b-ab2b-42cf-8ece-732783f1b589,2.175
8,2,5c52a349-c3da-4075-8eff-491c447e6b6e,8b99e93b-4ab8-4f9b-b3e8-2278492785b7,1.6
8,2,5c52a349-c3da-4075-8eff-491c447e6b6e,900a7c2f-6819-40d1-9e56-5bf48a6da2ff,1.682
8,2,5c52a349-c3da-4075-8eff-491c447e6b6e,9676ec32-3370-46b0-b712-a658ef33ce9c,1.645
8,2,5c52a349-c3da-4075-8eff-491c447e6b6e,9a240188-88b9-4613-b65e-c00ee6cd134c,1.755
8,2,5c52a349-c3da-4075-8eff-491c447e6b6e,9acd8a8d-6783-4192-a134-ea384579d1ab,1.84
8,2,5c52a349-c3da-4075-8eff-491c447e6b6e,9e810dc4-7cff-47eb-944e-f9d032e75899,2.057
8,2,5c52a349-c3da-4075-8eff-491c447e6b6e,a09bf7bf-b910-4eb9-b56b-910d345fc1f7,2.291
8,2,5c52a349-c3da-4075-8eff-491c447e6b6e,a545ef57-ed9d-4e04-87af-179fc465c861,1.934
8,2,5c52a349-c3da-4075-8eff-491c447e6b6e,a9f9dab8-0653-43c2-9e05-2d8465a61237,1.543
8,2,5c52a349-c3da-4075-8eff-491c447e6b6e,ab7d9385-203e-4d0e-ba53-b95c143d8e92,0.886
8,2,5c52a349-c3da-4075-8eff-491c447e6b6e,ac9dd514-53d5-43b1-8ab2-c74fc30b478c,0.979
8,2,5c52a349-c3da-4075-8eff-491c447e6b6e,b66431ba-7a00-44ea-bb83-3124cdd56473,1.633
8,2,5c52a349-c3da-4075-8eff-491c447e6b6e,b864ae2c-c77e-412a-b451-65ba1baa8680,1.063
8,2,5c52a349-c3da-4075-8eff-491c447e6b6e,bb668d59-0109-4185-a7f7-e76ff3f5e000,1.016
8,2,5c52a349-c3da-4075-8eff-491c447e6b6e,c095a244-1c44-4405-a187-8ac7c8650ae1,0.995
8,2,5c52a349-c3da-4075-8eff-491c447e6b6e,c3f1880b-4675-41ed-985e-9fb2677a20d4,1.1
8,2,5c52a349-c3da-4075-8eff-491c447e6b6e,c8d877c3-8881-4fac-b2e5-39025856beea,1.515
8,2,5c52a349-c3da-4075-8eff-491c447e6b6e,cd7851fb-6f48-4cd2-b675-01c0fdbaaa93,1.358
8,2,5c52a349-c3da-4075-8eff-491c447e6b6e,ce6e2179-9c15-467e-a572-a70b60aac441,2.099
8,2,5c52a349-c3da-4075-8eff-491c447e6b6e,d4716c5e-53b8-4b20-abf1-2ec979771db9,2.575
8,2,5c52a349-c3da-4075-8eff-491c447e6b6e,d71454af-fc09-427f-8a59-2003be7a8a71,1.551
8,2,5c52a349-c3da-4075-8eff-491c447e6b6e,d99fd1d5-3490-4b18-bd81-4edbf57e9048,2.117
8,2,5c52a349-c3da-4075-8eff-491c447e6b6e,dfc0cc29-b211-40cf-a1d5-9ad3393ab5a9,3.65
8,2,5c52a349-c3da-4075-8eff-491c447e6b6e,e24d2335-8746-444b-b42c-a6f057e1277f,2.273
8,2,5c52a349-c3da-4075-8eff-491c447e6b6e,e53042ef-b1c6-429e-93da-d0059aae1003,2.094
8,2,5c52a349-c3da-4075-8eff-491c447e6b6e,e73a4f79-9808-4bb7-b098-cb6dfc634813,1.506
8,2,5c52a349-c3da-4075-8eff-491c447e6b6e,e86e794b-6e10-4a83-bc7a-1e03ec4e8669,1.291
8,2,5c52a349-c3da-4075-8eff-491c447e6b6e,02de6232-869f-451c-8c64-48d8b1c97689,9.036
8,2,5c52a349-c3da-4075-8eff-491c447e6b6e,04fd6b09-8af2-4624-9ccc-eb2f517c5ba2,2.212
8,2,5c52a349-c3da-4075-8eff-491c447e6b6e,08e0805b-1fbb-40b0-9b86-1f19c4749afe,2.73
8,2,5c52a349-c3da-4075-8eff-491c447e6b6e,ee3d63b4-a5ef-4f9b-8611-0d2f79d3b722,1.539
8,2,5c52a349-c3da-4075-8eff-491c447e6b6e,f107ff12-8e9d-4443-8446-49b4e705318b,1.494
8,2,5c52a349-c3da-4075-8eff-491c447e6b6e,f4994fb2-a42b-4937-b27f-54cf3d01f2c8,1.704
8,2,5c52a349-c3da-4075-8eff-491c447e6b6e,f7e84bfa-d765-4be8-9cd1-a5a772852858,1.63
8,2,5c52a349-c3da-4075-8eff-491c447e6b6e,fafa293d-c95e-439c-9b33-22c73d7baeb0,3.386
8,2,5c52a349-c3da-4075-8eff-491c447e6b6e,fea1f73f-0fdb-4ea6-9104-8734253dbf00,2.463
8,2,5c52a349-c3da-4075-8eff-491c447e6b6e,ffe5132d-3198-4543-9243-ab10dbd97fb5,3.067
8,2,5c52a349-c3da-4075-8eff-491c447e6b6e,0c4a104a-25e8-4319-984c-e4178e580fd8,1.824
8,2,5c52a349-c3da-4075-8eff-491c447e6b6e,0dd74e14-e75e-4399-8ac1-a93086ede0ee,1.606
8,2,5c52a349-c3da-4075-8eff-491c447e6b6e,1030a7a0-75f0-415b-a58c-f2a289cb6f99,1.676
8,2,5c52a349-c3da-4075-8eff-491c447e6b6e,137079ac-431d-4a65-8f4d-1ae0567b4373,1.839
8,2,5c52a349-c3da-4075-8eff-491c447e6b6e,181b1417-0143-4e69-803f-fb1f805d2110,1.893
8,2,5c52a349-c3da-4075-8eff-491c447e6b6e,191e8528-9443-4209-9f4d-30835c24b6e9,2.039
8,2,5c52a349-c3da-4075-8eff-491c447e6b6e,1a7cba34-845f-4eba-bae0-75677a5aa3c4,1.794
8,2,5c52a349-c3da-4075-8eff-491c447e6b6e,1f8a72d8-2e12-486e-94ed-c1d904f019a8,2.331
8,2,5c52a349-c3da-4075-8eff-491c447e6b6e,22d22acb-3d70-4f2f-9219-51fbc1cfd312,2.346
8,2,5c52a349-c3da-4075-8eff-491c447e6b6e,28d7c06a-c607-4676-86fc-a49d83739e07,3.063
8,2,5c52a349-c3da-4075-8eff-491c447e6b6e,2d248c72-1c67-4f27-8148-6e8f061a4020,2.428
8,2,5c52a349-c3da-4075-8eff-491c447e6b6e,2d9752c8-1f79-4065-8a2d-2f42b42bef3a,4.755
8,2,5c52a349-c3da-4075-8eff-491c447e6b6e,31f8ce41-faa6-4955-b5b8-f83daff2d26b,1.986
8,2,5c52a349-c3da-4075-8eff-491c447e6b6e,345a0ea3-ae8c-40dc-a4f6-419fdf33f387,2.304
8,2,5c52a349-c3da-4075-8eff-491c447e6b6e,385b12ad-eecf-4dd8-b150-c67df22410ff,1.342
8,2,5c52a349-c3da-4075-8eff-491c447e6b6e,3c26f7e7-5165-49ce-990e-91ba9859d49c,1.924
8,2,5c52a349-c3da-4075-8eff-491c447e6b6e,3ea3ff4b-6718-4543-8ebc-068145e32c56,1.91
8,2,5c52a349-c3da-4075-8eff-491c447e6b6e,41b48303-e552-4476-a2d8-740bd16ff2f0,1.628
8,2,5c52a349-c3da-4075-8eff-491c447e6b6e,4579ecd7-8964-49e8-bfaa-41c7c80eecb7,1.619
8,2,5c52a349-c3da-4075-8eff-491c447e6b6e,471c130a-3355-4914-877e-5d6ff6a96ad9,1.568
8,2,5c52a349-c3da-4075-8eff-491c447e6b6e,4a2a81d3-e367-4c64-aa84-5e07c92bccb2,1.972
8,2,5c52a349-c3da-4075-8eff-491c447e6b6e,4cf94765-dd40-4a65-9e06-f9d03f5e5c6d,2.255
8,2,5c52a349-c3da-4075-8eff-491c447e6b6e,51238788-5afd-42fa-bc4f-2c834c50b1da,2.463
8,2,5c52a349-c3da-4075-8eff-491c447e6b6e,5569edd7-7eee-4890-ac71-3e31f80bb043,2.594
8,2,5c52a349-c3da-4075-8eff-491c447e6b6e,57a29df4-b5d5-4de5-8690-befe7c21b873,2.637
8,2,5c52a349-c3da-4075-8eff-491c447e6b6e,5a5981db-30e1-45ad-92db-9608a1e0ff11,2.122
8,2,5c52a349-c3da-4075-8eff-491c447e6b6e,5cd257cd-59f9-4acd-95b5-a026c6c67105,1.717
8,2,5c52a349-c3da-4075-8eff-491c447e6b6e,6267f8d7-25fa-4c29-baf2-94d28446e62b,1.661
8,2,5c52a349-c3da-4075-8eff-491c447e6b6e,64f36ed1-a659-46ae-839b-fe939e3ab738,1.362
8,2,5c52a349-c3da-4075-8eff-491c447e6b6e,6bd20525-1d25-43ae-bd2e-6ceb93c30f05,1.837
8,2,5c52a349-c3da-4075-8eff-491c447e6b6e,6f3b7482-f815-43cb-a4ef-3a491b941eaf,2.046
8,2,5c52a349-c3da-4075-8eff-491c447e6b6e,71a0efb7-7d56-4181-8788-c738744a6433,1.914
8,2,5c52a349-c3da-4075-8eff-491c447e6b6e,73693431-1be4-478f-ac08-e667d04d07ef,2.394
8,2,5c52a349-c3da-4075-8eff-491c447e6b6e,751b0e70-c9c6-42a8-b9de-f13129b907a4,2.388
8,2,5c52a349-c3da-4075-8eff-491c447e6b6e,7bbb476a-bd94-4b71-bc9a-960cef2d3b2e,2.59
8,2,5c52a349-c3da-4075-8eff-491c447e6b6e,7d673942-73ea-4956-b695-870d231bc796,4.252
8,2,5c52a349-c3da-4075-8eff-491c447e6b6e,8160ad39-6fe2-49c8-9ade-329b5ef5137b,5.439
8,2,5c52a349-c3da-4075-8eff-491c447e6b6e,84905eb8-22bb-4f9e-abd0-0f8ad3507034,4.173
8,2,5c52a349-c3da-4075-8eff-491c447e6b6e,8a78e150-0c68-4795-af4c-c37387e59c50,1.743
8,2,5c52a349-c3da-4075-8eff-491c447e6b6e,8e99186b-f5e5-4473-b6c0-a5e1a91606b3,1.702
8,2,5c52a349-c3da-4075-8eff-491c447e6b6e,936c3855-755e-4924-bbaf-acce87cb0930,1.763
8,2,5c52a349-c3da-4075-8eff-491c447e6b6e,9532c3c4-3735-4794-8d9d-0540bedf5d21,1.438
8,2,5c52a349-c3da-4075-8eff-491c447e6b6e,96be6891-cbff-4aec-ae04-d192b31a9f1c,1.605
8,2,5c52a349-c3da-4075-8eff-491c447e6b6e,9aad48f8-52dd-4b33-80ad-ad5ed7aded4b,1.731
8,2,5c52a349-c3da-4075-8eff-491c447e6b6e,9e794103-0881-419a-a528-71c6a55f7f67,2.138
8,2,5c52a349-c3da-4075-8eff-491c447e6b6e,9fb9d422-89d5-4b2e-9553-01764ad7e8ef,2.075
8,2,5c52a349-c3da-4075-8eff-491c447e6b6e,a3e0694a-32ae-446c-b153-5de6527dcde4,2.508
8,2,5c52a349-c3da-4075-8eff-491c447e6b6e,a79f2321-5f1e-44a4-b262-e6a744ac2af2,1.327
8,2,5c52a349-c3da-4075-8eff-491c447e6b6e,ac0340ac-3457-498a-bf55-b51478d23be4,1.119
8,2,5c52a349-c3da-4075-8eff-491c447e6b6e,adc09042-78ea-435c-b2b9-1b5a070b8936,1.221
8,2,5c52a349-c3da-4075-8eff-491c447e6b6e,b638e205-aa0b-46f8-a3ae-f3ed018e850f,1.316
8,2,5c52a349-c3da-4075-8eff-491c447e6b6e,b72dcc77-95cb-42d2-bc2d-cdef58221265,1.391
8,2,5c52a349-c3da-4075-8eff-491c447e6b6e,bc00bb12-dbc3-47c1-b984-da3c465f5d92,0.927
8,2,5c52a349-c3da-4075-8eff-491c447e6b6e,bffb4c38-7c2c-4c39-8976-d33189d76f26,1.036
8,2,5c52a349-c3da-4075-8eff-491c447e6b6e,c2fbc348-e73e-461a-8dfa-fc70da86d881,1.019
8,2,5c52a349-c3da-4075-8eff-491c447e6b6e,c7252ebb-ba0d-45f7-9ab8-509c743b17ef,1.255
8,2,5c52a349-c3da-4075-8eff-491c447e6b6e,cb486ed7-f74a-4421-b6f8-aa38218e776e,1.353
8,2,5c52a349-c3da-4075-8eff-491c447e6b6e,d0ec02e0-41b7-4e62-b922-ae70806c07f9,2.269
8,2,5c52a349-c3da-4075-8eff-491c447e6b6e,d407bbc7-98ac-4280-b905-9f39e35a0f29,1.484
8,2,5c52a349-c3da-4075-8eff-491c447e6b6e,d5566b18-cabd-42a5-85fb-33d696bc34f7,1.996
8,2,5c52a349-c3da-4075-8eff-491c447e6b6e,d9cae72b-d9d2-45ca-8921-57f152b7e8f6,2.112
8,2,5c52a349-c3da-4075-8eff-491c447e6b6e,ddb69a47-bdf2-44e4-80a0-f1ea3291d93b,1.779
8,2,5c52a349-c3da-4075-8eff-491c447e6b6e,dff7f3aa-5b2e-45eb-b8d2-e1ea1426fcbf,4.504
8,2,5c52a349-c3da-4075-8eff-491c447e6b6e,e33da1e0-5dce-43f7-b26c-9e469fca4c7c,2.336
8,2,5c52a349-c3da-4075-8eff-491c447e6b6e,e62dc2e9-28a0-4a12-99e7-5441b746daa3,1.893
8,2,5c52a349-c3da-4075-8eff-491c447e6b6e,e9103d20-9750-4b6b-a038-3272d5c717bf,1.225
8,2,5c52a349-c3da-4075-8eff-491c447e6b6e,ee466fdb-37b2-4d91-861d-ef4aa8ba7bde,1.565
8,2,5c52a349-c3da-4075-8eff-491c447e6b6e,f1ad8c3b-b8dc-4333-84c1-34ead2e7132a,1.665
8,2,5c52a349-c3da-4075-8eff-491c447e6b6e,f35ebea4-f9df-4ec3-a48c-02a0cf9cdecb,1.873
8,2,5c52a349-c3da-4075-8eff-491c447e6b6e,f514c960-80e9-46ed-b1f1-4908e5e462c9,1.863
8,2,5c52a349-c3da-4075-8eff-491c447e6b6e,f9691861-5492-42d5-928d-7d9a1a139271,2.311
8,2,5c52a349-c3da-4075-8eff-491c447e6b6e,fded27c2-c268-4095-b225-56260263a11c,2.063
8,2,5c52a349-c3da-4075-8eff-491c447e6b6e,02c5a068-a78b-4bd1-b070-de8f064e96e0,9.318
8,2,5c52a349-c3da-4075-8eff-491c447e6b6e,04cfc9ce-a460-4ae3-829a-fb53f910ae61,2.366
8,2,5c52a349-c3da-4075-8eff-491c447e6b6e,094aec39-468c-41e5-a612-1a3262a90695,3.288
8,2,5c52a349-c3da-4075-8eff-491c447e6b6e,0a511a33-86d1-4f0f-a251-9c9af9e2dcf3,2.038
8,2,5c52a349-c3da-4075-8eff-491c447e6b6e,0e13d384-f410-4c8c-a802-88f13d41d844,1.759
8,2,5c52a349-c3da-4075-8eff-491c447e6b6e,11edba61-0e76-448b-8d48-43e779d01dc2,1.613
8,2,5c52a349-c3da-4075-8eff-491c447e6b6e,13feaff9-9f46-4b0d-956e-512eb63650f5,1.895
8,2,5c52a349-c3da-4075-8eff-491c447e6b6e,1742e977-0b63-4b4d-bdfc-f83611431e50,1.995
8,2,5c52a349-c3da-4075-8eff-491c447e6b6e,190ffdea-9740-4953-8e7e-400b42cdaa0b,2.217
8,2,5c52a349-c3da-4075-8eff-491c447e6b6e,1b77eba1-f26e-4cc3-83ed-fa16a97a267d,2.025
8,2,5c52a349-c3da-4075-8eff-491c447e6b6e,1f7df26c-dd24-45d3-b993-962236ee94e8,2.308
8,2,5c52a349-c3da-4075-8eff-491c447e6b6e,232e475e-a6fe-4135-accf-7c9514357470,2.56
8,2,5c52a349-c3da-4075-8eff-491c447e6b6e,2818346c-840c-416b-b543-bd438861523a,2.921
8,2,5c52a349-c3da-4075-8eff-491c447e6b6e,2bd013d8-4510-49b9-ae30-16d699dbab8c,5.125
8,2,5c52a349-c3da-4075-8eff-491c447e6b6e,2d5791f7-45f7-4ede-935f-54e8414cb00f,5.233
8,2,5c52a349-c3da-4075-8eff-491c447e6b6e,3167b725-16b3-4338-8af1-e7eed8a40dd5,2.024
8,2,5c52a349-c3da-4075-8eff-491c447e6b6e,33c980ce-f6e4-4ba1-a4b2-7b5d7e2df715,2.244
8,2,5c52a349-c3da-4075-8eff-491c447e6b6e,3a89d92f-eacc-4e28-8ec8-85fbd1e2ca36,1.732
8,2,5c52a349-c3da-4075-8eff-491c447e6b6e,3b86bcc3-eb64-4ae2-8cb6-3ce58447b993,1.808
8,2,5c52a349-c3da-4075-8eff-491c447e6b6e,3f99911c-be13-4197-90f9-ca6b9a0f4470,2.233
8,2,5c52a349-c3da-4075-8eff-491c447e6b6e,42091ad0-5d0e-4230-9387-71aa7f2ff77c,2.119
8,2,5c52a349-c3da-4075-8eff-491c447e6b6e,44d0f543-b6d1-464c-924b-7b5ea7d99114,1.661
8,2,5c52a349-c3da-4075-8eff-491c447e6b6e,48d6a4a5-4f36-4897-8b21-e3b691f5ccb2,2.113
8,2,5c52a349-c3da-4075-8eff-491c447e6b6e,4a2e9317-42d9-4cb2-826b-6a1169897d55,1.845
8,2,5c52a349-c3da-4075-8eff-491c447e6b6e,4bb41bd2-b7af-4e05-9c62-642c65a1c1b2,2.105
8,2,5c52a349-c3da-4075-8eff-491c447e6b6e,4f05a587-cc7c-403b-9c22-81d60cfaa91c,2.195
8,2,5c52a349-c3da-4075-8eff-491c447e6b6e,53046eee-98a2-4408-bd97-d13da134c9bf,2.719
8,2,5c52a349-c3da-4075-8eff-491c447e6b6e,572d6b9a-aa3d-434a-9c35-01b38cda2323,3.962
8,2,5c52a349-c3da-4075-8eff-491c447e6b6e,5b38c3ed-d9da-44cc-b20d-505e6caa301d,2.02
8,2,5c52a349-c3da-4075-8eff-491c447e6b6e,5d74dd55-458c-49fd-9fa8-7e42d333e7b6,1.718
8,2,5c52a349-c3da-4075-8eff-491c447e6b6e,5ffbcceb-8d25-4903-8126-b688bc01b5ee,1.405
8,2,5c52a349-c3da-4075-8eff-491c447e6b6e,663e9835-6ea9-4da1-8717-53e499caeb0a,1.464
8,2,5c52a349-c3da-4075-8eff-491c447e6b6e,6bf287da-a2a9-40ec-971b-5834b4b61c1c,1.771
8,2,5c52a349-c3da-4075-8eff-491c447e6b6e,6dd3fc6f-225a-4a92-8615-02e3a175c4ed,1.893
8,2,5c52a349-c3da-4075-8eff-491c447e6b6e,710e8c6a-8522-497a-9178-9fb5f313bf97,2.219
8,2,5c52a349-c3da-4075-8eff-491c447e6b6e,7394f356-7917-4bc1-ac47-23b740988302,2.375
8,2,5c52a349-c3da-4075-8eff-491c447e6b6e,75386ffb-83fe-4941-b326-ee4420355a1c,2.378
8,2,5c52a349-c3da-4075-8eff-491c447e6b6e,79eae452-d043-43d1-b1f8-2c863edad41b,3.823
8,2,5c52a349-c3da-4075-8eff-491c447e6b6e,7c9bafee-c968-4e56-8b25-3da666fb10a6,3.776
8,2,5c52a349-c3da-4075-8eff-491c447e6b6e,7f5148d9-b7e3-4717-b920-1d6e1e183dfd,3.735
8,2,5c52a349-c3da-4075-8eff-491c447e6b6e,84451965-3160-4797-8d28-cf7f34a89733,4.207
8,2,5c52a349-c3da-4075-8eff-491c447e6b6e,892e693d-81cd-434d-b3ec-46289676a4bc,1.488
8,2,5c52a349-c3da-4075-8eff-491c447e6b6e,8c339f8e-441f-4ff1-a240-691edb11e01d,1.635
8,2,5c52a349-c3da-4075-8eff-491c447e6b6e,9029bd93-a812-4b15-a29a-9f81541ef5e5,1.701
8,2,5c52a349-c3da-4075-8eff-491c447e6b6e,96797318-442c-43c0-b15f-70f8367e2d16,1.626
8,2,5c52a349-c3da-4075-8eff-491c447e6b6e,99d75adb-a717-40eb-9cb2-80c3ab1a984e,1.725
8,2,5c52a349-c3da-4075-8eff-491c447e6b6e,9d323ba5-107f-4f62-a07b-1ccd73607189,2.003
8,2,5c52a349-c3da-4075-8eff-491c447e6b6e,9f159df9-81cb-4115-a571-c020b50dc6d3,1.884
8,2,5c52a349-c3da-4075-8eff-491c447e6b6e,a0f58970-bc30-4204-8ef2-e8faed4d3913,2.338
8,2,5c52a349-c3da-4075-8eff-491c447e6b6e,a5fc5af7-00d1-447a-bbed-7c6d260e3159,1.848
8,2,5c52a349-c3da-4075-8eff-491c447e6b6e,a7decc76-b815-4195-8050-c2d0655f1531,1.467
8,2,5c52a349-c3da-4075-8eff-491c447e6b6e,ac24a39b-20bf-43c1-8d51-1521072ebc57,1.084
8,2,5c52a349-c3da-4075-8eff-491c447e6b6e,acc440d0-9913-4d20-bdb9-b4e8f2ac7924,1.014
8,2,5c52a349-c3da-4075-8eff-491c447e6b6e,b5a83a82-31d5-4174-aa5d-82698f938f97,1.137
8,2,5c52a349-c3da-4075-8eff-491c447e6b6e,b94ea034-f963-42af-9e27-a8c64d9d2736,0.954
8,2,5c52a349-c3da-4075-8eff-491c447e6b6e,bb9768ce-fb94-413a-b6c3-95c94b94f479,1.024
8,2,5c52a349-c3da-4075-8eff-491c447e6b6e,c25510b5-bdd2-46c9-bf80-7a1af3874b8a,1.05
8,2,5c52a349-c3da-4075-8eff-491c447e6b6e,c53594c3-9fe1-446f-a42a-51dab897c3a9,1.13
8,2,5c52a349-c3da-4075-8eff-491c447e6b6e,c726fa8c-cd4c-493c-954f-fc161747a137,1.272
8,2,5c52a349-c3da-4075-8eff-491c447e6b6e,cdc01359-91e5-4732-a28e-68ebf36c6dd6,1.415
8,2,5c52a349-c3da-4075-8eff-491c447e6b6e,ce3be389-f05c-4a1f-8f6e-6ce3a40da205,1.706
8,2,5c52a349-c3da-4075-8eff-491c447e6b6e,d292b3ff-e0cf-4af4-8ca3-eeccb43ff8d1,1.855
8,2,5c52a349-c3da-4075-8eff-491c447e6b6e,d60e451d-c0b3-41d8-98cd-9b6000ccb6bd,2.238
8,2,5c52a349-c3da-4075-8eff-491c447e6b6e,d857699c-3fee-48f7-be56-1ec5ce53e7c9,2.404
8,2,5c52a349-c3da-4075-8eff-491c447e6b6e,dddcce86-45ef-4dad-b387-2e8011be99ac,2.401
8,2,5c52a349-c3da-4075-8eff-491c447e6b6e,e209063d-a0fe-4ef4-aed8-5ea7d389a1a9,2.528
8,2,5c52a349-c3da-4075-8eff-491c447e6b6e,e35320d2-7a50-4ccd-a7a4-11c2ac576f11,1.801
8,2,5c52a349-c3da-4075-8eff-491c447e6b6e,e5f46825-a135-4eaf-9bfb-28c3b2d28cdc,1.708
8,2,5c52a349-c3da-4075-8eff-491c447e6b6e,e93cea62-6e8a-47fb-9707-3f88e82d9450,1.277
8,2,5c52a349-c3da-4075-8eff-491c447e6b6e,ec7c274a-28e7-4c2c-9d0c-646e9e3d4984,1.301
8,2,5c52a349-c3da-4075-8eff-491c447e6b6e,f1f0a41a-284b-4d3a-a46f-a72ffe8cb009,1.66
8,2,5c52a349-c3da-4075-8eff-491c447e6b6e,f41afa0c-78cf-407b-972a-ed0efe01b988,1.829
8,2,5c52a349-c3da-4075-8eff-491c447e6b6e,f7d84ce1-a566-44e8-b337-d92b96a70519,2.082
8,2,5c52a349-c3da-4075-8eff-491c447e6b6e,f908b1fb-8159-454a-a69e-27d2660fd73f,2.63
8,2,5c52a349-c3da-4075-8eff-491c447e6b6e,ff4abe85-c6a8-406c-882a-f092ac9d3f04,2.385
8,3,69ca2184-a0ce-46e6-9565-ef4533baf358,04d9700d-1b19-41d8-a0d4-82ee64acc4c9,1.633
8,3,69ca2184-a0ce-46e6-9565-ef4533baf358,0be49bb6-336b-469d-936d-9b700c86cb83,2.052
8,3,69ca2184-a0ce-46e6-9565-ef4533baf358,117176d6-b983-4f03-a962-a4f700457bf6,1.413
8,3,69ca2184-a0ce-46e6-9565-ef4533baf358,131cbb01-ba1b-485b-b423-7530b3fd6743,1.288
8,3,69ca2184-a0ce-46e6-9565-ef4533baf358,186bd2e5-8d21-42c7-8f4d-5664ec161187,1.241
8,3,69ca2184-a0ce-46e6-9565-ef4533baf358,1b171802-1ac5-469c-9a70-db60361cda23,1.207
8,3,69ca2184-a0ce-46e6-9565-ef4533baf358,1ee5a7b1-8727-41df-9664-4dca0044079d,1.349
8,3,69ca2184-a0ce-46e6-9565-ef4533baf358,2410d3c7-0396-4f5a-8966-028c4d6853d3,1.874
8,3,69ca2184-a0ce-46e6-9565-ef4533baf358,252e076f-6195-4b4e-9c54-bb45e22769dd,1.902
8,3,69ca2184-a0ce-46e6-9565-ef4533baf358,28ac0a8f-c226-4b65-952c-f5c690a4f769,2.242
8,3,69ca2184-a0ce-46e6-9565-ef4533baf358,2cdd07c1-fed0-48c6-8983-aae45d5058bc,2.233
8,3,69ca2184-a0ce-46e6-9565-ef4533baf358,2dff77ec-0c4f-4d90-93c2-7fd23445fd63,2.468
8,3,69ca2184-a0ce-46e6-9565-ef4533baf358,35571f2c-07b9-4ebb-afd7-27c9f62de27c,2.384
8,3,69ca2184-a0ce-46e6-9565-ef4533baf358,374fbefa-1465-45be-9a47-02c5d4fae0ad,2.853
8,3,69ca2184-a0ce-46e6-9565-ef4533baf358,3c36c112-b4c0-4478-8e89-e5ed8bfe007e,1.905
8,3,69ca2184-a0ce-46e6-9565-ef4533baf358,401d123f-d568-40c0-9551-53e7692d64e7,1.596
8,3,69ca2184-a0ce-46e6-9565-ef4533baf358,420d5d5a-f254-4a50-b1de-147e49745bfd,1.503
8,3,69ca2184-a0ce-46e6-9565-ef4533baf358,44bfd698-0323-4cb9-a758-b81ea225d799,1.911
8,3,69ca2184-a0ce-46e6-9565-ef4533baf358,4918b8c4-0276-47f0-8fcb-d1969dcd9d96,1.918
8,3,69ca2184-a0ce-46e6-9565-ef4533baf358,49d930ee-fa87-4298-b87a-28457098b94e,1.884
8,3,69ca2184-a0ce-46e6-9565-ef4533baf358,4c29c066-a42b-4f83-808b-19be5a5f78a0,2.312
8,3,69ca2184-a0ce-46e6-9565-ef4533baf358,4ff9b4af-e17d-4225-bae0-d4f5211de034,2.6
8,3,69ca2184-a0ce-46e6-9565-ef4533baf358,527dcd13-c864-4ac7-a692-f40362d276e1,4.44
8,3,69ca2184-a0ce-46e6-9565-ef4533baf358,544dfff4-74f0-4c10-b511-76528a51adef,3.379
8,3,69ca2184-a0ce-46e6-9565-ef4533baf358,58bf8420-ad54-4a19-95be-2ca566eab649,2.111
8,3,69ca2184-a0ce-46e6-9565-ef4533baf358,5b033561-e7e2-4e1b-b120-b63654f4823d,1.836
8,3,69ca2184-a0ce-46e6-9565-ef4533baf358,5de92057-d03d-4865-9fb6-3c0dd785225a,1.917
8,3,69ca2184-a0ce-46e6-9565-ef4533baf358,637d13e7-e30d-42e1-bb9b-ba878f867745,1.557
8,3,69ca2184-a0ce-46e6-9565-ef4533baf358,66bc115e-5ee6-4f94-9f7a-9177a9cf140e,1.438
8,3,69ca2184-a0ce-46e6-9565-ef4533baf358,6b060655-25bd-4d56-97e7-c8f505617302,1.506
8,3,69ca2184-a0ce-46e6-9565-ef4533baf358,72430eca-a346-4f55-baa3-7bf794984398,1.639
8,3,69ca2184-a0ce-46e6-9565-ef4533baf358,74ac3993-e603-47b7-a69f-abf6d389b19a,1.748
8,3,69ca2184-a0ce-46e6-9565-ef4533baf358,76ff442f-3cd0-4682-8516-dffd354a93ea,2.019
8,3,69ca2184-a0ce-46e6-9565-ef4533baf358,77533e52-e15c-420f-beb4-62422edc45c0,2.027
8,3,69ca2184-a0ce-46e6-9565-ef4533baf358,7b71bd9a-7c6e-4782-a398-f3b24afa59ca,2.58
8,3,69ca2184-a0ce-46e6-9565-ef4533baf358,7c842705-9bf7-4332-bd46-345269d94425,3.274
8,3,69ca2184-a0ce-46e6-9565-ef4533baf358,80a85524-aacc-4212-8f83-fa67a2a11479,4.884
8,3,69ca2184-a0ce-46e6-9565-ef4533baf358,870b9d31-f43d-40fc-9073-8fb3cc3d3f4c,3.264
8,3,69ca2184-a0ce-46e6-9565-ef4533baf358,89f1b07b-aeae-4675-b035-346b3eb0df2b,5.045
8,3,69ca2184-a0ce-46e6-9565-ef4533baf358,8f0c5323-5191-473e-aaa4-039e06254d43,1.76
8,3,69ca2184-a0ce-46e6-9565-ef4533baf358,9461fe08-137a-4e3c-a3d5-c78ce26d4d62,2.361
8,3,69ca2184-a0ce-46e6-9565-ef4533baf358,9688e48c-88b3-4899-b053-7ce76c2ef30e,1.422
8,3,69ca2184-a0ce-46e6-9565-ef4533baf358,97b117ae-8abc-450e-b993-fe5bb42e7a47,1.454
8,3,69ca2184-a0ce-46e6-9565-ef4533baf358,9afa00c1-8966-4f48-9b74-f4ce91891c3a,1.607
8,3,69ca2184-a0ce-46e6-9565-ef4533baf358,9e55947e-54b3-46b0-9545-17b183658b01,1.543
8,3,69ca2184-a0ce-46e6-9565-ef4533baf358,a05a2825-525b-4d1b-be8f-75e4ba42579c,2.146
8,3,69ca2184-a0ce-46e6-9565-ef4533baf358,a47165c4-55d8-4dd6-b68d-ee075a7cc13e,2.07
8,3,69ca2184-a0ce-46e6-9565-ef4533baf358,a6acd05c-129c-4740-860b-76ec6a9618dd,2.462
8,3,69ca2184-a0ce-46e6-9565-ef4533baf358,a8fbaec5-de94-4dc1-8aa7-f24232dcd0dd,2.068
8,3,69ca2184-a0ce-46e6-9565-ef4533baf358,ad04ceff-13a4-47bf-ad01-2b479c0184cc,4.222
8,3,69ca2184-a0ce-46e6-9565-ef4533baf358,ae1afb38-3405-44af-8db5-32a0e9e4c686,4.619
8,3,69ca2184-a0ce-46e6-9565-ef4533baf358,af091b2b-3ea3-426d-ab6e-9cdf26029573,3.006
8,3,69ca2184-a0ce-46e6-9565-ef4533baf358,b493afd7-14f6-4575-9323-5b04dbbf518d,1.623
8,3,69ca2184-a0ce-46e6-9565-ef4533baf358,b6d442e5-dfcb-4d08-8fd1-0a8737a0969a,1.397
8,3,69ca2184-a0ce-46e6-9565-ef4533baf358,b90465c3-9a78-43f2-ae9a-a0ab88f72c6a,1.17
8,3,69ca2184-a0ce-46e6-9565-ef4533baf358,beb5a9d7-4017-4914-bbd0-8ed50409e48d,1.649
8,3,69ca2184-a0ce-46e6-9565-ef4533baf358,c1d0e17d-f33d-4b36-b5ae-94c265fcc43f,2.037
8,3,69ca2184-a0ce-46e6-9565-ef4533baf358,c44cc351-e4ef-44f1-a14f-e40971cc97b4,2.029
8,3,69ca2184-a0ce-46e6-9565-ef4533baf358,c9bbb449-ac4b-4cc3-a67e-599bccd0fbf0,2.185
8,3,69ca2184-a0ce-46e6-9565-ef4533baf358,cc0f1c22-61e4-4ad0-8bc1-fa40c92231a5,2.831
8,3,69ca2184-a0ce-46e6-9565-ef4533baf358,d1856e39-8578-47f9-8c9e-4da89780d201,2.551
8,3,69ca2184-a0ce-46e6-9565-ef4533baf358,d4a19edf-e2f1-432e-8872-4d908a8aab9b,3.223
8,3,69ca2184-a0ce-46e6-9565-ef4533baf358,db11037a-3d82-43c9-a1a3-f1ab354b90e2,2.237
8,3,69ca2184-a0ce-46e6-9565-ef4533baf358,de30fb0a-a1e8-4a2d-ac7c-bc5cf3e241c7,1.588
8,3,69ca2184-a0ce-46e6-9565-ef4533baf358,dfd91c4b-53c8-4f5f-938a-c4a234bf7038,1.284
8,3,69ca2184-a0ce-46e6-9565-ef4533baf358,e5a7ab52-df9a-4994-8a0c-43e55ef3a16e,1.055
8,3,69ca2184-a0ce-46e6-9565-ef4533baf358,e62ce8a2-8a14-4d92-a242-5a845537234a,1.126
8,3,69ca2184-a0ce-46e6-9565-ef4533baf358,e9af197a-b040-4d04-ad00-f9fd50e40e45,1.069
8,3,69ca2184-a0ce-46e6-9565-ef4533baf358,ead3f9d9-e284-4f47-82d9-c9d1a0e79c71,1.258
8,3,69ca2184-a0ce-46e6-9565-ef4533baf358,ede20b28-70cd-4518-b182-fed785cac388,1.21
8,3,69ca2184-a0ce-46e6-9565-ef4533baf358,ef852262-2a56-4ac3-999b-e012ed8398ed,1.266
8,3,69ca2184-a0ce-46e6-9565-ef4533baf358,f3d55e73-2b0e-4711-8688-701af7d7e590,1.297
8,3,69ca2184-a0ce-46e6-9565-ef4533baf358,f843f4d5-1bb6-4d06-8b98-9ba34470a80d,1.399
8,3,69ca2184-a0ce-46e6-9565-ef4533baf358,fb375105-1f1d-42da-9d52-d6870f283d7b,1.326
8,3,69ca2184-a0ce-46e6-9565-ef4533baf358,ffc33731-630f-41df-a563-3384a748b0d1,1.704
8,3,69ca2184-a0ce-46e6-9565-ef4533baf358,049e6129-c688-4705-8de7-150a9465ba40,2.021
8,3,69ca2184-a0ce-46e6-9565-ef4533baf358,0b671590-b2d9-4d9c-b866-d6065bc2039c,1.74
8,3,69ca2184-a0ce-46e6-9565-ef4533baf358,107b010f-49a6-4eab-b9c2-ad952a85601c,1.63
8,3,69ca2184-a0ce-46e6-9565-ef4533baf358,12f9a942-3a85-4dc0-8641-77735af84fd6,1.323
8,3,69ca2184-a0ce-46e6-9565-ef4533baf358,1563b9df-7e8f-47e3-ae5d-effbdee801ff,1.51
8,3,69ca2184-a0ce-46e6-9565-ef4533baf358,1954ced2-3793-4f15-8295-dd37e2d3f2b7,1.657
8,3,69ca2184-a0ce-46e6-9565-ef4533baf358,1e8a5a53-d1c5-4500-a375-2afc63629751,1.661
8,3,69ca2184-a0ce-46e6-9565-ef4533baf358,22f63b7a-5107-412c-87f8-4f07595c3d76,2.134
8,3,69ca2184-a0ce-46e6-9565-ef4533baf358,26eaa6ce-cfe9-4438-8a7f-b42d79639167,2.081
8,3,69ca2184-a0ce-46e6-9565-ef4533baf358,293f84a9-4700-4bff-9e9b-8d1e0852a4c3,2.38
8,3,69ca2184-a0ce-46e6-9565-ef4533baf358,2d4a2f44-d8d2-4b80-aed9-8a3df4ff1a95,2.312
8,3,69ca2184-a0ce-46e6-9565-ef4533baf358,3273fb53-4c74-4dfa-974e-5847c50d6562,2.945
8,3,69ca2184-a0ce-46e6-9565-ef4533baf358,3386ad3d-1c96-430f-9c2b-65d2270d0cfc,2.519
8,3,69ca2184-a0ce-46e6-9565-ef4533baf358,368328ce-7c9b-4603-8798-2ef49e4c85a4,4.512
8,3,69ca2184-a0ce-46e6-9565-ef4533baf358,39de3db5-043c-4e2e-b2f1-f1f51859907f,2.191
8,3,69ca2184-a0ce-46e6-9565-ef4533baf358,3d18849d-9656-4c9f-8cd9-67c26531137b,1.742
8,3,69ca2184-a0ce-46e6-9565-ef4533baf358,404caa93-8959-403b-b6e4-1944d48ac568,1.649
8,3,69ca2184-a0ce-46e6-9565-ef4533baf358,4288eb63-dd49-4a02-9320-e1bab4b34e82,1.661
8,3,69ca2184-a0ce-46e6-9565-ef4533baf358,487886c0-d239-4303-9560-bd382a09525d,1.994
8,3,69ca2184-a0ce-46e6-9565-ef4533baf358,4b2ab9a7-d9f2-4353-9584-4be00ebabb58,1.841
8,3,69ca2184-a0ce-46e6-9565-ef4533baf358,4c490319-9e73-414e-a5d6-cf34bf788d21,2.288
8,3,69ca2184-a0ce-46e6-9565-ef4533baf358,5075f8ea-4593-4930-a545-c204830702df,2.611
8,3,69ca2184-a0ce-46e6-9565-ef4533baf358,5355e65f-5f14-4b51-9490-37d76ed06faf,3.293
8,3,69ca2184-a0ce-46e6-9565-ef4533baf358,582c44a0-615d-466e-a9e6-20c97c1c41b4,2.857
8,3,69ca2184-a0ce-46e6-9565-ef4533baf358,5a0cc4eb-1ca4-477e-9eea-874c040f456b,1.769
8,3,69ca2184-a0ce-46e6-9565-ef4533baf358,5cb8925c-f6b4-4869-be5d-3d361cbdd9f6,1.518
8,3,69ca2184-a0ce-46e6-9565-ef4533baf358,045253b2-8080-4e93-9a25-f91f34ba0f53,2.626
8,3,69ca2184-a0ce-46e6-9565-ef4533baf358,08f508c6-f305-4f7c-941e-d86a7e162bac,1.857
8,3,69ca2184-a0ce-46e6-9565-ef4533baf358,0d6b66e5-1297-46a2-b9d5-0058dc318d99,1.702
8,3,69ca2184-a0ce-46e6-9565-ef4533baf358,60f29486-0995-4253-9153-1f3770810f6a,1.419
8,3,69ca2184-a0ce-46e6-9565-ef4533baf358,645e1be6-25f9-4533-b941-005d37d531d1,1.241
8,3,69ca2184-a0ce-46e6-9565-ef4533baf358,694c705a-106e-4e94-b01a-2181a690814e,1.355
8,3,69ca2184-a0ce-46e6-9565-ef4533baf358,12aa080c-3d91-4ac7-bd79-3e4546f6b42d,1.581
8,3,69ca2184-a0ce-46e6-9565-ef4533baf358,15acb168-d541-41bb-be95-ebd2d0482592,1.501
8,3,69ca2184-a0ce-46e6-9565-ef4533baf358,1a925394-2df4-47c7-b46b-4773fa004a2a,1.651
8,3,69ca2184-a0ce-46e6-9565-ef4533baf358,6f173841-1ac9-43db-9946-7608da136d13,1.44
8,3,69ca2184-a0ce-46e6-9565-ef4533baf358,6ffc4feb-f0e5-4db7-b60e-80fac7fe93ef,1.448
8,3,69ca2184-a0ce-46e6-9565-ef4533baf358,1e9c6d5e-ffea-41a1-954a-77555bedf5bc,1.499
8,3,69ca2184-a0ce-46e6-9565-ef4533baf358,72fa123c-6069-49c7-9a95-fb2ba6eccbc0,1.779
8,3,69ca2184-a0ce-46e6-9565-ef4533baf358,7678bd0a-d898-4a54-8802-ac19059f4432,1.77
8,3,69ca2184-a0ce-46e6-9565-ef4533baf358,20ef2e27-2572-4f57-9db0-de033749b2fa,2.147
8,3,69ca2184-a0ce-46e6-9565-ef4533baf358,257d3c0d-967f-4913-a9b9-ee7066afb462,1.837
8,3,69ca2184-a0ce-46e6-9565-ef4533baf358,282853ab-5e57-4d55-a523-787c99e15940,1.81
8,3,69ca2184-a0ce-46e6-9565-ef4533baf358,2a625ed5-2a38-454e-80f2-2a655f2fa7c2,2.371
8,3,69ca2184-a0ce-46e6-9565-ef4533baf358,78c5ffa6-bb47-4d09-9467-3088f675f3e1,2.365
8,3,69ca2184-a0ce-46e6-9565-ef4533baf358,7ba2db57-c76b-4577-a648-4d50abab11c2,2.239
8,3,69ca2184-a0ce-46e6-9565-ef4533baf358,7d979e05-f0aa-494a-bbd1-f0d7c89976e1,3.321
8,3,69ca2184-a0ce-46e6-9565-ef4533baf358,2e3e785b-c608-482e-8971-5ca895b7d3f6,2.675
8,3,69ca2184-a0ce-46e6-9565-ef4533baf358,85e5c78a-f9f4-4f68-b26c-b59c38ad25ad,3.625
8,3,69ca2184-a0ce-46e6-9565-ef4533baf358,88104e04-2415-41f9-b6ca-09a74f4a9484,2.028
8,3,69ca2184-a0ce-46e6-9565-ef4533baf358,8a6909fc-5cca-4ca2-9fa1-14a93841adae,4.421
8,3,69ca2184-a0ce-46e6-9565-ef4533baf358,90fb9cb6-edd2-4b88-8e77-6f3ae2d51c82,1.808
8,3,69ca2184-a0ce-46e6-9565-ef4533baf358,93624bd0-5b0f-4a14-b375-88227c795af7,1.988
8,3,69ca2184-a0ce-46e6-9565-ef4533baf358,9568bd33-de0e-4870-bb48-bd1430162639,1.562
8,3,69ca2184-a0ce-46e6-9565-ef4533baf358,9884cd76-f7bc-4133-9f47-770595e41ca1,1.393
8,3,69ca2184-a0ce-46e6-9565-ef4533baf358,9a7d798c-a0e4-4b5d-a040-1547d9c0e45c,1.483
8,3,69ca2184-a0ce-46e6-9565-ef4533baf358,9e8b5e89-d0b4-4cc8-9b79-5c9283474b3c,1.693
8,3,69ca2184-a0ce-46e6-9565-ef4533baf358,a12ace4f-7ca1-4213-b8b5-88e3bbfcf825,1.94
8,3,69ca2184-a0ce-46e6-9565-ef4533baf358,a1e8a6f7-5caa-4d4e-b9a4-bbe1465b3821,1.917
8,3,69ca2184-a0ce-46e6-9565-ef4533baf358,a6b72e1b-ebdc-4c4a-a10b-1d206368b227,2.788
8,3,69ca2184-a0ce-46e6-9565-ef4533baf358,ab65d513-75b9-4ebe-9f07-b9503da29406,2.642
8,3,69ca2184-a0ce-46e6-9565-ef4533baf358,ad2aa847-d2b0-4deb-81ee-8a391c3b6975,3.158
8,3,69ca2184-a0ce-46e6-9565-ef4533baf358,ae5f5684-29e6-4302-a926-43bf19ccb673,4.334
8,3,69ca2184-a0ce-46e6-9565-ef4533baf358,af456c2c-da0a-45ee-bf22-2901eee9e6c5,2.896
8,3,69ca2184-a0ce-46e6-9565-ef4533baf358,b3da2966-026f-4646-bd20-97dfdd1c7b9f,1.495
8,3,69ca2184-a0ce-46e6-9565-ef4533baf358,b5acf611-f879-4ae2-b780-7f71f50836fc,1.185
8,3,69ca2184-a0ce-46e6-9565-ef4533baf358,b7b4843e-2567-432b-b9fc-fc291b01759f,1.395
8,3,69ca2184-a0ce-46e6-9565-ef4533baf358,35d88aa7-7699-4d8b-b532-e2f93b64636e,2.556
8,3,69ca2184-a0ce-46e6-9565-ef4533baf358,37be93c5-f724-4faf-9adc-d3cdf505d921,2.934
8,3,69ca2184-a0ce-46e6-9565-ef4533baf358,3b28f009-2aec-4fc8-a5cb-3d2f4de85b66,1.762
8,3,69ca2184-a0ce-46e6-9565-ef4533baf358,be4c435a-675c-42cd-8984-d5d7090ebe6a,1.698
8,3,69ca2184-a0ce-46e6-9565-ef4533baf358,c0d35727-60e3-4dc7-bccb-3116a50b124b,1.701
8,3,69ca2184-a0ce-46e6-9565-ef4533baf358,c61b3731-b4fc-4957-a8d6-f1fc341bf00e,1.995
8,3,69ca2184-a0ce-46e6-9565-ef4533baf358,c69a4ed8-2fb0-4e6d-ad2f-8cca5bead0dc,1.952
8,3,69ca2184-a0ce-46e6-9565-ef4533baf358,cbdefe58-227c-4006-8cc6-a624f44bcc31,2.77
8,3,69ca2184-a0ce-46e6-9565-ef4533baf358,cfcba9df-fb10-4e76-b25a-ec8805966520,2.174
8,3,69ca2184-a0ce-46e6-9565-ef4533baf358,d54191f9-73a3-4a71-97a3-cd6784a6c07f,4.659
8,3,69ca2184-a0ce-46e6-9565-ef4533baf358,db6bc4c6-82e4-4cf4-b561-6e5f7e6bf224,1.858
8,3,69ca2184-a0ce-46e6-9565-ef4533baf358,de5c99b7-c59a-44ae-80ec-8448908b7909,1.63
8,3,69ca2184-a0ce-46e6-9565-ef4533baf358,e1a46f58-c225-41f9-a7aa-03c72ce09620,1.182
8,3,69ca2184-a0ce-46e6-9565-ef4533baf358,e503d93e-cf61-412c-a93d-e8d8503bcb43,1.007
8,3,69ca2184-a0ce-46e6-9565-ef4533baf358,e8654566-bf9c-4b22-8094-795eaddb3614,1.124
8,3,69ca2184-a0ce-46e6-9565-ef4533baf358,ea468aed-5cf6-4688-a8ca-7d965e90f50c,1.1
8,3,69ca2184-a0ce-46e6-9565-ef4533baf358,edac65a2-1434-4523-b0c0-3500781e8248,1.232
8,3,69ca2184-a0ce-46e6-9565-ef4533baf358,eebee72c-f5b3-422a-9f39-5c12aa7edf26,1.226
8,3,69ca2184-a0ce-46e6-9565-ef4533baf358,f07f60bd-950a-4b90-9f1f-3301b1bc6671,1.209
8,3,69ca2184-a0ce-46e6-9565-ef4533baf358,f49dae8f-a66a-4ff5-8c90-25e8649ccb17,1.589
8,3,69ca2184-a0ce-46e6-9565-ef4533baf358,f6802819-c368-47c3-83cc-fb26db71fbe7,1.097
8,3,69ca2184-a0ce-46e6-9565-ef4533baf358,fa686e3c-28aa-40d3-8f17-d41419b033bc,1.337
8,3,69ca2184-a0ce-46e6-9565-ef4533baf358,047b635f-5879-4512-854e-ad9505614bfc,1.755
8,3,69ca2184-a0ce-46e6-9565-ef4533baf358,3f96d0c3-1d5e-4a44-af2d-3239bd795a98,1.74
8,3,69ca2184-a0ce-46e6-9565-ef4533baf358,4258e7df-5a8d-4efe-b5f3-967e028138c3,1.587
8,3,69ca2184-a0ce-46e6-9565-ef4533baf358,46dc2543-900b-4db0-8c92-1284fcf5be8d,1.741
8,3,69ca2184-a0ce-46e6-9565-ef4533baf358,0957a9f8-db33-45b3-8ba1-4c61360a3c63,2.084
8,3,69ca2184-a0ce-46e6-9565-ef4533baf358,0e6ccbb3-7538-444c-8f57-2c7d0a5bd7e7,1.624
8,3,69ca2184-a0ce-46e6-9565-ef4533baf358,499d1e20-7c5f-4f11-8705-7099761ef4c3,2.0
8,3,69ca2184-a0ce-46e6-9565-ef4533baf358,4a9cdee5-7479-4e5b-b7e8-abf85cdd9041,1.999
8,3,69ca2184-a0ce-46e6-9565-ef4533baf358,4e48748d-5154-45d4-9fb9-545ca5a1047b,2.262
8,3,69ca2184-a0ce-46e6-9565-ef4533baf358,5137983a-d7cf-4819-99af-530f3b716087,2.877
8,3,69ca2184-a0ce-46e6-9565-ef4533baf358,131bd26e-ae6f-4913-aee1-7b58992f2002,1.431
8,3,69ca2184-a0ce-46e6-9565-ef4533baf358,15b58499-fa6f-44aa-b14f-22385454849c,1.667
8,3,69ca2184-a0ce-46e6-9565-ef4533baf358,1a04df8f-66bc-4d86-b897-228d0fb9c631,1.49
8,3,69ca2184-a0ce-46e6-9565-ef4533baf358,1e5aed80-21ad-4241-a430-5f6712ad78cb,1.866
8,3,69ca2184-a0ce-46e6-9565-ef4533baf358,23b07206-9e48-45f6-8783-845c9957566d,2.341
8,3,69ca2184-a0ce-46e6-9565-ef4533baf358,27109cbe-e704-49ee-924e-e96582d49528,2.088
8,3,69ca2184-a0ce-46e6-9565-ef4533baf358,289b8e1c-522e-46b0-9c7f-ee6d87e73aa6,1.979
8,3,69ca2184-a0ce-46e6-9565-ef4533baf358,52709308-eb49-4edd-9950-518fb8be5717,3.878
8,3,69ca2184-a0ce-46e6-9565-ef4533baf358,2adf2eba-7cbb-4c46-b90e-101ba7eaf980,2.374
8,3,69ca2184-a0ce-46e6-9565-ef4533baf358,2df5cce6-2fed-4d93-891e-be9c1ac3902c,2.405
8,3,69ca2184-a0ce-46e6-9565-ef4533baf358,33c9d1ee-ff05-4039-9914-a16cbb31d533,2.502
8,3,69ca2184-a0ce-46e6-9565-ef4533baf358,365284b0-0e45-4c7c-b0e0-7438e6bbd21d,3.401
8,3,69ca2184-a0ce-46e6-9565-ef4533baf358,39bf3dae-88c1-4f18-943c-f2902884831c,2.079
8,3,69ca2184-a0ce-46e6-9565-ef4533baf358,3d84b140-feb1-4b66-a720-affc2398a8dd,2.051
8,3,69ca2184-a0ce-46e6-9565-ef4533baf358,5421034d-529d-4c41-8a07-83ece74dd54d,3.713
8,3,69ca2184-a0ce-46e6-9565-ef4533baf358,589f8edf-b278-46ea-a710-1b4a36cf2453,2.252
8,3,69ca2184-a0ce-46e6-9565-ef4533baf358,5c04117b-0359-4bee-9996-9f9616e01d65,1.793
8,3,69ca2184-a0ce-46e6-9565-ef4533baf358,5ffc8588-a5e2-44bf-89c0-885e405001e4,2.21
8,3,69ca2184-a0ce-46e6-9565-ef4533baf358,63fd67c2-4b53-48bb-b86b-20744389344a,1.702
8,3,69ca2184-a0ce-46e6-9565-ef4533baf358,66a30741-bfbe-46d4-8e44-4589d3399064,1.47
8,3,69ca2184-a0ce-46e6-9565-ef4533baf358,6e4df4c9-2e71-4aba-9542-45c522027775,1.155
8,3,69ca2184-a0ce-46e6-9565-ef4533baf358,701a5c2a-3102-4788-9fdf-028c639d25bf,1.456
8,3,69ca2184-a0ce-46e6-9565-ef4533baf358,7412dab7-0e6f-4f6d-b610-169971b9127d,1.728
8,3,69ca2184-a0ce-46e6-9565-ef4533baf358,40312474-5e44-40e4-8706-4156699de2f3,1.701
8,3,69ca2184-a0ce-46e6-9565-ef4533baf358,4355276d-cc0a-4000-8fb3-031c8bb037ca,1.915
8,3,69ca2184-a0ce-46e6-9565-ef4533baf358,7713bfe7-b7bc-42c3-a710-be42a074e8e7,2.069
8,3,69ca2184-a0ce-46e6-9565-ef4533baf358,79420b5c-cd0c-46e4-8f31-d9524b066449,2.071
8,3,69ca2184-a0ce-46e6-9565-ef4533baf358,7bd03855-0d46-45b1-a85c-a606c769894b,2.613
8,3,69ca2184-a0ce-46e6-9565-ef4533baf358,7f18f45b-13c1-4e25-989b-249aa0f6787f,2.591
8,3,69ca2184-a0ce-46e6-9565-ef4533baf358,8628b8fa-5604-47ac-8a25-0839f8a077bb,3.216
8,3,69ca2184-a0ce-46e6-9565-ef4533baf358,4860618d-2652-45d6-9692-74c631fc9db6,2.008
8,3,69ca2184-a0ce-46e6-9565-ef4533baf358,4b3acea4-91dd-48a7-9cbf-062aa6d48ff1,2.037
8,3,69ca2184-a0ce-46e6-9565-ef4533baf358,4bd69931-b8ac-45a7-af99-5b066a27313c,2.031
8,3,69ca2184-a0ce-46e6-9565-ef4533baf358,88c23be5-e009-4ccd-9761-7c71668592b5,2.386
8,3,69ca2184-a0ce-46e6-9565-ef4533baf358,8d4243e1-a3c3-49be-b316-8f333ae4d237,2.12
8,3,69ca2184-a0ce-46e6-9565-ef4533baf358,91826ccd-8816-40a8-be9e-27773a35f7b0,1.489
8,3,69ca2184-a0ce-46e6-9565-ef4533baf358,50a83b51-7e3e-48fc-a3e7-a1d36b98bf03,2.448
8,3,69ca2184-a0ce-46e6-9565-ef4533baf358,5379138a-760f-4832-97fd-ff93679d1516,3.355
8,3,69ca2184-a0ce-46e6-9565-ef4533baf358,56e196cb-aa16-4efa-a0d5-73bb74cf0762,2.034
8,3,69ca2184-a0ce-46e6-9565-ef4533baf358,59d629a5-34c1-4c4c-9823-7e7a17a38540,1.859
8,3,69ca2184-a0ce-46e6-9565-ef4533baf358,5c2e69e6-8543-4155-af7c-52ceb266e0de,1.527
8,3,69ca2184-a0ce-46e6-9565-ef4533baf358,6024e5e2-7197-483d-9ddd-36e1869843be,1.771
8,3,69ca2184-a0ce-46e6-9565-ef4533baf358,62df1a82-2371-400a-a2f1-362c096f7895,1.416
8,3,69ca2184-a0ce-46e6-9565-ef4533baf358,66271ac0-e04b-4a23-97bd-016a09f198b8,1.575
8,3,69ca2184-a0ce-46e6-9565-ef4533baf358,6e72891d-3160-4f16-b147-8fc84f33f18f,1.339
8,3,69ca2184-a0ce-46e6-9565-ef4533baf358,70f64bf8-16dd-4a9f-81a5-7d2e0bb34791,1.637
8,3,69ca2184-a0ce-46e6-9565-ef4533baf358,94d8e6fd-b171-4b46-970a-857f1ed779c9,1.431
8,3,69ca2184-a0ce-46e6-9565-ef4533baf358,970c2028-d5e6-4c6d-93b5-51c8dd192214,1.031
8,3,69ca2184-a0ce-46e6-9565-ef4533baf358,98a861ec-0ec5-448e-9958-c404dd4181e0,1.193
8,3,69ca2184-a0ce-46e6-9565-ef4533baf358,73ebc429-3db1-46de-bfe0-f09752666b91,1.708
8,3,69ca2184-a0ce-46e6-9565-ef4533baf358,75dc4d80-0b12-477f-8d43-a2435af154f0,1.768
8,3,69ca2184-a0ce-46e6-9565-ef4533baf358,9b712454-ed0c-42b2-a1d6-e7abc1fd8405,2.773
8,3,69ca2184-a0ce-46e6-9565-ef4533baf358,9ef4a06d-7f5d-4a4f-a00e-6b04773f93ae,1.606
8,3,69ca2184-a0ce-46e6-9565-ef4533baf358,a192652c-4076-47aa-b12c-46e0ad1dd4ed,1.638
8,3,69ca2184-a0ce-46e6-9565-ef4533baf358,a2192bb2-399e-4e4d-8757-f535f8c65f8a,1.92
8,3,69ca2184-a0ce-46e6-9565-ef4533baf358,77f0ce59-7b37-4fb7-a5cb-3a2bbc1d71a9,1.991
8,3,69ca2184-a0ce-46e6-9565-ef4533baf358,a4d86eb7-9255-4f7f-af50-5f9186321e12,2.195
8,3,69ca2184-a0ce-46e6-9565-ef4533baf358,a9a99d02-315a-4f87-b0c3-4db28a232a68,2.327
8,3,69ca2184-a0ce-46e6-9565-ef4533baf358,7c3e5509-7825-4882-876e-fb0d20058956,2.599
8,3,69ca2184-a0ce-46e6-9565-ef4533baf358,7f7a614f-050a-4ac5-8e5e-7762f59bcd94,2.941
8,3,69ca2184-a0ce-46e6-9565-ef4533baf358,acc0c37b-99e7-4ea9-b153-a831bcc74ba7,4.591
8,3,69ca2184-a0ce-46e6-9565-ef4533baf358,adf25158-4e62-4395-9ae4-2bf08738c0c3,2.372
8,3,69ca2184-a0ce-46e6-9565-ef4533baf358,aedfaf44-28ff-49f0-bb84-4517fb253f52,2.181
8,3,69ca2184-a0ce-46e6-9565-ef4533baf358,b20fdcb0-29ef-4ccf-aca8-354229e8f1a1,1.64
8,3,69ca2184-a0ce-46e6-9565-ef4533baf358,86a48dc2-5fa3-4f3f-821d-3cd1a13ba50d,3.11
8,3,69ca2184-a0ce-46e6-9565-ef4533baf358,88bffc17-f0b2-43d5-bc54-2607c8c76532,2.099
8,3,69ca2184-a0ce-46e6-9565-ef4533baf358,8d1b208a-fbf9-49f4-9a5b-198662dd04a5,2.231
8,3,69ca2184-a0ce-46e6-9565-ef4533baf358,b59db32c-191e-415d-bd65-5b50bd90e2dc,1.731
8,3,69ca2184-a0ce-46e6-9565-ef4533baf358,b899bf47-891f-4b1b-8d47-7f4045f93bd9,1.635
8,3,69ca2184-a0ce-46e6-9565-ef4533baf358,bd83694d-effb-479c-b027-efd91e17852b,1.665
8,3,69ca2184-a0ce-46e6-9565-ef4533baf358,bec412dd-a590-42ff-b82e-f486d503edca,1.475
8,3,69ca2184-a0ce-46e6-9565-ef4533baf358,911d696e-ad51-4a89-ac0b-0cb22ceba55c,1.571
8,3,69ca2184-a0ce-46e6-9565-ef4533baf358,c464dea4-35fd-4f0f-afc6-f077770e2cb9,1.774
8,3,69ca2184-a0ce-46e6-9565-ef4533baf358,c9366558-3489-46ef-b88b-9faa9fe0afc0,2.175
8,3,69ca2184-a0ce-46e6-9565-ef4533baf358,cb191d3f-5e83-474b-b642-d81f9951c6a2,2.564
8,3,69ca2184-a0ce-46e6-9565-ef4533baf358,d1c30d7f-bb97-4972-9016-97521e6ecea4,2.425
8,3,69ca2184-a0ce-46e6-9565-ef4533baf358,93ded151-6130-4289-9fce-1dfe1ed88978,1.952
8,3,69ca2184-a0ce-46e6-9565-ef4533baf358,95286fba-699b-491f-9638-a0983e40fac6,1.368
8,3,69ca2184-a0ce-46e6-9565-ef4533baf358,9827bd6a-8cfa-4edd-9f6d-4f57376db314,1.406
8,3,69ca2184-a0ce-46e6-9565-ef4533baf358,d6e9ed74-8b0d-40fa-b814-57a31e379efd,4.918
8,3,69ca2184-a0ce-46e6-9565-ef4533baf358,dbb4b20b-edf8-439a-b2c9-0ad19a101ad7,2.039
8,3,69ca2184-a0ce-46e6-9565-ef4533baf358,99fcf66c-6e50-4ba9-abb4-1deefda53924,1.456
8,3,69ca2184-a0ce-46e6-9565-ef4533baf358,de826d2f-ba20-4893-9265-6717a929d259,1.659
8,3,69ca2184-a0ce-46e6-9565-ef4533baf358,e17088d0-bba8-4abe-a312-cd13ae9f4c5a,1.222
8,3,69ca2184-a0ce-46e6-9565-ef4533baf358,9db90385-734e-46b6-a098-b3d71924227f,1.487
8,3,69ca2184-a0ce-46e6-9565-ef4533baf358,a0431e3f-674d-44a2-ac3d-b5135ba0af21,1.723
8,3,69ca2184-a0ce-46e6-9565-ef4533baf358,a215ddf0-9759-4100-b7bc-3661f95b3e4b,2.041
8,3,69ca2184-a0ce-46e6-9565-ef4533baf358,a6792179-65d2-4c4d-afc0-884019891fe6,2.525
8,3,69ca2184-a0ce-46e6-9565-ef4533baf358,a9e240f7-c87c-4740-a11c-d60ebe334f89,2.375
8,3,69ca2184-a0ce-46e6-9565-ef4533baf358,e61c93b9-166a-43f8-8a43-6090e3308150,1.49
8,3,69ca2184-a0ce-46e6-9565-ef4533baf358,e6f72dbb-1f2b-4c14-a034-08c604c4e5c6,1.292
8,3,69ca2184-a0ce-46e6-9565-ef4533baf358,e8dee53e-d0fe-4d50-972f-3f12b0a434f3,0.974
8,3,69ca2184-a0ce-46e6-9565-ef4533baf358,ac6da893-c9bc-4697-a26b-a18c7c833dfc,4.691
8,3,69ca2184-a0ce-46e6-9565-ef4533baf358,add93806-5317-4fed-abaa-744264463fbd,3.626
8,3,69ca2184-a0ce-46e6-9565-ef4533baf358,af69ef81-5613-4cb8-a6a7-e8bf9f2c6c66,2.883
8,3,69ca2184-a0ce-46e6-9565-ef4533baf358,b334dda0-c4dc-480d-a223-0e9cac0284e6,1.517
8,3,69ca2184-a0ce-46e6-9565-ef4533baf358,b5c03228-ac4e-4510-aae7-20bf1f00b2ca,1.721
8,3,69ca2184-a0ce-46e6-9565-ef4533baf358,bac7d5e9-44b9-4c46-8df0-8e5d89a0a721,1.203
8,3,69ca2184-a0ce-46e6-9565-ef4533baf358,bd515d73-138b-4edf-b2ba-b7c928585d45,1.438
8,3,69ca2184-a0ce-46e6-9565-ef4533baf358,ead6ecfc-4001-4d4d-ae60-7fb26f23271c,1.229
8,3,69ca2184-a0ce-46e6-9565-ef4533baf358,ee6984d1-e070-448f-bca4-d2506b4f835e,1.038
8,3,69ca2184-a0ce-46e6-9565-ef4533baf358,f0db427b-2e38-4a5f-9fb4-cf840cacf072,1.205
8,3,69ca2184-a0ce-46e6-9565-ef4533baf358,f5117fb2-0cfa-457e-b3ea-b422824c49ba,1.681
8,3,69ca2184-a0ce-46e6-9565-ef4533baf358,fa49c7d8-7e98-4421-afd0-43950b615736,1.494
8,3,69ca2184-a0ce-46e6-9565-ef4533baf358,ff874ef0-3725-4623-bbc0-18f179de1637,1.633
8,3,69ca2184-a0ce-46e6-9565-ef4533baf358,c00f6606-5b0e-4db7-b429-cfd57224e60f,1.879
8,3,69ca2184-a0ce-46e6-9565-ef4533baf358,c32bfa0a-5214-4c8a-be2d-67878d493429,1.717
8,3,69ca2184-a0ce-46e6-9565-ef4533baf358,c662816f-f6b6-45e1-94f9-807bc477aa2c,2.11
8,3,69ca2184-a0ce-46e6-9565-ef4533baf358,cc812e57-5b44-43a8-99b3-4b61d42cb80c,3.095
8,3,69ca2184-a0ce-46e6-9565-ef4533baf358,cf87b94f-e53c-473d-b462-a2e4b3f40130,2.353
8,3,69ca2184-a0ce-46e6-9565-ef4533baf358,d401bd4b-30a4-4e68-b6d6-096ef80eb350,3.816
8,3,69ca2184-a0ce-46e6-9565-ef4533baf358,dbe0b289-821f-4c16-b2c5-40ac63a16293,2.121
8,3,69ca2184-a0ce-46e6-9565-ef4533baf358,de1ecb38-b6ad-48bb-9357-30dc48b9b5cf,1.471
8,3,69ca2184-a0ce-46e6-9565-ef4533baf358,df73aaf3-4314-4e52-83e4-260cd1865f66,1.274
8,3,69ca2184-a0ce-46e6-9565-ef4533baf358,e2a8db1b-5ad2-4b7c-8f7e-a7075f0154c6,1.138
8,3,69ca2184-a0ce-46e6-9565-ef4533baf358,e876430c-8864-45ea-b68f-36c856d761f9,1.453
8,3,69ca2184-a0ce-46e6-9565-ef4533baf358,e981a7a2-d525-4228-a087-68dbcb7e6f2f,1.116
8,3,69ca2184-a0ce-46e6-9565-ef4533baf358,ea86d23e-134f-4840-9efb-2465cfdcf128,1.25
8,3,69ca2184-a0ce-46e6-9565-ef4533baf358,edf0fc1b-81e7-43c0-818b-7777921fea40,1.108
8,3,69ca2184-a0ce-46e6-9565-ef4533baf358,f1157730-6583-4b49-b9eb-617b3e58b44e,1.447
8,3,69ca2184-a0ce-46e6-9565-ef4533baf358,f33c6580-65d4-438c-a440-be21f304e19e,1.232
8,3,69ca2184-a0ce-46e6-9565-ef4533baf358,f759d19d-3bb6-4bea-ab44-beabb8d79938,1.539
8,3,69ca2184-a0ce-46e6-9565-ef4533baf358,fbafceb4-ed6a-4d96-862b-cd2a44f734d3,1.621
8,3,69ca2184-a0ce-46e6-9565-ef4533baf358,0296ad68-0e93-44df-8228-de022535d3ed,1.618
8,3,69ca2184-a0ce-46e6-9565-ef4533baf358,07be58a8-dd13-46fa-9a75-878d13fd45cd,2.566
8,3,69ca2184-a0ce-46e6-9565-ef4533baf358,0c05b6af-d3d2-4387-9e9b-e4a2f58b9cee,1.7
8,3,69ca2184-a0ce-46e6-9565-ef4533baf358,1253acd2-e5de-4655-a22a-5b626a71e091,1.567
8,3,69ca2184-a0ce-46e6-9565-ef4533baf358,14a25b1a-1a80-4508-b961-e40036cf399d,1.591
8,3,69ca2184-a0ce-46e6-9565-ef4533baf358,19453f88-ee22-48bc-ac1d-053ae717908c,1.678
8,3,69ca2184-a0ce-46e6-9565-ef4533baf358,1dddff0d-3978-4729-b41e-0221bf1dcbed,1.631
8,3,69ca2184-a0ce-46e6-9565-ef4533baf358,21a08772-7b85-412c-a711-f752b84dd2f8,2.12
8,3,69ca2184-a0ce-46e6-9565-ef4533baf358,25d7401c-342d-4195-bc47-4b3e49d37b7a,1.886
8,3,69ca2184-a0ce-46e6-9565-ef4533baf358,283c75c7-09bc-446a-8d71-48b389ad4e32,2.007
8,3,69ca2184-a0ce-46e6-9565-ef4533baf358,2da84788-1068-4968-b5bb-e274988ddb98,2.55
8,3,69ca2184-a0ce-46e6-9565-ef4533baf358,3270d7c6-a13a-4e69-8a25-d02640f26b42,2.919
8,3,69ca2184-a0ce-46e6-9565-ef4533baf358,32df3acb-7386-463e-ab7b-86302a997b13,2.5
8,3,69ca2184-a0ce-46e6-9565-ef4533baf358,363b8c78-2c16-41ef-8265-72ddb5e87676,3.254
8,3,69ca2184-a0ce-46e6-9565-ef4533baf358,387440be-e61e-4ece-8163-a03734bda95f,2.305
8,3,69ca2184-a0ce-46e6-9565-ef4533baf358,3d4c4b05-89a2-4827-b6f3-f8cd22813bb5,1.745
8,3,69ca2184-a0ce-46e6-9565-ef4533baf358,40f45da1-6e94-407e-ac86-09aad5e73b6a,1.89
8,3,69ca2184-a0ce-46e6-9565-ef4533baf358,435e9987-7550-4a74-8678-668280bb34f8,1.695
8,3,69ca2184-a0ce-46e6-9565-ef4533baf358,47b77480-26f2-4966-8b2b-64e442a2b22a,1.782
8,3,69ca2184-a0ce-46e6-9565-ef4533baf358,4a27c088-3d65-4990-80e5-4389213e7b4e,2.12
8,3,69ca2184-a0ce-46e6-9565-ef4533baf358,03e31547-6af5-4adc-9308-55e77681df9e,1.901
8,3,69ca2184-a0ce-46e6-9565-ef4533baf358,0931c259-48e8-4c8a-ac42-09199accbc19,2.007
8,3,69ca2184-a0ce-46e6-9565-ef4533baf358,0dfbd79a-cb8a-41dc-8c1a-eb606e9c7e04,1.899
8,3,69ca2184-a0ce-46e6-9565-ef4533baf358,129d5c37-70f6-4ccc-ade0-e2d836b84f81,1.483
8,3,69ca2184-a0ce-46e6-9565-ef4533baf358,1437ce10-7de6-4ee0-aa2f-6560da04fc98,1.481
8,3,69ca2184-a0ce-46e6-9565-ef4533baf358,00c590f3-4843-4fa9-b156-c91ddc2d49e6,1.708
8,3,69ca2184-a0ce-46e6-9565-ef4533baf358,00de8a15-7a27-4bfc-8aa1-8fb66643bcd0,1.519
8,3,69ca2184-a0ce-46e6-9565-ef4533baf358,00e99601-6d8d-4b83-8c21-884a65ba42d2,1.746
8,3,69ca2184-a0ce-46e6-9565-ef4533baf358,0133dcc0-000c-44da-8d18-6ff862f33fa5,1.543
8,3,69ca2184-a0ce-46e6-9565-ef4533baf358,19038eab-c24d-4d43-b76d-ade2f80ad209,1.624
8,3,69ca2184-a0ce-46e6-9565-ef4533baf358,01a8337a-b36f-421d-b4d9-7fd31c1bfb47,1.553
8,3,69ca2184-a0ce-46e6-9565-ef4533baf358,01d677ee-df7a-4019-82b4-a638e3f6a19c,1.943
8,3,69ca2184-a0ce-46e6-9565-ef4533baf358,020d58d9-58f1-4c2b-aa84-5f6d79185061,2.331
8,3,69ca2184-a0ce-46e6-9565-ef4533baf358,0266b772-d212-4a0f-8870-0a4795fb72c1,2.509
8,3,69ca2184-a0ce-46e6-9565-ef4533baf358,1dbf65ed-f126-4e37-aa91-0d14c24f4ae2,1.569
8,3,69ca2184-a0ce-46e6-9565-ef4533baf358,04df13af-260c-4e8e-9f3e-170a7c40c814,2.354
8,3,69ca2184-a0ce-46e6-9565-ef4533baf358,0becb351-acf6-4954-9cbc-25e3a12edbc4,1.828
8,3,69ca2184-a0ce-46e6-9565-ef4533baf358,208b0cdd-5a41-4b7e-8832-be5886745f05,1.844
8,3,69ca2184-a0ce-46e6-9565-ef4533baf358,247079a8-d033-4836-8f42-24a0979bee6b,2.22
8,3,69ca2184-a0ce-46e6-9565-ef4533baf358,28262f44-644e-4b38-b03d-f1101cd2fafe,2.02
8,3,69ca2184-a0ce-46e6-9565-ef4533baf358,2ae8c466-8c59-4cb7-bcac-637df3c2f227,2.376
8,3,69ca2184-a0ce-46e6-9565-ef4533baf358,122adcbe-48bd-44bd-a8f2-5651442e943d,1.707
8,3,69ca2184-a0ce-46e6-9565-ef4533baf358,302c17b5-2912-4150-b022-106840959cd1,2.64
8,3,69ca2184-a0ce-46e6-9565-ef4533baf358,13443728-2dca-41fc-ba43-47ddbe2d9e51,1.424
8,3,69ca2184-a0ce-46e6-9565-ef4533baf358,189adad8-5407-4a25-935e-15b5fd4d3efe,1.59
8,3,69ca2184-a0ce-46e6-9565-ef4533baf358,1d27837c-1af4-4230-b6c1-23a10ac5e951,1.571
8,3,69ca2184-a0ce-46e6-9565-ef4533baf358,1f58e8c6-cfb2-4c6a-8f65-192db6742e34,1.941
8,3,69ca2184-a0ce-46e6-9565-ef4533baf358,270ddd31-af7e-40a7-842e-4d45579328f9,2.272
8,3,69ca2184-a0ce-46e6-9565-ef4533baf358,292c7318-7cd4-4031-b717-be8e09d2b475,2.205
8,3,69ca2184-a0ce-46e6-9565-ef4533baf358,2dd38933-e702-4760-8561-0bff2bdae2b9,2.762
8,3,69ca2184-a0ce-46e6-9565-ef4533baf358,2f99e4a1-108e-4c21-b87c-50db35008f48,2.732
8,3,69ca2184-a0ce-46e6-9565-ef4533baf358,341c602e-ada8-40c6-a276-a92b34737c24,2.302
8,3,69ca2184-a0ce-46e6-9565-ef4533baf358,4be31976-fd68-4dc7-9db1-99d2b088c552,2.318
8,3,69ca2184-a0ce-46e6-9565-ef4533baf358,351f5624-989f-42a3-bea9-2154c2a97b9c,4.103
8,3,69ca2184-a0ce-46e6-9565-ef4533baf358,376356aa-7a4c-436a-9f0d-d907daaed805,3.043
8,3,69ca2184-a0ce-46e6-9565-ef4533baf358,3630867e-b0d0-4534-8fd4-bc014aae7466,3.355
8,3,69ca2184-a0ce-46e6-9565-ef4533baf358,5097a109-5c3b-4a9a-b431-53ace47be3d4,2.688
8,3,69ca2184-a0ce-46e6-9565-ef4533baf358,52dbeb3b-96b3-44dc-8975-3cc26b476ab7,4.397
8,3,69ca2184-a0ce-46e6-9565-ef4533baf358,39752033-4e44-41ce-bf99-5dba1036112a,2.273
8,3,69ca2184-a0ce-46e6-9565-ef4533baf358,55e693fd-20b5-4c70-a76f-5a214f504211,3.186
8,3,69ca2184-a0ce-46e6-9565-ef4533baf358,3b79017b-e908-4eff-947a-bab0ca3bb57d,1.693
8,3,69ca2184-a0ce-46e6-9565-ef4533baf358,3c605e42-2662-4638-a640-2338300e60de,1.78
8,3,69ca2184-a0ce-46e6-9565-ef4533baf358,58a4b3d8-a0f0-4599-ba87-2a7de7b32e64,2.303
8,3,69ca2184-a0ce-46e6-9565-ef4533baf358,5af3ee4b-6596-4255-bcd9-c7d0abc45830,1.56
8,3,69ca2184-a0ce-46e6-9565-ef4533baf358,40309803-6a58-49ff-9ad5-b4257f28b801,1.54
8,3,69ca2184-a0ce-46e6-9565-ef4533baf358,5ee2fbfe-c61c-4cce-a113-68d657eedf0e,1.838
8,3,69ca2184-a0ce-46e6-9565-ef4533baf358,403e9f03-578b-40bc-81cd-593872fcc636,1.938
8,3,69ca2184-a0ce-46e6-9565-ef4533baf358,614ff789-90b1-4c0b-9ba8-34cf225f77f9,2.021
8,3,69ca2184-a0ce-46e6-9565-ef4533baf358,4270f9fc-c68c-43d0-bca2-aa0d19c2d84e,1.885
8,3,69ca2184-a0ce-46e6-9565-ef4533baf358,4723b12d-1eb2-49ed-b536-07f167185918,1.653
8,3,69ca2184-a0ce-46e6-9565-ef4533baf358,49a141bf-37f6-418d-b232-8052b5784823,1.9
8,3,69ca2184-a0ce-46e6-9565-ef4533baf358,4a9a983f-d785-48ab-87e5-7c3ac1ef429a,2.011
8,3,69ca2184-a0ce-46e6-9565-ef4533baf358,664e1e37-eeb7-4164-85ab-6b70217da3b0,1.362
8,3,69ca2184-a0ce-46e6-9565-ef4533baf358,6fc1abe2-5a88-42b4-b2e6-6201197c2430,1.437
8,3,69ca2184-a0ce-46e6-9565-ef4533baf358,711a873b-e978-4445-9add-65d4758302a4,1.638
8,3,69ca2184-a0ce-46e6-9565-ef4533baf358,75d7da41-2e77-4664-aa19-ad16c51e39b1,1.623
8,3,69ca2184-a0ce-46e6-9565-ef4533baf358,46bb69a2-da3b-4294-ac6a-0dc00ccabe75,1.896
8,3,69ca2184-a0ce-46e6-9565-ef4533baf358,4c2f22cc-f832-4d85-ba3e-1be51b122782,2.329
8,3,69ca2184-a0ce-46e6-9565-ef4533baf358,5071d822-bdbf-4b43-86d7-a65f45138fdb,2.606
8,3,69ca2184-a0ce-46e6-9565-ef4533baf358,534d31d6-32e5-4578-b448-da8e9cd43866,2.815
8,3,69ca2184-a0ce-46e6-9565-ef4533baf358,47271d2d-f865-40d0-a9db-790b912e524f,1.74
8,3,69ca2184-a0ce-46e6-9565-ef4533baf358,49a2d010-0f3e-4cc1-a804-86cbbf9dd867,1.923
8,3,69ca2184-a0ce-46e6-9565-ef4533baf358,4b3f18c5-40a3-4683-a3bb-379f395a2dc2,2.0
8,3,69ca2184-a0ce-46e6-9565-ef4533baf358,7711756c-7311-463c-9302-593ad096d56f,1.779
8,3,69ca2184-a0ce-46e6-9565-ef4533baf358,796b5b37-c6cb-4d08-9ad7-09cc2783d0e5,1.999
8,3,69ca2184-a0ce-46e6-9565-ef4533baf358,7b641569-029c-4574-b22a-275f77123055,2.362
8,3,69ca2184-a0ce-46e6-9565-ef4533baf358,4e6d60b6-58ec-4c08-8ae8-96b67dcf99b1,2.561
8,3,69ca2184-a0ce-46e6-9565-ef4533baf358,7e6b3b72-4257-422d-a872-08912afb7d35,2.61
8,3,69ca2184-a0ce-46e6-9565-ef4533baf358,8400dd56-2cac-442f-a709-3747850ae99c,3.721
8,3,69ca2184-a0ce-46e6-9565-ef4533baf358,88a744f0-4139-4813-854a-0030e058f234,2.471
8,3,69ca2184-a0ce-46e6-9565-ef4533baf358,529a48a3-560f-4142-954a-04e6677b6217,3.584
8,3,69ca2184-a0ce-46e6-9565-ef4533baf358,8dc26f0f-9de2-4bf6-b338-a2d1a6b533ea,2.514
8,3,69ca2184-a0ce-46e6-9565-ef4533baf358,56fac9ce-d6cb-41c1-a6cf-e3c8e7a6dc27,2.853
8,3,69ca2184-a0ce-46e6-9565-ef4533baf358,91d7cd56-5b3e-42de-aace-925262c7b79b,1.292
8,3,69ca2184-a0ce-46e6-9565-ef4533baf358,58d80b73-39d0-4745-a839-d028ab915c99,1.945
8,3,69ca2184-a0ce-46e6-9565-ef4533baf358,948186a7-5992-47b8-a3f7-9fb7afafcbd2,1.564
8,3,69ca2184-a0ce-46e6-9565-ef4533baf358,550df035-3052-4dd0-a39a-fee9dfae496b,3.177
8,3,69ca2184-a0ce-46e6-9565-ef4533baf358,58531133-d13b-4576-bc75-b48e3e2d4ad0,2.28
8,3,69ca2184-a0ce-46e6-9565-ef4533baf358,5bec2823-2100-4619-af56-bc1baef21cba,1.592
8,3,69ca2184-a0ce-46e6-9565-ef4533baf358,9599db0c-73f9-40d2-9c21-4ec8955d7443,1.294
8,3,69ca2184-a0ce-46e6-9565-ef4533baf358,5c4a35e8-3fdf-41ec-bf3e-7e52f914c4a6,1.505
8,3,69ca2184-a0ce-46e6-9565-ef4533baf358,976abac8-ef69-404a-bdc2-194cd2d6371d,1.305
8,3,69ca2184-a0ce-46e6-9565-ef4533baf358,60ee0a9a-c219-483b-bb6f-635b1ee88699,1.859
8,3,69ca2184-a0ce-46e6-9565-ef4533baf358,6204daf3-3759-4139-88a6-c480b00416d5,1.664
8,3,69ca2184-a0ce-46e6-9565-ef4533baf358,68a66bda-411c-4e48-aa9a-3e2c8a61e21c,1.393
8,3,69ca2184-a0ce-46e6-9565-ef4533baf358,5d446a7a-1d10-49a5-a6b2-c044ea5fefb5,1.613
8,3,69ca2184-a0ce-46e6-9565-ef4533baf358,61a26357-6ab7-49bc-9cb8-b7a5cec7389f,2.036
8,3,69ca2184-a0ce-46e6-9565-ef4533baf358,658dab96-f75c-4e5f-9888-bc3956bd477e,1.407
8,3,69ca2184-a0ce-46e6-9565-ef4533baf358,6e96bd76-34c2-4d4d-9c9b-a427df79249b,1.414
8,3,69ca2184-a0ce-46e6-9565-ef4533baf358,72931e3d-0a2a-4bed-bfac-6e7e54775e72,1.44
8,3,69ca2184-a0ce-46e6-9565-ef4533baf358,996eedb2-b1ad-4e4e-9ed8-24f026da80d5,1.594
8,3,69ca2184-a0ce-46e6-9565-ef4533baf358,73d2d166-f312-453d-89f2-bccc3a65eb6c,1.719
8,3,69ca2184-a0ce-46e6-9565-ef4533baf358,7675db75-9c3d-4680-a3be-c1e8897cb536,1.858
8,3,69ca2184-a0ce-46e6-9565-ef4533baf358,9db0cd10-e459-4074-a4be-274e4d9374ec,1.758
8,3,69ca2184-a0ce-46e6-9565-ef4533baf358,7844f20d-a276-4a03-8a6e-dbdacf2b4d19,2.49
8,3,69ca2184-a0ce-46e6-9565-ef4533baf358,9f704d7f-e4e8-4eac-8291-f8880435ec75,1.763
8,3,69ca2184-a0ce-46e6-9565-ef4533baf358,a2e5e924-860e-4a0c-b225-e8a5c935a437,2.204
8,3,69ca2184-a0ce-46e6-9565-ef4533baf358,7addf6ad-e2e3-453a-b4b9-eaad38602d3e,2.32
8,3,69ca2184-a0ce-46e6-9565-ef4533baf358,6c191f21-8c64-45ea-946d-459723ae2be7,1.337
8,3,69ca2184-a0ce-46e6-9565-ef4533baf358,7d789a36-e045-451e-bb36-8233f74820aa,3.009
8,3,69ca2184-a0ce-46e6-9565-ef4533baf358,84e3f78a-3a62-4696-a0cd-fd15b77a4165,3.306
8,3,69ca2184-a0ce-46e6-9565-ef4533baf358,886a691d-3a00-4450-a16a-22b049a2138e,1.891
8,3,69ca2184-a0ce-46e6-9565-ef4533baf358,8beac88f-b3c4-4e04-a0c2-e003c4a8b319,4.168
8,3,69ca2184-a0ce-46e6-9565-ef4533baf358,a4c84d9e-86eb-4c67-b6df-9a4794230fb2,2.008
8,3,69ca2184-a0ce-46e6-9565-ef4533baf358,8dd99aa4-6172-47ff-a23f-67a97f7232f4,1.904
8,3,69ca2184-a0ce-46e6-9565-ef4533baf358,91d87c3a-5f72-416b-954f-75766340a615,1.623
8,3,69ca2184-a0ce-46e6-9565-ef4533baf358,6feb25e4-a45f-42b8-bafa-3947decfc8b0,1.624
8,3,69ca2184-a0ce-46e6-9565-ef4533baf358,74c7b973-14be-4d50-8a93-056e0eb6075b,1.671
8,3,69ca2184-a0ce-46e6-9565-ef4533baf358,774c646c-8d2d-4ff3-97dc-4e679d14e7b1,2.288
8,3,69ca2184-a0ce-46e6-9565-ef4533baf358,781d8655-1012-4490-83b0-cf746700c91d,2.554
8,3,69ca2184-a0ce-46e6-9565-ef4533baf358,a82d2a40-137e-4356-8767-bd90f2217b1b,2.31
8,3,69ca2184-a0ce-46e6-9565-ef4533baf358,ac5d967f-0969-4530-a5d3-dda54be2e6c3,4.668
8,3,69ca2184-a0ce-46e6-9565-ef4533baf358,7a15da14-4d04-4645-bd9c-ec4edcd0bffd,2.324
8,3,69ca2184-a0ce-46e6-9565-ef4533baf358,7c7d3562-e805-41e9-95db-4b9e974da00b,3.608
8,3,69ca2184-a0ce-46e6-9565-ef4533baf358,adb17893-83c0-4094-a031-673af59dcc95,3.397
8,3,69ca2184-a0ce-46e6-9565-ef4533baf358,aec03e33-1124-4d8f-bf4d-1d735982aa69,3.529
8,3,69ca2184-a0ce-46e6-9565-ef4533baf358,b065145f-779a-4413-b388-3b464fb44516,1.874
8,3,69ca2184-a0ce-46e6-9565-ef4533baf358,b58c0096-1f1b-4d13-aef4-e02ccd20eee5,1.685
8,3,69ca2184-a0ce-46e6-9565-ef4533baf358,b8da4de8-8fa0-498b-bfe7-9c8a28bf2644,1.601
8,3,69ca2184-a0ce-46e6-9565-ef4533baf358,be7d5fde-7d60-450d-8d0c-1a714a4f6f48,1.672
8,3,69ca2184-a0ce-46e6-9565-ef4533baf358,bfd00171-a24c-48a5-84cd-f1968c937827,1.79
8,3,69ca2184-a0ce-46e6-9565-ef4533baf358,c3fd2975-c64d-4923-aa5b-80000ae7d991,1.804
8,3,69ca2184-a0ce-46e6-9565-ef4533baf358,c894464c-6044-4f38-a6e7-bef8ddd98843,2.528
8,3,69ca2184-a0ce-46e6-9565-ef4533baf358,80438fdb-da5a-4331-bd9f-bb30aa9b8cf7,4.084
8,3,69ca2184-a0ce-46e6-9565-ef4533baf358,cc8243dc-1f5b-46c8-98f6-e44bd0f952dc,3.245
8,3,69ca2184-a0ce-46e6-9565-ef4533baf358,86b87a51-3f49-49e6-b647-b8e98646aade,4.356
8,3,69ca2184-a0ce-46e6-9565-ef4533baf358,8c6677be-45d2-4c82-bb05-02ff637c02d7,4.538
8,3,69ca2184-a0ce-46e6-9565-ef4533baf358,cf975b51-3eb9-4b8f-bc48-1ad60beee525,2.322
8,3,69ca2184-a0ce-46e6-9565-ef4533baf358,8f2d460a-3686-4c53-8b54-deec89989638,1.683
8,3,69ca2184-a0ce-46e6-9565-ef4533baf358,928046c6-c270-4f86-8098-9ae705008097,2.023
8,3,69ca2184-a0ce-46e6-9565-ef4533baf358,94df86a3-6b52-43a4-b7ba-929fc46f637f,1.451
8,3,69ca2184-a0ce-46e6-9565-ef4533baf358,973c4f4e-be9a-44f1-9e65-cc057990926e,1.404
8,3,69ca2184-a0ce-46e6-9565-ef4533baf358,995c6b15-ab35-4c3c-b4e4-c2013f6f7523,1.672
8,3,69ca2184-a0ce-46e6-9565-ef4533baf358,9c0d1a0a-b1c1-4e95-85fa-578d0012e13c,2.007
8,3,69ca2184-a0ce-46e6-9565-ef4533baf358,9f8e4601-65e6-47d2-96cb-3bc8ae01144d,1.975
8,3,69ca2184-a0ce-46e6-9565-ef4533baf358,a2757c59-1011-403e-9642-d35f65dcde58,2.249
8,3,69ca2184-a0ce-46e6-9565-ef4533baf358,9538e4c9-b957-4ba6-ac78-3794032fb3f2,1.557
8,3,69ca2184-a0ce-46e6-9565-ef4533baf358,d3bdde17-b6cd-4707-8685-03b468dd32db,3.894
8,3,69ca2184-a0ce-46e6-9565-ef4533baf358,dc10d4dc-1dc2-47ca-8ada-1d8ee2d23901,2.195
8,3,69ca2184-a0ce-46e6-9565-ef4533baf358,a7143696-6b11-4d38-ab4d-916f4f9f74d6,3.209
8,3,69ca2184-a0ce-46e6-9565-ef4533baf358,aaeb1104-b24d-46af-a98a-f50cf067df52,2.49
8,3,69ca2184-a0ce-46e6-9565-ef4533baf358,dc9d6968-9044-4735-ac06-e91588582fba,1.642
8,3,69ca2184-a0ce-46e6-9565-ef4533baf358,ad19f6ac-e802-40d0-ba01-658cd57bf655,4.541
8,3,69ca2184-a0ce-46e6-9565-ef4533baf358,e1aa1bcb-9d7b-43a4-94b7-4ad1e4a01b2e,1.214
8,3,69ca2184-a0ce-46e6-9565-ef4533baf358,add2c25f-8fbc-434a-a39d-7795db83064d,4.663
8,3,69ca2184-a0ce-46e6-9565-ef4533baf358,97c42713-0140-4050-92da-f0d2690a1251,1.433
8,3,69ca2184-a0ce-46e6-9565-ef4533baf358,9bde5b6b-b96e-42bb-b705-ef7cd2b7add7,1.592
8,3,69ca2184-a0ce-46e6-9565-ef4533baf358,aefa2a98-311c-4315-9c43-818cc448bc66,2.437
8,3,69ca2184-a0ce-46e6-9565-ef4533baf358,e48b8395-4472-4537-b313-ee23a36592b8,1.243
8,3,69ca2184-a0ce-46e6-9565-ef4533baf358,9ec99084-1791-4309-b955-92591cfade1a,1.676
8,3,69ca2184-a0ce-46e6-9565-ef4533baf358,b1e34d51-661b-458e-9965-2c548043777d,1.814
8,3,69ca2184-a0ce-46e6-9565-ef4533baf358,e78dc093-60a5-45e0-9ad4-8beebf882481,1.15
8,3,69ca2184-a0ce-46e6-9565-ef4533baf358,e884ccd3-44dc-42b6-8f89-d6ad3bdb19da,0.957
8,3,69ca2184-a0ce-46e6-9565-ef4533baf358,eb185701-a4f2-4765-b6d1-84122ce27dc8,1.225
8,3,69ca2184-a0ce-46e6-9565-ef4533baf358,ee2db63b-5f2c-4473-a845-666301760edf,1.022
8,3,69ca2184-a0ce-46e6-9565-ef4533baf358,b505378c-66ac-401c-81ae-0bab33de58a4,1.66
8,3,69ca2184-a0ce-46e6-9565-ef4533baf358,f3058e6c-58e6-484a-b7ab-22f8c4aaed62,1.36
8,3,69ca2184-a0ce-46e6-9565-ef4533baf358,f62741d4-5a9e-4ffd-83cb-5e8e995c7b6b,1.229
8,3,69ca2184-a0ce-46e6-9565-ef4533baf358,f810cabe-5967-4a28-bab1-f7be16e50197,1.336
8,3,69ca2184-a0ce-46e6-9565-ef4533baf358,9fa9c831-53e4-4a99-944e-bc10730df05a,1.748
8,3,69ca2184-a0ce-46e6-9565-ef4533baf358,a2434ccb-7cd9-4e7f-9c61-0fef2f58eaae,1.958
8,3,69ca2184-a0ce-46e6-9565-ef4533baf358,b79b5a3f-384d-4946-b86f-4fb467b47722,1.64
8,3,69ca2184-a0ce-46e6-9565-ef4533baf358,fd639954-dc29-44be-b8cd-66c913152266,1.576
8,3,69ca2184-a0ce-46e6-9565-ef4533baf358,bc76f3da-6bd3-436b-848d-e87dacf52b84,1.484
8,3,69ca2184-a0ce-46e6-9565-ef4533baf358,bf0ce22c-65f8-4ace-a540-356d6cfee080,1.477
8,3,69ca2184-a0ce-46e6-9565-ef4533baf358,a64a9318-6335-4afb-8dcf-8c57c06607f7,2.56
8,3,69ca2184-a0ce-46e6-9565-ef4533baf358,a91e262a-3b64-4e15-b507-a6586866274c,2.389
8,3,69ca2184-a0ce-46e6-9565-ef4533baf358,ad2936a3-05ff-4ebe-98b7-73691eaa6ce4,4.599
8,3,69ca2184-a0ce-46e6-9565-ef4533baf358,ad5e48d1-0ecf-47a8-8082-527d5ad8bbc7,3.223
8,3,69ca2184-a0ce-46e6-9565-ef4533baf358,aed686c3-739d-45a8-b0ea-facb123d640d,3.96
8,3,69ca2184-a0ce-46e6-9565-ef4533baf358,b0e38d29-c2cd-4248-97a7-9e14fd681b92,1.886
8,3,69ca2184-a0ce-46e6-9565-ef4533baf358,c43ed542-2fc8-4676-b7bd-5801b8b308c8,1.777
8,3,69ca2184-a0ce-46e6-9565-ef4533baf358,c7b19148-6b90-4102-8c0d-2848cd3bf2c7,2.252
8,3,69ca2184-a0ce-46e6-9565-ef4533baf358,b532033b-d72e-4fd6-b879-eda452979f43,1.822
8,3,69ca2184-a0ce-46e6-9565-ef4533baf358,b79b40c2-cdf8-4218-b2ba-ebe558138a47,1.681
8,3,69ca2184-a0ce-46e6-9565-ef4533baf358,bb1f6c47-2a30-47ff-b192-709ba4300dc3,1.425
8,3,69ca2184-a0ce-46e6-9565-ef4533baf358,bebbb7f2-c583-446e-970d-21a6de41f3e8,1.486
8,3,69ca2184-a0ce-46e6-9565-ef4533baf358,ccacc8d9-16e2-48a9-aa65-218751504a0a,3.181
8,3,69ca2184-a0ce-46e6-9565-ef4533baf358,cd7bd364-a65e-4e6f-9cdf-26c40da217db,3.022
8,3,69ca2184-a0ce-46e6-9565-ef4533baf358,c54d4dd9-8150-46bb-8ee4-08fc605c0bed,1.999
8,3,69ca2184-a0ce-46e6-9565-ef4533baf358,c8ea5910-0ebb-498e-996b-e684c15125a4,2.174
8,3,69ca2184-a0ce-46e6-9565-ef4533baf358,cba3ffba-d323-4976-81fd-5415a2d56149,2.463
8,3,69ca2184-a0ce-46e6-9565-ef4533baf358,d05e32cf-a4bb-43f5-accb-d9ade9fc0644,2.131
8,3,69ca2184-a0ce-46e6-9565-ef4533baf358,d67f2669-cbbb-47d3-ac67-6ffb5fea5edb,4.524
8,3,69ca2184-a0ce-46e6-9565-ef4533baf358,d53cd767-9816-45a4-afd0-07ed6ab3ce67,4.778
8,3,69ca2184-a0ce-46e6-9565-ef4533baf358,dbc40650-cec7-4710-a876-e463fb0d3cbd,2.146
8,3,69ca2184-a0ce-46e6-9565-ef4533baf358,dd0f6a77-4134-4e38-b079-1339926d2127,1.517
8,3,69ca2184-a0ce-46e6-9565-ef4533baf358,e00a1885-a9d6-4f73-a1f4-e4b1f1c34744,1.209
8,3,69ca2184-a0ce-46e6-9565-ef4533baf358,e5daa7a2-d13d-48f1-9167-8b9c9c3300ca,0.975
8,3,69ca2184-a0ce-46e6-9565-ef4533baf358,e8004632-5146-4ee1-a2c3-39302f59d293,1.273
8,3,69ca2184-a0ce-46e6-9565-ef4533baf358,e888bd66-b180-4a43-bda7-e5a0fe015bfd,0.906
8,3,69ca2184-a0ce-46e6-9565-ef4533baf358,ea5cf9ad-dac0-4fb3-b591-b2c0b3f35fae,1.262
8,3,69ca2184-a0ce-46e6-9565-ef4533baf358,ee90f8ba-305c-4c08-b7ac-7ad02d53a3f0,1.008
8,3,69ca2184-a0ce-46e6-9565-ef4533baf358,f2ca1afc-46c8-46e6-a9aa-565b4e72da38,1.477
8,3,69ca2184-a0ce-46e6-9565-ef4533baf358,d75f0f00-0ee1-4c93-90c8-20e5d42a43db,1.533
8,3,69ca2184-a0ce-46e6-9565-ef4533baf358,dc4e5b57-9787-4f23-a125-cd9585757706,1.57
8,3,69ca2184-a0ce-46e6-9565-ef4533baf358,df43765a-8853-48d3-8e36-1695dcffabe0,1.225
8,3,69ca2184-a0ce-46e6-9565-ef4533baf358,e5bfa89c-2cc6-4ccf-a4ec-2603db3074d2,0.98
8,3,69ca2184-a0ce-46e6-9565-ef4533baf358,e79d3f2f-87de-4c5d-815e-ba8039a196d0,1.155
8,3,69ca2184-a0ce-46e6-9565-ef4533baf358,ea0765ee-e0eb-4986-9bf9-761845d1b526,1.124
8,3,69ca2184-a0ce-46e6-9565-ef4533baf358,ecdddfd3-ee5c-45d2-b18a-735e29660767,1.214
8,3,69ca2184-a0ce-46e6-9565-ef4533baf358,ee15ebc3-97ef-499a-94af-face8672af64,1.25
8,3,69ca2184-a0ce-46e6-9565-ef4533baf358,eec62108-e9c8-4826-b6a6-8ee0649789ba,1.027
8,3,69ca2184-a0ce-46e6-9565-ef4533baf358,f5e8a1a7-9c16-4c90-9b5c-81bea3f292b3,1.305
8,3,69ca2184-a0ce-46e6-9565-ef4533baf358,f3576a6f-4fc6-4e27-a3ac-a66626cfc1d7,1.249
8,3,69ca2184-a0ce-46e6-9565-ef4533baf358,f8313b92-b6c8-4bc1-9bca-90b192278dbb,1.353
8,3,69ca2184-a0ce-46e6-9565-ef4533baf358,febd82d1-a436-4794-9fd2-24c1d0a0c601,1.559
8,3,69ca2184-a0ce-46e6-9565-ef4533baf358,f9e2f208-b62a-473f-bbc1-efbfc83d14cd,1.247
8,3,69ca2184-a0ce-46e6-9565-ef4533baf358,fb9ff29e-3a69-4730-96af-b6f078702987,1.51
8,3,69ca2184-a0ce-46e6-9565-ef4533baf358,04383113-088e-4ee7-ab04-ef2098c573e2,2.203
8,3,69ca2184-a0ce-46e6-9565-ef4533baf358,08f6bd3b-bfcf-4e80-8163-7d2541318bd8,1.85
8,3,69ca2184-a0ce-46e6-9565-ef4533baf358,0c232c53-f933-4252-a3a5-bd1d7a8137bf,1.552
8,3,69ca2184-a0ce-46e6-9565-ef4533baf358,12757672-44b8-46d2-9bc8-d2b51c8e1fcd,1.552
8,3,69ca2184-a0ce-46e6-9565-ef4533baf358,1474bb1d-ff6a-46e2-b46e-1e9b1b6a5c4e,1.536
8,3,69ca2184-a0ce-46e6-9565-ef4533baf358,190e9dd6-b341-41c8-8649-c9e7d845c454,1.515
8,3,69ca2184-a0ce-46e6-9565-ef4533baf358,1e700bef-acbc-4970-bf72-00a0ecccb0d1,1.677
8,3,69ca2184-a0ce-46e6-9565-ef4533baf358,20931b77-f258-4623-bc67-95c052d96396,1.904
8,3,69ca2184-a0ce-46e6-9565-ef4533baf358,2411839a-b434-4c3f-8269-5f6b6dff7e41,1.71
8,3,69ca2184-a0ce-46e6-9565-ef4533baf358,276ec404-6b99-4e17-82bd-d4b5732f2e55,2.007
8,3,69ca2184-a0ce-46e6-9565-ef4533baf358,2ae40dd7-b322-4fcc-aef0-6398ad6fea9c,2.458
8,3,69ca2184-a0ce-46e6-9565-ef4533baf358,2e2e9053-6fc1-44b2-9e0e-f0d68a12badc,2.759
8,3,69ca2184-a0ce-46e6-9565-ef4533baf358,34437116-5a6e-4007-9cc2-e493d9745884,3.768
8,3,69ca2184-a0ce-46e6-9565-ef4533baf358,37106159-e909-4a94-8379-b134e68d622c,2.697
8,3,69ca2184-a0ce-46e6-9565-ef4533baf358,3a3f9771-ed25-4110-aa71-4e13552f9a76,1.739
8,3,69ca2184-a0ce-46e6-9565-ef4533baf358,3f19adba-b802-44ab-bd4b-baf6c29d2be0,1.826
8,3,69ca2184-a0ce-46e6-9565-ef4533baf358,418ef241-6a95-4b3a-9a98-a48acdb94966,1.871
8,3,69ca2184-a0ce-46e6-9565-ef4533baf358,46c99b39-0043-4124-8842-3efdddb88246,1.84
8,3,69ca2184-a0ce-46e6-9565-ef4533baf358,4939d652-adea-456f-b355-7a3cb40b244b,2.085
8,3,69ca2184-a0ce-46e6-9565-ef4533baf358,4a6ff486-422e-4c91-b4ae-cd7f3e294b65,2.072
8,3,69ca2184-a0ce-46e6-9565-ef4533baf358,4cc84961-9225-4c31-8e73-8b88c56c83a2,2.393
8,3,69ca2184-a0ce-46e6-9565-ef4533baf358,5180eb6f-1560-480e-99c4-55a8b0acdfc6,2.403
8,3,69ca2184-a0ce-46e6-9565-ef4533baf358,53e66936-5c9f-4c86-9eae-0d36a6add4ba,5.934
8,3,69ca2184-a0ce-46e6-9565-ef4533baf358,579c3205-c8c4-4b94-80d2-2b21f208b8cf,2.578
8,3,69ca2184-a0ce-46e6-9565-ef4533baf358,5a7e870d-58f7-4e20-ace9-aa96cb58e75a,1.959
8,3,69ca2184-a0ce-46e6-9565-ef4533baf358,5c937170-6519-43d2-8820-cb7c418ac66e,1.347
8,3,69ca2184-a0ce-46e6-9565-ef4533baf358,606182ec-7f89-4ab6-99c8-89dd2f3109a1,1.683
8,3,69ca2184-a0ce-46e6-9565-ef4533baf358,639879da-b788-41ba-a733-a9abdeeeb560,1.56
8,3,69ca2184-a0ce-46e6-9565-ef4533baf358,66bb0fd6-7f4c-4b70-be43-aa382406c20c,1.303
8,3,69ca2184-a0ce-46e6-9565-ef4533baf358,6b7d4d8f-e5bb-484b-acdb-9f3464786d6e,1.366
8,3,69ca2184-a0ce-46e6-9565-ef4533baf358,7065532d-c42e-451d-93e4-bef70f526d72,1.623
8,3,69ca2184-a0ce-46e6-9565-ef4533baf358,756ded87-a1ca-4a0c-a082-a0c2ab628610,1.75
8,3,69ca2184-a0ce-46e6-9565-ef4533baf358,771960d3-2ac0-489b-a2d9-569afc511747,1.935
8,3,69ca2184-a0ce-46e6-9565-ef4533baf358,78ded619-3b78-41ed-abed-757610e5c8ab,2.328
8,3,69ca2184-a0ce-46e6-9565-ef4533baf358,7c1d54ef-3635-4a57-bbd2-60d208c648fa,2.625
8,3,69ca2184-a0ce-46e6-9565-ef4533baf358,7dc17b15-6134-4432-92cf-5485347e5783,3.422
8,3,69ca2184-a0ce-46e6-9565-ef4533baf358,84d47a6b-c4bb-4e57-bbb8-a0938229a08b,2.778
8,3,69ca2184-a0ce-46e6-9565-ef4533baf358,87d569c6-0c95-406f-ac43-0ab089e745ad,3.047
8,3,69ca2184-a0ce-46e6-9565-ef4533baf358,8c7d199a-b71b-4498-b970-9fc132be40c8,4.778
8,3,69ca2184-a0ce-46e6-9565-ef4533baf358,8ff395d0-1dbc-4624-8933-f59055ee3f44,1.669
8,3,69ca2184-a0ce-46e6-9565-ef4533baf358,92a1a57f-a638-44eb-ada5-4b890a3c0e3f,1.614
8,3,69ca2184-a0ce-46e6-9565-ef4533baf358,94f3c087-6d40-4b88-b217-b5c04818bf77,1.376
8,3,69ca2184-a0ce-46e6-9565-ef4533baf358,970cc271-289b-46e5-a911-b7d664f82d4f,1.383
8,3,69ca2184-a0ce-46e6-9565-ef4533baf358,99dbf984-3d4e-408e-837c-52db49ab200a,1.478
8,3,69ca2184-a0ce-46e6-9565-ef4533baf358,9c9a00b2-8ac8-46fe-bf25-6b1a61adf1ac,1.79
8,3,69ca2184-a0ce-46e6-9565-ef4533baf358,9f616b8c-fa94-4f7b-99f5-a0186601dd7c,1.816
8,3,69ca2184-a0ce-46e6-9565-ef4533baf358,a1c8050e-d5e8-4980-bfc9-05cc53f7cda4,1.855
8,3,69ca2184-a0ce-46e6-9565-ef4533baf358,a5ef693e-6de6-4764-aad5-76431bfaff7c,2.535
8,3,69ca2184-a0ce-46e6-9565-ef4533baf358,aaab3bd4-df3a-4d8b-b071-a7755629ed44,2.604
8,3,69ca2184-a0ce-46e6-9565-ef4533baf358,ad498e29-da86-491e-9d0f-f5784163db76,3.725
8,3,69ca2184-a0ce-46e6-9565-ef4533baf358,ae4abff0-7e47-4e9d-bdcd-d2443d71a78a,4.116
8,3,69ca2184-a0ce-46e6-9565-ef4533baf358,afded738-2050-477d-996f-6b634a084234,2.876
8,3,69ca2184-a0ce-46e6-9565-ef4533baf358,b5017c26-6db5-45d8-8833-aa45a1df1421,1.748
8,3,69ca2184-a0ce-46e6-9565-ef4533baf358,b5d2754e-2ff6-41d1-a72e-eac4c53c361a,1.632
8,3,69ca2184-a0ce-46e6-9565-ef4533baf358,b91bf2fd-4edc-41e0-bc02-6afb18ad233c,1.412
8,3,69ca2184-a0ce-46e6-9565-ef4533baf358,bc29e4dd-44da-4419-9c9a-46dca907f92e,1.456
8,3,69ca2184-a0ce-46e6-9565-ef4533baf358,bf60e7c7-c6ad-4436-a31c-fbc523bd627f,1.742
8,3,69ca2184-a0ce-46e6-9565-ef4533baf358,c59bc723-d60b-4d66-bc77-803567eea02b,2.011
8,3,69ca2184-a0ce-46e6-9565-ef4533baf358,c7a82bd3-9b82-41a3-bfef-cbbe9b036548,2.328
8,3,69ca2184-a0ce-46e6-9565-ef4533baf358,c9bdae7c-7ed3-4274-8f4f-bac263f08c62,2.476
8,3,69ca2184-a0ce-46e6-9565-ef4533baf358,cce1a12f-616c-4254-be32-795af4416238,2.664
8,3,69ca2184-a0ce-46e6-9565-ef4533baf358,d31f2b0a-0b39-43be-8105-5bbb3a9d42c2,4.582
8,3,69ca2184-a0ce-46e6-9565-ef4533baf358,db651bed-77ea-457e-9148-ae3ec80aa054,2.031
8,3,69ca2184-a0ce-46e6-9565-ef4533baf358,deeb8e6c-f3a9-43fb-adf3-82a86b03da37,1.793
8,3,69ca2184-a0ce-46e6-9565-ef4533baf358,df5932a8-60d1-4a80-9e87-34964dd68de3,0.818
8,3,69ca2184-a0ce-46e6-9565-ef4533baf358,e27514f3-f8f9-4060-b24a-0f6a70391be7,1.238
8,3,69ca2184-a0ce-46e6-9565-ef4533baf358,e67182bb-6529-4121-90b8-18c4f48fd9bc,1.137
8,3,69ca2184-a0ce-46e6-9565-ef4533baf358,e956ee94-deb9-4e45-991f-0c7b818c9338,0.945
8,3,69ca2184-a0ce-46e6-9565-ef4533baf358,edac8a43-a508-45c3-8ee7-347f6ae79ac0,1.233
8,3,69ca2184-a0ce-46e6-9565-ef4533baf358,ee0cb00c-69a5-447e-8c37-5d80c79578e0,1.033
8,3,69ca2184-a0ce-46e6-9565-ef4533baf358,f08b8ab5-805f-4796-a95e-75f35a29f710,1.22
8,3,69ca2184-a0ce-46e6-9565-ef4533baf358,f57ca047-87b9-4469-bfb2-f1cf98007c92,1.642
8,3,69ca2184-a0ce-46e6-9565-ef4533baf358,f9f69c26-c53f-421b-a8e7-e2fdb2146a14,1.27
8,3,69ca2184-a0ce-46e6-9565-ef4533baf358,fa9bda0d-ad83-40cc-8dc7-438d1fd63d49,1.371
